pid,jobs_completed_early,early_feedback_density,mean_gap_min,jobs_started_early,session_len_sum_early,session_len_max_early,jobs_exited_early,credit_mean_early,level_prog_mean_early,session_len_at_completion_mean,campaign_prog_mean,exit_rate_early,retention_7d,retention_14d,retention_30d,early_feedback_density_log
p1,1,0.0166666666666667,,2,3,2,2,97.5,0.448165415,4.9225,0.02631579,1,1,1,1,0.0165293019512106
p10,1,0.0166666666666667,,2,17,14,1,60,0,13,0.02631579,0.5,1,1,0,0.0165293019512106
p100,0,0,,1,1,1,0,,,,,0,0,0,0,0
p1000,1,0.0166666666666667,,1,1,1,1,150,1,7,0.02631579,1,0,0,0,0.0165293019512106
p10000,1,0.0166666666666667,,2,6,5,2,157.5,0.262804,5,0.02631579,1,1,0,0,0.0165293019512106
p10001,1,0.0166666666666667,,2,13,12,1,110,0,11,0.02631579,0.5,0,0,0,0.0165293019512106
p10002,2,0.0333333333333333,7.71666666666667,3,32,19,2,90,0,15,0.013157895,0.666666666666667,1,0,0,0.0327898228229909
p10003,0,0,,1,3,3,0,,,,,0,1,1,1,0
p10004,1,0.0166666666666667,,2,9,8,2,316.5,0.442830235,7,0.02631579,1,1,1,1,0.0165293019512106
p10007,3,0.05,24.1416666666667,4,86,59,3,310,0,27.3333333333333,0.03508772,0.75,1,1,1,0.048790164169432
p10008,2,0.0333333333333333,43.9166666666667,2,7,6,2,375,0.5,28,0.039473685,1,1,1,1,0.0327898228229909
p1001,2,0.0333333333333333,51.4333333333333,2,9,8,2,325,0.5,33,0.039473685,1,1,1,1,0.0327898228229909
p10010,0,0,,1,1,1,1,35,0.98749787,,,1,1,1,1,0
p10011,3,0.05,19.4333333333333,4,92,44,3,475,0,30,0.0526315783333333,0.75,1,0,0,0.048790164169432
p10012,1,0.0166666666666667,,2,15,12,2,182.078125,0.22470059,10,0.02631579,1,1,1,0,0.0165293019512106
p10013,3,0.05,24.45,4,124,57,3,475,0,40,0.0526315783333333,0.75,1,1,0,0.048790164169432
p10014,1,0.0166666666666667,,2,8,8,2,127,0.00372742675,8,0.02631579,1,1,1,1,0.0165293019512106
p10015,3,0.05,17.7,4,60,40,5,432.4,0.124279988,20,0.0526315783333333,1.25,1,1,1,0.048790164169432
p10016,2,0.0333333333333333,50.6833333333333,2,7,7,2,375,0.5,31.5,0.039473685,1,1,1,1,0.0327898228229909
p10018,1,0.0166666666666667,,2,9,8,1,150,0,8,0.02631579,0.5,1,0,0,0.0165293019512106
p10019,1,0.0166666666666667,,2,44,25,1,150,0,24,0.02631579,0.5,1,1,1,0.0165293019512106
p1002,1,0.0166666666666667,,1,1,1,1,150,1,10,0.02631579,1,0,0,0,0.0165293019512106
p10020,1,0.0166666666666667,,2,10,9,2,235,0.18243909,8,0.02631579,1,1,1,1,0.0165293019512106
p10021,1,0.0166666666666667,,2,22,19,1,60,0,17,0.02631579,0.5,1,1,1,0.0165293019512106
p10022,1,0.0166666666666667,,2,21,15,1,150,0,15,0.02631579,0.5,0,0,0,0.0165293019512106
p10023,3,0.05,22.0916666666667,4,107,51,3,475,0,35,0.0526315783333333,0.75,0,0,0,0.048790164169432
p10024,2,0.0333333333333333,14,3,51,30,2,157.5,0,22,0.02631579,0.666666666666667,0,0,0,0.0327898228229909
p10025,0,0,,1,0,0,1,0,0.07190385,,,1,0,0,0,0
p10026,0,0,,1,0,0,1,13,0.2207255,,,1,0,0,0,0
p10027,1,0.0166666666666667,,2,3,3,1,725,0,4.9225,0.129561403322221,0.5,0,0,0,0.0165293019512106
p10028,0,0,,1,1,1,1,44,0.9982973,,,1,0,0,0,0
p10029,26,0.433333333333333,1.61866666666667,6,151.280000000001,49,6,8260.32948996292,0.0383843384615385,28.5769230769231,0.129561403322221,1,0,0,0,0.360002734031407
p1003,3,0.05,21.4583333333333,4,97,46,5,548,0.018691394,32.6666666666667,0.0526315783333333,1.25,0,0,0,0.048790164169432
p10030,1,0.0166666666666667,,2,32,27,2,190.5,0.33263975,17,0.02631579,1,0,0,0,0.0165293019512106
p10031,1,0.0166666666666667,,2,7,6,2,150,0.0015507953,6,0.02631579,1,0,0,0,0.0165293019512106
p10032,1,0.0166666666666667,,3,37,24,3,169.770833333333,0.14334254,8,0.02631579,1,1,1,1,0.0165293019512106
p10033,1,0.0166666666666667,,2,8,8,2,150,0.007259735,7,0.02631579,1,1,1,1,0.0165293019512106
p10034,1,0.0166666666666667,,1,1,1,1,150,1,9,0.02631579,1,0,0,0,0.0165293019512106
p10035,1,0.0166666666666667,,2,15,13,1,150,0,13,0.02631579,0.5,0,0,0,0.0165293019512106
p10036,1,0.0166666666666667,,2,64,47,1,150,0,41.3333333333333,0.02631579,0.5,0,0,0,0.0165293019512106
p10037,1,0.0166666666666667,,2,28,24,1,150,0,24,0.02631579,0.5,1,1,1,0.0165293019512106
p10038,1,0.0166666666666667,,2,6,5,2,82.5,0.15521465,4.9225,0.02631579,1,1,1,1,0.0165293019512106
p10039,1,0.0166666666666667,,2,7,6,2,309,0.41386315,5,0.02631579,1,0,0,0,0.0165293019512106
p1004,2,0.0333333333333333,34.0333333333333,2,6,5,2,375,0.5,22,0.039473685,1,1,1,1,0.0327898228229909
p10040,1,0.0166666666666667,,2,10,8,2,159.5,0.016188776,7,0.02631579,1,1,0,0,0.0165293019512106
p10041,1,0.0166666666666667,,2,13,11,2,211.5,0.192212435,10,0.02631579,1,0,0,0,0.0165293019512106
p10043,1,0.0166666666666667,,2,17,15,2,104.5,0.7573412,14,0,1,1,0,0,0.0165293019512106
p10044,1,0.0166666666666667,,2,23,16,1,150,0,15,0.02631579,0.5,0,0,0,0.0165293019512106
p10045,1,0.0166666666666667,,2,41,39,1,0,0,36,0.02631579,0.5,1,1,1,0.0165293019512106
p10046,1,0.0166666666666667,,2,10,9,1,150,0,6,0.02631579,0.5,1,1,0,0.0165293019512106
p10047,0,0,,1,1,1,1,0,0.018044665,,,1,0,0,0,0
p10048,1,0.0166666666666667,,2,10,9,1,100,0,7,0.02631579,0.5,1,1,0,0.0165293019512106
p10049,1,0.0166666666666667,,2,15,15,1,60,0,13,0.02631579,0.5,1,1,1,0.0165293019512106
p10051,1,0.0166666666666667,,2,5,5,1,150,0,4.9225,0.02631579,0.5,1,0,0,0.0165293019512106
p10052,3,0.05,18.15,4,97,44,3,458.333333333333,0,30.6666666666667,0.0526315783333333,0.75,0,0,0,0.048790164169432
p10053,1,0.0166666666666667,,2,9,8,2,156.5,0.035998665,7,0.02631579,1,1,1,1,0.0165293019512106
p10054,2,0.0333333333333333,46.85,2,9,8,2,375,0.5,30.5,0.039473685,1,1,1,1,0.0327898228229909
p10055,3,0.05,23.575,3,59,51,3,475,0.333333333333333,36.3333333333333,0.0526315783333333,1,0,0,0,0.048790164169432
p10056,1,0.0166666666666667,,1,1,1,1,150,1,10,0.02631579,1,0,0,0,0.0165293019512106
p10057,1,0.0166666666666667,,1,1,1,1,150,1,7,0.02631579,1,1,1,1,0.0165293019512106
p10058,1,0.0166666666666667,,2,10,8,1,150,0,8,0.02631579,0.5,1,0,0,0.0165293019512106
p10059,1,0.0166666666666667,,1,1,1,1,150,1,6,0.02631579,1,1,1,1,0.0165293019512106
p1006,3,0.05,24.3916666666667,4,120,56,3,475,0,38.6666666666667,0.0526315783333333,0.75,0,0,0,0.048790164169432
p10060,3,0.05,18.3166666666667,4,95,45,4,259.75,0.172829633333333,33.3333333333333,0.03508772,1,1,1,0,0.048790164169432
p10061,1,0.0166666666666667,,2,17,15,2,150.5,0.010050201,14,0.02631579,1,1,1,1,0.0165293019512106
p10062,3,0.05,24.6833333333333,4,119,57,3,475,0,38.3333333333333,0.0526315783333333,0.75,0,0,0,0.048790164169432
p10063,1,0.0166666666666667,,2,10,9,1,150,0,8,0.02631579,0.5,1,1,1,0.0165293019512106
p10064,2,0.0333333333333333,47.4333333333333,3,66,58,2,330,0,30,0.039473685,0.666666666666667,1,1,0,0.0327898228229909
p10065,1,0.0166666666666667,,2,11,9,1,150,0,8,0.02631579,0.5,0,0,0,0.0165293019512106
p10066,1,0.0166666666666667,,2,11,9,1,150,0,8,0.02631579,0.5,1,1,1,0.0165293019512106
p10067,1,0.0166666666666667,,2,15,13,1,150,0,12,0.02631579,0.5,1,1,1,0.0165293019512106
p10068,3,0.05,25.0166666666667,3,62,54,3,475,0.333333333333333,39.3333333333333,0.0526315783333333,1,0,0,0,0.048790164169432
p10069,1,0.0166666666666667,,2,46,27,1,150,0,25,0.02631579,0.5,0,0,0,0.0165293019512106
p1007,1,0.0166666666666667,,2,5,4,2,167,0.0788395,4.9225,0.02631579,1,1,1,1,0.0165293019512106
p10070,1,0.0166666666666667,,2,10,9,2,172.5,0.20118429,7,0.02631579,1,1,1,1,0.0165293019512106
p10071,1,0.0166666666666667,,2,37,33,1,150,0,32,0.02631579,0.5,1,1,1,0.0165293019512106
p10072,1,0.0166666666666667,,2,8,7,1,150,0,6,0.02631579,0.5,0,0,0,0.0165293019512106
p10073,2,0.0333333333333333,9.78333333333333,3,39,23,2,90,0,18,0.013157895,0.666666666666667,1,1,1,0.0327898228229909
p10074,3,0.05,21.3,4,106,50,3,448.333333333333,0,34.3333333333333,0.0526315783333333,0.75,1,1,0,0.048790164169432
p10075,1,0.0166666666666667,,2,7,6,2,154.5,0.0247316025,6,0.02631579,1,1,1,1,0.0165293019512106
p10076,1,0.0166666666666667,,2,7,6,2,164.5,0.02889171,6,0.02631579,1,1,1,1,0.0165293019512106
p10077,1,0.0166666666666667,,2,9,8,1,150,0,7,0.02631579,0.5,1,1,0,0.0165293019512106
p10078,1,0.0166666666666667,,2,16,12,2,119.5,0.20747973,12,0.02631579,1,1,1,1,0.0165293019512106
p10079,1,0.0166666666666667,,2,17,15,1,150,0,11,0.02631579,0.5,1,0,0,0.0165293019512106
p1008,1,0.0166666666666667,,2,16,13,1,150,0,12,0.02631579,0.5,1,0,0,0.0165293019512106
p10080,1,0.0166666666666667,,2,13,11,1,15,,10,0,0.5,1,1,1,0.0165293019512106
p10081,1,0.0166666666666667,,2,9,8,1,10,0,7,0.02631579,0.5,0,0,0,0.0165293019512106
p10082,1,0.0166666666666667,,2,69,56,1,150,0,41.3333333333333,0.02631579,0.5,0,0,0,0.0165293019512106
p10083,1,0.0166666666666667,,2,32,20,2,171,0.05302716,19,0.02631579,1,1,1,1,0.0165293019512106
p10084,1,0.0166666666666667,,2,49,45,2,191.5,0.067731225,13,0.02631579,1,0,0,0,0.0165293019512106
p10085,1,0.0166666666666667,,2,16,14,1,150,0,14,0.02631579,0.5,1,1,1,0.0165293019512106
p10086,1,0.0166666666666667,,2,19,16,2,161.5,0.2001091,16,0.02631579,1,1,1,1,0.0165293019512106
p10087,1,0.0166666666666667,,2,11,9,2,98.5,0.064823995,8,0.02631579,1,1,1,1,0.0165293019512106
p10088,1,0.0166666666666667,,2,18,14,1,150,0,14,0.02631579,0.5,1,1,1,0.0165293019512106
p1009,1,0.0166666666666667,,2,9,8,1,150,0,7,0.02631579,0.5,1,1,1,0.0165293019512106
p10090,2,0.0333333333333333,49.4333333333333,3,63,56,2,375,0,31.5,0.039473685,0.666666666666667,0,0,0,0.0327898228229909
p10091,1,0.0166666666666667,,2,9,9,1,150,0,9,0.02631579,0.5,0,0,0,0.0165293019512106
p10092,1,0.0166666666666667,,2,11,10,1,60,0,9,0.02631579,0.5,1,1,1,0.0165293019512106
p10093,1,0.0166666666666667,,2,20,19,1,15,,18,0,0.5,1,1,1,0.0165293019512106
p10094,2,0.0333333333333333,35.1,2,6,5,2,375,0.5,22.5,0.039473685,1,0,0,0,0.0327898228229909
p10095,1,0.0166666666666667,,1,58,58,1,1640.0005,0,39,0.129561403322221,1,0,0,0,0.0165293019512106
p10096,1,0.0166666666666667,,2,10,8,1,150,0,7,0.02631579,0.5,1,1,1,0.0165293019512106
p10097,1,0.0166666666666667,,2,13,11,1,110,0,10,0.02631579,0.5,1,1,1,0.0165293019512106
p10098,1,0.0166666666666667,,2,12,11,1,150,0,11,0.02631579,0.5,1,1,1,0.0165293019512106
p10099,1,0.0166666666666667,,2,8,7,2,310.5,0.435332715,6,0.02631579,1,1,1,1,0.0165293019512106
p101,2,0.0333333333333333,41.05,2,6,5,2,375,0.5,25.5,0.039473685,1,0,0,0,0.0327898228229909
p1010,1,0.0166666666666667,,2,13,11,1,150,0,10,0.02631579,0.5,0,0,0,0.0165293019512106
p10100,1,0.0166666666666667,,2,13,11,1,150,0,9,0.02631579,0.5,1,0,0,0.0165293019512106
p10102,0,0,,1,6,6,1,27,0.829951,,,1,0,0,0,0
p10103,1,0.0166666666666667,,2,13,10,2,308,0.4029436,9,0.02631579,1,1,1,1,0.0165293019512106
p10104,2,0.0333333333333333,47.4,3,72,58,2,305,0,33.5,0.039473685,0.666666666666667,1,1,1,0.0327898228229909
p10105,1,0.0166666666666667,,2,27,18,1,150,0,17,0.02631579,0.5,1,1,1,0.0165293019512106
p10106,0,0,,1,1,1,1,19,0.22924753,,,1,0,0,0,0
p10107,0,0,,1,2,2,0,,,,,0,1,1,1,0
p1011,2,0.0333333333333333,50.2,2,10,8,1,150,0,33,0.039473685,0.5,0,0,0,0.0327898228229909
p10110,1,0.0166666666666667,,2,16,13,1,150,0,12,0.02631579,0.5,1,1,1,0.0165293019512106
p10111,0,0,,1,4,4,1,45,0.9438129,,,1,1,1,1,0
p10112,1,0.0166666666666667,,1,0,0,1,150,1,5,0.02631579,1,0,0,0,0.0165293019512106
p10114,2,0.0333333333333333,37.1,2,7,6,2,292.5,0.5,24.5,0.039473685,1,0,0,0,0.0327898228229909
p10115,0,0,,1,1,1,1,20,0.950835,,,1,1,0,0,0
p10116,1,0.0166666666666667,,2,5,5,2,338,0.4716619,5,0.02631579,1,1,0,0,0.0165293019512106
p10117,1,0.0166666666666667,,2,10,9,1,150,0,8,0.02631579,0.5,1,1,1,0.0165293019512106
p10118,0,0,,1,0,0,1,18,0.5892727,,,1,0,0,0,0
p10119,1,0.0166666666666667,,2,9,7,2,206.5,0.10447041,7,0.02631579,1,0,0,0,0.0165293019512106
p1012,1,0.0166666666666667,,2,8,8,2,208,0.189453885,8,0.02631579,1,1,1,1,0.0165293019512106
p10120,1,0.0166666666666667,,2,9,8,2,226,0.38829598,7,0.02631579,1,0,0,0,0.0165293019512106
p10123,1,0.0166666666666667,,2,12,11,1,150,0,10,0.02631579,0.5,1,1,0,0.0165293019512106
p10124,3,0.05,20.3416666666667,4,107,50,3,458.333333333333,0,34.6666666666667,0.0526315783333333,0.75,0,0,0,0.048790164169432
p10125,1,0.0166666666666667,,1,1,1,1,150,1,9,0.02631579,1,0,0,0,0.0165293019512106
p10126,3,0.05,17.6833333333333,4,88,42,4,535,0.02859168,28.3333333333333,0.0526315783333333,1,1,1,1,0.048790164169432
p10127,1,0.0166666666666667,,2,8,7,2,108.5,0.016559841,7,0.02631579,1,1,1,1,0.0165293019512106
p10128,1,0.0166666666666667,,2,8,7,1,150,0,7,0.02631579,0.5,1,1,1,0.0165293019512106
p10129,1,0.0166666666666667,,2,12,11,1,150,0,11,0.02631579,0.5,1,0,0,0.0165293019512106
p1013,1,0.0166666666666667,,2,12,11,1,150,0,10,0.02631579,0.5,0,0,0,0.0165293019512106
p10130,1,0.0166666666666667,,1,1,1,1,150,1,11,0.02631579,1,1,1,1,0.0165293019512106
p10131,3,0.05,6.84166666666667,4,51,22,4,8260.32948996292,0.16981415,15.6666666666667,0.0526315783333333,1,0,0,0,0.048790164169432
p10132,1,0.0166666666666667,,2,13,12,1,150,0,12,0.02631579,0.5,1,1,0,0.0165293019512106
p10133,1,0.0166666666666667,,2,14,13,1,150,0,12,0.02631579,0.5,1,1,1,0.0165293019512106
p10134,1,0.0166666666666667,,2,8,7,2,152,0.13337913,6,0.02631579,1,1,1,0,0.0165293019512106
p10135,1,0.0166666666666667,,2,8,7,1,150,0,7,0.02631579,0.5,0,0,0,0.0165293019512106
p10136,1,0.0166666666666667,,2,20,19,1,150,0,9,0.02631579,0.5,0,0,0,0.0165293019512106
p10137,1,0.0166666666666667,,2,18,15,1,150,0,14,0.02631579,0.5,1,1,0,0.0165293019512106
p10138,1,0.0166666666666667,,2,13,12,2,45,0.074897745,11,0.02631579,1,0,0,0,0.0165293019512106
p10140,2,0.0333333333333333,45.4166666666667,3,68,55,2,375,0,32,0.039473685,0.666666666666667,1,1,0,0.0327898228229909
p10141,1,0.0166666666666667,,2,7,6,2,268.5,0.32318235,5,0.02631579,1,1,1,1,0.0165293019512106
p10142,1,0.0166666666666667,,2,27,19,2,31.875,0.50785667,18,0,1,0,0,0,0.0165293019512106
p10143,0,0,,1,6,6,0,,,,,0,0,0,0,0
p10146,1,0.0166666666666667,,2,13,12,2,77.5,0.16985178,10,0.02631579,1,0,0,0,0.0165293019512106
p10147,1,0.0166666666666667,,2,13,11,1,110,0,9,0.02631579,0.5,1,1,1,0.0165293019512106
p10148,1,0.0166666666666667,,1,0,0,1,150,1,7,0.02631579,1,0,0,0,0.0165293019512106
p10149,2,0.0333333333333333,5.88333333333333,3,29,17,3,208.666666666667,0.200573333333333,13,0.013157895,1,0,0,0,0.0327898228229909
p1015,1,0.0166666666666667,,2,16,14,1,150,0,13,0.02631579,0.5,1,1,1,0.0165293019512106
p10150,3,0.05,23.9583333333333,4,117,56,3,365,0,37.3333333333333,0.0526315783333333,0.75,1,1,1,0.048790164169432
p10151,1,0.0166666666666667,,2,10,9,1,150,0,9,0.02631579,0.5,1,1,1,0.0165293019512106
p10153,1,0.0166666666666667,,2,11,10,1,150,0,9,0.02631579,0.5,0,0,0,0.0165293019512106
p10154,0,0,,1,1,1,1,4,0.31844118,,,1,0,0,0,0
p10155,1,0.0166666666666667,,1,1,1,1,150,1,5,0.02631579,1,0,0,0,0.0165293019512106
p10156,1,0.0166666666666667,,1,1,1,0,,,41.3333333333333,0.02631579,0,0,0,0,0.0165293019512106
p10157,1,0.0166666666666667,,2,13,12,2,119,0.18907769,10,0.02631579,1,1,0,0,0.0165293019512106
p10159,1,0.0166666666666667,,2,19,17,1,150,0,13,0.02631579,0.5,1,1,1,0.0165293019512106
p1016,3,0.05,22.6083333333333,4,124,56,3,475,0,39.6666666666667,0.0526315783333333,0.75,0,0,0,0.048790164169432
p10160,2,0.0333333333333333,13.5166666666667,2,11,9,2,157.5,1,16,0.02631579,1,1,1,1,0.0327898228229909
p10161,3,0.05,21.15,4,103,49,3,415,0,33,0.0526315783333333,0.75,1,1,1,0.048790164169432
p10162,1,0.0166666666666667,,2,14,13,1,150,0,13,0.02631579,0.5,1,0,0,0.0165293019512106
p10163,0,0,,1,1,1,0,,,,,0,1,1,1,0
p10164,3,0.05,23.5,4,113,54,3,475,0,36.6666666666667,0.0526315783333333,0.75,1,0,0,0.048790164169432
p10165,0,0,,1,1,1,1,1,0.025943983,,,1,0,0,0,0
p10166,1,0.0166666666666667,,2,10,9,1,150,0,8,0.02631579,0.5,0,0,0,0.0165293019512106
p10167,0,0,,1,0,0,1,28,0.63618344,,,1,0,0,0,0
p10168,1,0.0166666666666667,,1,36,36,1,600,0,36,0.05263158,1,1,1,0,0.0165293019512106
p10169,1,0.0166666666666667,,2,10,9,1,0,0,8,0.02631579,0.5,1,1,1,0.0165293019512106
p1017,1,0.0166666666666667,,2,8,7,1,150,0,6,0.02631579,0.5,1,1,1,0.0165293019512106
p10170,0,0,,1,5,5,1,34,0.66923714,,,1,1,1,1,0
p10171,1,0.0166666666666667,,2,9,8,2,205.5,0.13725257,7,0.02631579,1,1,1,1,0.0165293019512106
p10172,1,0.0166666666666667,,2,7,6,1,150,0,6,0.02631579,0.5,1,1,1,0.0165293019512106
p10173,1,0.0166666666666667,,1,1,1,1,150,1,8,0.02631579,1,0,0,0,0.0165293019512106
p10174,1,0.0166666666666667,,2,10,9,1,150,0,8,0.02631579,0.5,0,0,0,0.0165293019512106
p10175,1,0.0166666666666667,,2,7,7,2,153.5,0.22809455,6,0.02631579,1,1,1,1,0.0165293019512106
p10176,1,0.0166666666666667,,2,22,15,1,110,0,13,0.02631579,0.5,1,1,1,0.0165293019512106
p10177,1,0.0166666666666667,,2,9,9,2,223.5,0.26981675,8,0.02631579,1,0,0,0,0.0165293019512106
p10179,1,0.0166666666666667,,2,18,13,2,278,0.27037655,13,0.02631579,1,0,0,0,0.0165293019512106
p10180,2,0.0333333333333333,49.8833333333333,2,13,11,1,150,0,34,0.039473685,0.5,0,0,0,0.0327898228229909
p10181,1,0.0166666666666667,,1,1,1,1,15,1,8,0,1,1,1,0,0.0165293019512106
p10182,1,0.0166666666666667,,2,8,7,1,150,0,7,0.02631579,0.5,1,1,1,0.0165293019512106
p10184,1,0.0166666666666667,,1,2,2,1,15,1,11,0,1,0,0,0,0.0165293019512106
p10185,1,0.0166666666666667,,2,11,10,2,150,0,9,0.02631579,1,0,0,0,0.0165293019512106
p10186,2,0.0333333333333333,43.2,2,11,9,2,375,0.5,29.5,0.039473685,1,1,1,1,0.0327898228229909
p10187,1,0.0166666666666667,,2,14,12,2,265.5,0.24133599,11,0.02631579,1,0,0,0,0.0165293019512106
p10188,2,0.0333333333333333,9.05,3,20,13,5,281.6,0.22977588,10.5,0.039473685,1.66666666666667,1,1,1,0.0327898228229909
p10189,1,0.0166666666666667,,2,23,21,1,150,0,21,0.02631579,0.5,0,0,0,0.0165293019512106
p1019,1,0.0166666666666667,,2,7,6,2,217.5,0.14977695,6,0.02631579,1,1,1,1,0.0165293019512106
p10190,3,0.05,23.4333333333333,4,114,54,3,475,0,37,0.0526315783333333,0.75,1,1,0,0.048790164169432
p10191,1,0.0166666666666667,,2,9,7,2,302.5,0.37615803,7,0.02631579,1,1,0,0,0.0165293019512106
p10192,1,0.0166666666666667,,2,27,22,1,150,0,16,0.02631579,0.5,1,1,1,0.0165293019512106
p10193,3,0.05,24.9,4,116,56,3,415,0,38,0.0526315783333333,0.75,1,1,1,0.048790164169432
p10194,2,0.0333333333333333,45.1166666666667,3,69,57,2,375,0,32.5,0.039473685,0.666666666666667,1,1,1,0.0327898228229909
p10195,3,0.05,21.2166666666667,3,53,47,3,475,0.333333333333333,33.6666666666667,0.0526315783333333,1,1,0,0,0.048790164169432
p10196,3,0.05,10.6083333333333,6,100,31,6,167.5,0.003331294,20.3333333333333,0.02631579,1,1,1,1,0.048790164169432
p10198,1,0.0166666666666667,,2,71,40,1,150,0,40,0.02631579,0.5,1,1,1,0.0165293019512106
p10199,1,0.0166666666666667,,2,9,9,2,146.5,0.199069915,9,0.02631579,1,0,0,0,0.0165293019512106
p102,2,0.0333333333333333,8.36666666666667,2,13,12,2,156.25,1,15,0.02631579,1,0,0,0,0.0327898228229909
p1020,1,0.0166666666666667,,2,12,11,2,229,0.249615385,11,0.02631579,1,1,1,0,0.0165293019512106
p10200,1,0.0166666666666667,,2,8,7,1,150,0,7,0.02631579,0.5,1,1,1,0.0165293019512106
p10201,1,0.0166666666666667,,2,10,9,1,150,0,9,0.02631579,0.5,0,0,0,0.0165293019512106
p10203,1,0.0166666666666667,,2,12,11,1,150,0,10,0.02631579,0.5,0,0,0,0.0165293019512106
p10205,1,0.0166666666666667,,2,2,1,1,150,1,8,0.02631579,0.5,1,1,1,0.0165293019512106
p10206,1,0.0166666666666667,,2,9,9,1,150,0,9,0.02631579,0.5,1,1,1,0.0165293019512106
p10207,3,0.05,22.1166666666667,4,116,57,3,390,0,37.3333333333333,0.0526315783333333,0.75,1,0,0,0.048790164169432
p10208,1,0.0166666666666667,,2,19,17,1,150,0,15,0.02631579,0.5,1,1,1,0.0165293019512106
p10209,1,0.0166666666666667,,2,17,14,1,10,0,13,0.02631579,0.5,1,1,1,0.0165293019512106
p1021,0,0,,1,2,2,0,,,,,0,0,0,0,0
p10210,1,0.0166666666666667,,1,2,2,1,150,1,7,0.02631579,1,1,1,1,0.0165293019512106
p10211,1,0.0166666666666667,,2,18,14,1,150,0,13,0.02631579,0.5,1,1,1,0.0165293019512106
p10212,1,0.0166666666666667,,2,8,6,2,150,0,6,0.02631579,1,0,0,0,0.0165293019512106
p10213,2,0.0333333333333333,39.9666666666667,2,10,8,2,375,0.5,28,0.039473685,1,1,1,1,0.0327898228229909
p10214,1,0.0166666666666667,,2,13,11,1,150,0,11,0.02631579,0.5,1,1,1,0.0165293019512106
p10215,1,0.0166666666666667,,2,5,5,1,150,0,4.9225,0.02631579,0.5,0,0,0,0.0165293019512106
p10216,1,0.0166666666666667,,2,11,9,2,119,0.19267726,8,0.02631579,1,0,0,0,0.0165293019512106
p10217,1,0.0166666666666667,,2,10,9,1,150,0,8,0.02631579,0.5,1,1,1,0.0165293019512106
p10218,1,0.0166666666666667,,2,10,8,2,111,0.13261205,8,0.02631579,1,0,0,0,0.0165293019512106
p10219,1,0.0166666666666667,,2,11,9,2,217,0.154782175,8,0.02631579,1,1,1,1,0.0165293019512106
p1022,1,0.0166666666666667,,2,7,7,2,156.5,0.0101620125,7,0.02631579,1,0,0,0,0.0165293019512106
p10220,1,0.0166666666666667,,2,12,10,1,60,0,9,0.02631579,0.5,1,1,1,0.0165293019512106
p10222,0,0,,1,1,1,1,7,0.20903447,,,1,0,0,0,0
p10223,1,0.0166666666666667,,2,11,10,2,177,0.14129603,9,0.02631579,1,1,1,1,0.0165293019512106
p10224,2,0.0333333333333333,49.5333333333333,3,68,59,2,337.5,0,32.5,0.039473685,0.666666666666667,0,0,0,0.0327898228229909
p10225,1,0.0166666666666667,,2,8,8,1,150,0,6,0.02631579,0.5,1,1,0,0.0165293019512106
p10226,1,0.0166666666666667,,2,10,8,2,228,0.264796735,7,0.02631579,1,0,0,0,0.0165293019512106
p10227,2,0.0333333333333333,32.9666666666667,4,80,38,4,400,0.0370255325,21.5,0.039473685,1,0,0,0,0.0327898228229909
p10228,9,0.15,1.77291666666667,6,59,14,6,2265.27755555556,0.125,7.88888888888889,0.128654970555556,1,0,0,0,0.139761942375159
p10230,2,0.0333333333333333,13.95,3,26,18,3,237,0.0812616666666667,14,0.039473685,1,1,1,1,0.0327898228229909
p10231,3,0.05,24.1166666666667,4,124,58,3,475,0,40.3333333333333,0.0526315783333333,0.75,1,1,1,0.048790164169432
p10232,3,0.05,24.6833333333333,4,116,56,3,298.333333333333,0,38.3333333333333,0.0526315783333333,0.75,0,0,0,0.048790164169432
p10233,1,0.0166666666666667,,2,11,8,2,187,0.124905175,7,0.02631579,1,0,0,0,0.0165293019512106
p10234,1,0.0166666666666667,,2,42,40,1,150,0,38,0.02631579,0.5,0,0,0,0.0165293019512106
p10236,1,0.0166666666666667,,2,9,8,1,0,0,7,0.02631579,0.5,1,1,1,0.0165293019512106
p10237,1,0.0166666666666667,,2,7,7,2,241.5,0.30088973,7,0.02631579,1,0,0,0,0.0165293019512106
p10238,1,0.0166666666666667,,2,9,6,4,205,0.261570054,5,0.02631579,2,1,0,0,0.0165293019512106
p10239,1,0.0166666666666667,,2,11,10,2,259,0.29623665,10,0.02631579,1,0,0,0,0.0165293019512106
p1024,2,0.0333333333333333,28.95,3,45,35,3,228.666666666667,0.0881009666666667,22.5,0.039473685,1,0,0,0,0.0327898228229909
p10240,2,0.0333333333333333,15.6833333333333,3,20,12,4,190.25,0.112222438666667,14,0.02631579,1.33333333333333,1,1,1,0.0327898228229909
p10241,0,0,,1,0,0,1,2,0.1713038,,,1,0,0,0,0
p10242,1,0.0166666666666667,,2,10,8,2,218,0.18537712,8,0.02631579,1,0,0,0,0.0165293019512106
p10243,1,0.0166666666666667,,2,6,5,2,204.5,0.273783625,4.9225,0.02631579,1,1,1,1,0.0165293019512106
p10244,1,0.0166666666666667,,2,7,7,2,77.5,0.0081486795,7,0.02631579,1,1,1,1,0.0165293019512106
p10245,1,0.0166666666666667,,2,15,14,1,150,0,12,0.02631579,0.5,0,0,0,0.0165293019512106
p10246,0,0,,1,4,4,1,39,0.9887424,,,1,0,0,0,0
p10247,2,0.0333333333333333,44.6,2,10,8,2,375,0.5,30,0.039473685,1,1,1,1,0.0327898228229909
p10248,1,0.0166666666666667,,1,5,5,2,212.5,0.103474475,5,0.02631579,2,0,0,0,0.0165293019512106
p10249,1,0.0166666666666667,,2,8,7,2,181.5,0.05615488,7,0.02631579,1,0,0,0,0.0165293019512106
p1025,1,0.0166666666666667,,2,21,18,1,150,0,17,0.02631579,0.5,0,0,0,0.0165293019512106
p10250,1,0.0166666666666667,,2,11,10,1,50,0,9,0.02631579,0.5,1,1,0,0.0165293019512106
p10251,3,0.05,26.6583333333333,3,64,56,3,243.333333333333,0.333333333333333,40.3333333333333,0.0526315783333333,1,1,1,1,0.048790164169432
p10252,1,0.0166666666666667,,2,13,10,2,265.5,0.283058,9,0.02631579,1,1,1,1,0.0165293019512106
p10253,1,0.0166666666666667,,2,11,10,2,159.5,0.0364192425,10,0.02631579,1,0,0,0,0.0165293019512106
p10254,1,0.0166666666666667,,1,1,1,1,150,1,8,0.02631579,1,0,0,0,0.0165293019512106
p10255,1,0.0166666666666667,,2,0,0,1,150,1,6,0.02631579,0.5,0,0,0,0.0165293019512106
p10256,12,0.2,2.93787878787879,6,151.280000000001,39,6,8260.32948996292,0.0833333333333333,30.3333333333333,0.129561403322221,1,1,1,1,0.182321556793955
p10257,1,0.0166666666666667,,2,14,13,1,150,0,12,0.02631579,0.5,0,0,0,0.0165293019512106
p10259,2,0.0333333333333333,27.9833333333333,3,41,33,3,363.666666666667,0.333333333333333,21,0.039473685,1,1,0,0,0.0327898228229909
p1026,2,0.0333333333333333,44.1833333333333,2,11,9,2,292.5,0.5,31,0.039473685,1,1,1,1,0.0327898228229909
p10260,1,0.0166666666666667,,2,12,10,2,116,0.01563642,6,0.02631579,1,0,0,0,0.0165293019512106
p10261,1,0.0166666666666667,,2,9,8,2,165.5,0.05567013,8,0.02631579,1,1,1,1,0.0165293019512106
p10262,1,0.0166666666666667,,2,9,9,2,141.5,0.08817164,9,0.02631579,1,0,0,0,0.0165293019512106
p10263,1,0.0166666666666667,,2,11,10,2,156,0.06407342,10,0.02631579,1,0,0,0,0.0165293019512106
p10264,3,0.05,16.8083333333333,3,44,37,3,475,0.333333333333333,27,0.0526315783333333,1,0,0,0,0.048790164169432
p10265,3,0.05,20.2333333333333,4,95,46,3,475,0,31.3333333333333,0.0526315783333333,0.75,1,1,1,0.048790164169432
p10266,1,0.0166666666666667,,2,14,11,1,150,0,9,0.02631579,0.5,1,1,1,0.0165293019512106
p10268,1,0.0166666666666667,,2,10,9,2,172.5,0.107228605,9,0.02631579,1,1,1,0,0.0165293019512106
p10269,1,0.0166666666666667,,2,9,8,1,150,0,7,0.02631579,0.5,1,1,1,0.0165293019512106
p1027,3,0.05,19.6,4,91,44,4,551,0.0662232575,30,0.0526315783333333,1,1,1,0,0.048790164169432
p10272,1,0.0166666666666667,,2,9,8,1,150,0,8,0.02631579,0.5,1,1,1,0.0165293019512106
p10273,1,0.0166666666666667,,2,12,10,1,150,0,9,0.02631579,0.5,1,0,0,0.0165293019512106
p10274,1,0.0166666666666667,,1,2,2,1,60,1,7,0.02631579,1,0,0,0,0.0165293019512106
p10275,2,0.0333333333333333,8.25,1,24,24,2,3300.0005,0.5,28,0.129561403322221,2,1,1,0,0.0327898228229909
p10276,1,0.0166666666666667,,2,15,14,1,60,0,14,0.02631579,0.5,1,1,1,0.0165293019512106
p10277,2,0.0333333333333333,5.86666666666667,3,23,14,2,90,0,10,0.013157895,0.666666666666667,0,0,0,0.0327898228229909
p10278,1,0.0166666666666667,,2,0,0,2,82.5,0.53949643,5,0.02631579,1,0,0,0,0.0165293019512106
p10279,1,0.0166666666666667,,1,9,9,1,150,0,9,0.02631579,1,1,0,0,0.0165293019512106
p1028,0,0,,1,1,1,1,8,0.23114906,,,1,1,1,1,0
p10280,3,0.05,23.425,4,115,57,3,381.666666666667,0,36.3333333333333,0.0526315783333333,0.75,1,1,1,0.048790164169432
p10281,0,0,,1,0,0,1,11,0.27981696,,,1,0,0,0,0
p10282,2,0.0333333333333333,48.95,2,6,5,3,250,0.333333333333333,29,0.039473685,1.5,1,1,1,0.0327898228229909
p10283,1,0.0166666666666667,,2,14,11,1,150,0,10,0.02631579,0.5,1,1,1,0.0165293019512106
p10284,1,0.0166666666666667,,2,8,7,2,267,0.320673,6,0.02631579,1,1,1,0,0.0165293019512106
p10285,3,0.05,18.8916666666667,4,99,46,3,475,0,32.3333333333333,0.0526315783333333,0.75,0,0,0,0.048790164169432
p10286,1,0.0166666666666667,,2,8,7,2,142.5,0.113948265,7,0.02631579,1,0,0,0,0.0165293019512106
p10287,1,0.0166666666666667,,2,17,14,1,150,0,11,0.02631579,0.5,0,0,0,0.0165293019512106
p10288,1,0.0166666666666667,,2,15,12,1,150,0,11,0.02631579,0.5,1,0,0,0.0165293019512106
p10289,1,0.0166666666666667,,2,11,9,2,170,0.094215295,8,0.02631579,1,0,0,0,0.0165293019512106
p1029,1,0.0166666666666667,,2,45,44,1,150,0,36,0.02631579,0.5,1,1,1,0.0165293019512106
p10290,2,0.0333333333333333,43.4666666666667,3,65,53,2,375,0,30.5,0.039473685,0.666666666666667,1,1,1,0.0327898228229909
p10291,0,0,,1,1,1,1,98.5,0.29696742,,,1,1,1,1,0
p10292,1,0.0166666666666667,,1,1,1,1,150,1,7,0.02631579,1,1,1,0,0.0165293019512106
p10293,1,0.0166666666666667,,3,11,8,3,126.333333333333,0.035558308,7,0.02631579,1,0,0,0,0.0165293019512106
p10294,2,0.0333333333333333,41.25,3,63,51,2,375,0,29.5,0.039473685,0.666666666666667,0,0,0,0.0327898228229909
p10295,3,0.05,20.8166666666667,4,101,48,3,458.333333333333,0,33,0.0526315783333333,0.75,1,1,1,0.048790164169432
p10296,1,0.0166666666666667,,2,9,8,1,150,0,8,0.02631579,0.5,0,0,0,0.0165293019512106
p10297,3,0.05,20.9166666666667,4,107,49,4,417.75,0.050185155,34.3333333333333,0.0526315783333333,1,1,1,0,0.048790164169432
p10298,3,0.05,23.9333333333333,4,116,55,3,475,0,38.3333333333333,0.0526315783333333,0.75,0,0,0,0.048790164169432
p10299,3,0.05,22.8666666666667,4,115,54,3,415,0,37,0.0526315783333333,0.75,1,1,0,0.048790164169432
p103,0,0,,1,0,0,0,,,,,0,1,0,0,0
p1030,1,0.0166666666666667,,2,12,11,1,60,0,9,0.02631579,0.5,1,1,1,0.0165293019512106
p10300,1,0.0166666666666667,,2,17,13,2,169.5,0.086653605,13,0.02631579,1,0,0,0,0.0165293019512106
p10301,1,0.0166666666666667,,2,14,13,2,156,0.0084633995,13,0.02631579,1,1,1,1,0.0165293019512106
p10303,1,0.0166666666666667,,2,11,10,2,28.15625,0.12091652,8,0,1,1,1,1,0.0165293019512106
p10304,1,0.0166666666666667,,1,1,1,0,,,6,0.02631579,0,0,0,0,0.0165293019512106
p10305,1,0.0166666666666667,,2,6,5,2,173,0.060925547,5,0.02631579,1,0,0,0,0.0165293019512106
p10306,0,0,,1,1,1,1,5,0.17265819,,,1,1,1,1,0
p10307,2,0.0333333333333333,12.2833333333333,3,25,17,4,206.75,0.216630905,13,0.039473685,1.33333333333333,0,0,0,0.0327898228229909
p10308,3,0.05,22.3083333333333,4,107,52,3,385,0,34.3333333333333,0.0526315783333333,0.75,1,0,0,0.048790164169432
p10309,1,0.0166666666666667,,2,10,8,1,150,0,8,0.02631579,0.5,0,0,0,0.0165293019512106
p1031,1,0.0166666666666667,,1,2,2,0,,,11,0.02631579,0,1,1,1,0.0165293019512106
p10311,0,0,,1,2,2,0,,,,,0,1,1,1,0
p10312,2,0.0333333333333333,27.0833333333333,2,9,7,2,285,0.5,20.5,0.039473685,1,0,0,0,0.0327898228229909
p10313,0,0,,1,7,7,1,20,0.54951555,,,1,0,0,0,0
p10314,1,0.0166666666666667,,1,12,12,1,150,0,12,0.02631579,1,0,0,0,0.0165293019512106
p10315,1,0.0166666666666667,,2,11,10,2,146.75,0.059089407,9,0.02631579,1,0,0,0,0.0165293019512106
p10318,3,0.05,23.55,4,118,56,3,475,0,38,0.0526315783333333,0.75,1,1,1,0.048790164169432
p10319,1,0.0166666666666667,,2,13,11,1,150,0,11,0.02631579,0.5,1,1,0,0.0165293019512106
p1032,0,0,,1,3,3,1,14,0.585451,,,1,0,0,0,0
p10320,3,0.05,20.5,4,110,49,3,475,0,34.3333333333333,0.0526315783333333,0.75,1,0,0,0.048790164169432
p10321,1,0.0166666666666667,,2,10,9,1,150,0,9,0.02631579,0.5,1,0,0,0.0165293019512106
p10322,1,0.0166666666666667,,2,13,12,2,228,0.24128625,12,0.02631579,1,1,1,0,0.0165293019512106
p10323,1,0.0166666666666667,,2,8,8,2,153,0.018237373,7,0.02631579,1,0,0,0,0.0165293019512106
p10324,1,0.0166666666666667,,2,10,9,2,205.5,0.11242482,9,0.02631579,1,1,0,0,0.0165293019512106
p10325,1,0.0166666666666667,,2,9,8,1,15,,8,0,0.5,0,0,0,0.0165293019512106
p10326,1,0.0166666666666667,,2,6,5,2,258.5,0.29450175,5,0.02631579,1,0,0,0,0.0165293019512106
p10328,1,0.0166666666666667,,2,45,26,1,15,,26,0,0.5,1,0,0,0.0165293019512106
p1033,0,0,,1,2,2,1,31,0.77500826,,,1,0,0,0,0
p10330,1,0.0166666666666667,,2,10,9,2,189.5,0.3263326,8,0.02631579,1,1,1,1,0.0165293019512106
p10331,2,0.0333333333333333,39.6833333333333,2,6,6,2,375,0.5,25.5,0.039473685,1,0,0,0,0.0327898228229909
p10332,1,0.0166666666666667,,2,8,7,1,150,0,7,0.02631579,0.5,0,0,0,0.0165293019512106
p10333,1,0.0166666666666667,,2,8,7,2,207,0.14109615,7,0.02631579,1,0,0,0,0.0165293019512106
p10334,38,0.633333333333333,1.37477477477478,6,151.280000000001,52,6,8260.32948996292,0,31.1315789473684,0.129561403322221,0.973684210526316,0,0,0,0.490622916448471
p10335,2,0.0333333333333333,40.85,3,56,48,3,416.666666666667,0,26.5,0.039473685,1,1,1,1,0.0327898228229909
p10336,2,0.0333333333333333,48.25,3,71,59,2,355,0,34,0.039473685,0.666666666666667,0,0,0,0.0327898228229909
p10337,3,0.05,20.2083333333333,4,101,47,4,530,0.0271268,31.6666666666667,0.0526315783333333,1,1,1,1,0.048790164169432
p10338,2,0.0333333333333333,44.6666666666667,2,8,7,2,197.5,0.5,28.5,0.039473685,1,0,0,0,0.0327898228229909
p10339,0,0,,1,1,1,1,0,0.019631144,,,1,1,1,1,0
p10341,1,0.0166666666666667,,2,10,9,1,150,0,9,0.02631579,0.5,1,1,0,0.0165293019512106
p10342,3,0.05,18.9083333333333,4,67,45,4,342.5,0.05278325,22,0.0526315783333333,1,1,1,0,0.048790164169432
p10343,3,0.05,18.15,4,102,46,3,475,0,32,0.0526315783333333,0.75,1,1,1,0.048790164169432
p10344,3,0.05,19.8916666666667,4,92,45,4,531.25,0.0255104675,30.6666666666667,0.0526315783333333,1,1,1,0,0.048790164169432
p10345,4,0.0666666666666667,17.1,4,110,52,3,415,0,41.25,0.059210525,0.75,1,1,1,0.0645385211375712
p10346,1,0.0166666666666667,,2,12,11,2,150.5,0.0073665265,10,0.02631579,1,0,0,0,0.0165293019512106
p10347,2,0.0333333333333333,44.9166666666667,2,8,7,1,150,0,28.5,0.039473685,0.5,1,1,0,0.0327898228229909
p10348,1,0.0166666666666667,,2,7,6,2,155,0.0205791015,6,0.02631579,1,1,1,0,0.0165293019512106
p10349,3,0.05,21.8583333333333,4,132,57,3,290,0,41,0.0526315783333333,0.75,1,0,0,0.048790164169432
p1035,3,0.05,21.75,3,52,46,3,458.333333333333,0.333333333333333,32.6666666666667,0.0526315783333333,1,0,0,0,0.048790164169432
p10350,42,0.7,1.30691056910569,6,151.280000000001,53,6,8260.32948996292,0.06565595675,26.9285714285714,0.129561403322221,1.02380952380952,1,0,0,0.53062825106217
p10351,1,0.0166666666666667,,1,2,2,1,150,1,7,0.02631579,1,1,1,1,0.0165293019512106
p10353,1,0.0166666666666667,,2,18,17,2,156,0.008480005,16,0.02631579,1,1,1,0,0.0165293019512106
p10354,1,0.0166666666666667,,2,7,6,2,313.5,0.422897,6,0.02631579,1,0,0,0,0.0165293019512106
p10355,0,0,,1,2,2,0,,,,,0,0,0,0,0
p10356,1,0.0166666666666667,,2,7,6,2,169.5,0.102640495,6,0.02631579,1,0,0,0,0.0165293019512106
p10358,1,0.0166666666666667,,2,13,11,2,154,0.04484042,10,0.02631579,1,1,1,0,0.0165293019512106
p10359,1,0.0166666666666667,,1,1,1,1,150,1,10,0.02631579,1,1,1,1,0.0165293019512106
p10360,1,0.0166666666666667,,2,10,9,2,175,0.06706095,9,0.02631579,1,1,1,1,0.0165293019512106
p10361,1,0.0166666666666667,,2,6,5,3,193.333333333333,0.118587091666667,4.9225,0.02631579,1.5,1,1,1,0.0165293019512106
p10362,1,0.0166666666666667,,2,18,16,1,0,0,15,0.02631579,0.5,0,0,0,0.0165293019512106
p10363,0,0,,1,1,1,1,10,0.27266797,,,1,0,0,0,0
p10364,1,0.0166666666666667,,2,11,10,1,150,0,9,0.02631579,0.5,0,0,0,0.0165293019512106
p10365,1,0.0166666666666667,,2,28,27,1,150,0,9,0.02631579,0.5,1,0,0,0.0165293019512106
p10366,1,0.0166666666666667,,2,18,16,1,150,0,7,0.02631579,0.5,0,0,0,0.0165293019512106
p10367,1,0.0166666666666667,,2,9,7,2,301.5,0.385187925,7,0.02631579,1,1,1,1,0.0165293019512106
p10368,1,0.0166666666666667,,2,5,5,2,752.5,0.43451333,4.9225,0.078947365,1,1,1,1,0.0165293019512106
p10369,0,0,,1,0,0,0,,,,,0,1,1,1,0
p1037,1,0.0166666666666667,,2,7,7,2,152,0.0174190125,6,0.02631579,1,1,0,0,0.0165293019512106
p10370,3,0.05,25.25,4,125,59,3,431.666666666667,0,41,0.0526315783333333,0.75,0,0,0,0.048790164169432
p10371,1,0.0166666666666667,,2,10,8,2,243,0.311695875,8,0.02631579,1,1,1,1,0.0165293019512106
p10372,1,0.0166666666666667,,2,12,11,1,135,0,10,0.02631579,0.5,1,1,1,0.0165293019512106
p10373,3,0.05,15.3,4,75,35,3,475,0,24.3333333333333,0.0526315783333333,0.75,1,1,1,0.048790164169432
p10374,1,0.0166666666666667,,2,29,26,1,150,0,26,0.02631579,0.5,1,1,0,0.0165293019512106
p10375,1,0.0166666666666667,,2,13,11,1,150,0,10,0.02631579,0.5,0,0,0,0.0165293019512106
p10376,1,0.0166666666666667,,2,10,9,1,60,0,8,0.02631579,0.5,1,1,1,0.0165293019512106
p10378,1,0.0166666666666667,,2,14,13,1,75,0,11,0.02631579,0.5,1,1,1,0.0165293019512106
p10379,6,0.1,5.68333333333333,6,131,33,6,113.3333865,0.166666666666667,26.6666666666667,0.0921052625,1,1,1,1,0.0953101798043249
p1038,1,0.0166666666666667,,2,13,10,2,156,0.0264011865,10,0.02631579,1,0,0,0,0.0165293019512106
p10380,1,0.0166666666666667,,3,15,11,3,155.5,0.16652761,11,0.02631579,1,0,0,0,0.0165293019512106
p10381,1,0.0166666666666667,,2,6,6,2,247.5,0.28970245,6,0.02631579,1,0,0,0,0.0165293019512106
p10382,0,0,,1,2,2,1,0,0.039846297,,,1,0,0,0,0
p10383,1,0.0166666666666667,,2,17,13,2,117,0.370929,12,0.02631579,1,0,0,0,0.0165293019512106
p10384,1,0.0166666666666667,,2,9,8,2,178.5,0.14138116,8,0.02631579,1,0,0,0,0.0165293019512106
p10385,3,0.05,22.25,4,109,51,3,416.666666666667,0,35,0.0526315783333333,0.75,1,1,1,0.048790164169432
p10386,1,0.0166666666666667,,2,8,7,2,190.5,0.124261505,6,0.02631579,1,0,0,0,0.0165293019512106
p10387,1,0.0166666666666667,,2,9,8,1,150,0,6,0.02631579,0.5,0,0,0,0.0165293019512106
p10388,3,0.05,21.9583333333333,4,114,52,3,385,0,36.3333333333333,0.0526315783333333,0.75,1,1,1,0.048790164169432
p10389,3,0.05,23.5666666666667,4,109,53,4,527.5,0.0287274215,36.3333333333333,0.0526315783333333,1,0,0,0,0.048790164169432
p1039,0,0,,1,1,1,1,7,0.13776913,,,1,1,0,0,0
p10390,1,0.0166666666666667,,2,10,9,1,150,0,8,0.02631579,0.5,1,0,0,0.0165293019512106
p10391,3,0.05,22.3166666666667,5,151.280000000001,50,5,420.6,0.0631614625,33.3333333333333,0.0526315783333333,1,0,0,0,0.048790164169432
p10392,3,0.05,25.6916666666667,3,65,56,2,375,0,40.6666666666667,0.0526315783333333,0.666666666666667,1,1,1,0.048790164169432
p10393,2,0.0333333333333333,42.4666666666667,2,9,8,2,375,0.5,27.5,0.039473685,1,1,1,1,0.0327898228229909
p10394,3,0.05,18.275,4,88,42,3,448.333333333333,0,28.6666666666667,0.0526315783333333,0.75,1,1,1,0.048790164169432
p10395,1,0.0166666666666667,,1,5,5,1,150,1,10,0.02631579,1,1,1,0,0.0165293019512106
p10396,1,0.0166666666666667,,2,18,14,1,85,0,12,0.02631579,0.5,1,1,1,0.0165293019512106
p10397,3,0.05,24.4333333333333,5,151.280000000001,56,4,450,0,36.3333333333333,0.0526315783333333,0.8,0,0,0,0.048790164169432
p10398,0,0,,1,0,0,1,16,0.5444447,,,1,1,1,1,0
p10399,1,0.0166666666666667,,2,8,8,2,153,0.005858255,8,0.02631579,1,1,1,0,0.0165293019512106
p104,0,0,,1,1,1,1,2,0.09406585,,,1,0,0,0,0
p1040,1,0.0166666666666667,,2,19,17,1,15,,16,0,0.5,0,0,0,0.0165293019512106
p10400,0,0,,1,1,1,1,0,0.04708892,,,1,0,0,0,0
p10401,1,0.0166666666666667,,2,11,10,1,150,0,9,0.02631579,0.5,0,0,0,0.0165293019512106
p10402,2,0.0333333333333333,47.4166666666667,3,69,57,2,362.5,0,33,0.039473685,0.666666666666667,0,0,0,0.0327898228229909
p10403,1,0.0166666666666667,,2,16,16,1,15,,15,0,0.5,1,1,1,0.0165293019512106
p10404,1,0.0166666666666667,,2,16,14,1,150,0,14,0.02631579,0.5,0,0,0,0.0165293019512106
p10405,3,0.05,17.9416666666667,4,91,42,4,450,0.0005427951,29.3333333333333,0.0526315783333333,1,1,1,1,0.048790164169432
p10406,1,0.0166666666666667,,2,11,9,1,150,0,9,0.02631579,0.5,1,1,1,0.0165293019512106
p10407,1,0.0166666666666667,,2,24,15,1,150,0,15,0.02631579,0.5,1,0,0,0.0165293019512106
p10408,3,0.05,24.6,4,123,58,3,475,0,40.3333333333333,0.0526315783333333,0.75,0,0,0,0.048790164169432
p10409,2,0.0333333333333333,47.7333333333333,2,12,10,1,150,0,34,0.039473685,0.5,0,0,0,0.0327898228229909
p1041,4,0.0666666666666667,16.7111111111111,4,81,57,3,265,0,34.75,0.03947368375,0.75,0,0,0,0.0645385211375712
p10411,1,0.0166666666666667,,2,21,14,2,233.5,0.2790635,13,0.02631579,1,1,1,1,0.0165293019512106
p10412,1,0.0166666666666667,,2,8,7,2,281.5,0.36414957,7,0.02631579,1,1,1,1,0.0165293019512106
p10413,3,0.05,24.7416666666667,4,118,57,3,475,0,39.3333333333333,0.0526315783333333,0.75,1,1,1,0.048790164169432
p10414,1,0.0166666666666667,,2,10,10,1,150,0,10,0.02631579,0.5,0,0,0,0.0165293019512106
p10415,1,0.0166666666666667,,2,8,6,2,216.5,0.194444135,6,0.02631579,1,1,1,0,0.0165293019512106
p10416,1,0.0166666666666667,,2,12,10,2,184.5,0.12940064,9,0.02631579,1,1,1,1,0.0165293019512106
p10417,1,0.0166666666666667,,2,8,7,2,151.5,0.01621195,7,0.02631579,1,0,0,0,0.0165293019512106
p10418,1,0.0166666666666667,,2,10,9,1,10,0,8,0.02631579,0.5,0,0,0,0.0165293019512106
p10419,1,0.0166666666666667,,2,64,37,1,150,0,37,0.02631579,0.5,1,1,0,0.0165293019512106
p1042,1,0.0166666666666667,,2,9,8,2,102,0.100377255,8,0.02631579,1,0,0,0,0.0165293019512106
p10420,1,0.0166666666666667,,2,6,6,2,174.5,0.13732487,5,0.02631579,1,0,0,0,0.0165293019512106
p10421,4,0.0666666666666667,7.83333333333333,5,7,4,5,1205.75,0.841680266666667,4.9225,0.129561403322221,1,0,0,0,0.0645385211375712
p10422,1,0.0166666666666667,,2,5,5,1,150,0,5,0.02631579,0.5,0,0,0,0.0165293019512106
p10423,1,0.0166666666666667,,1,2,2,1,150,1,11,0.02631579,1,1,0,0,0.0165293019512106
p10424,1,0.0166666666666667,,2,13,11,1,150,0,9,0.02631579,0.5,0,0,0,0.0165293019512106
p10425,2,0.0333333333333333,47.35,2,7,7,2,375,0.5,30.5,0.039473685,1,1,1,1,0.0327898228229909
p10426,1,0.0166666666666667,,1,1,1,0,,,26,0.02631579,0,0,0,0,0.0165293019512106
p10427,1,0.0166666666666667,,1,1,1,1,15,1,13,0,1,0,0,0,0.0165293019512106
p10428,4,0.0666666666666667,16.8555555555556,5,53,37,4,528.75,0.25,21.5,0.059210525,0.8,0,0,0,0.0645385211375712
p1043,1,0.0166666666666667,,2,13,12,1,150,0,11,0.02631579,0.5,0,0,0,0.0165293019512106
p10430,1,0.0166666666666667,,2,9,9,2,10,0.0022298735,9,0.02631579,1,1,1,1,0.0165293019512106
p10431,1,0.0166666666666667,,2,12,10,2,254.5,0.37430365,9,0.02631579,1,1,1,0,0.0165293019512106
p10432,3,0.05,9.75833333333333,6,99,28,5,220.4,0,18.3333333333333,0.04385965,0.833333333333333,1,0,0,0.048790164169432
p10433,1,0.0166666666666667,,2,6,5,2,194.5,0.081166305,5,0.02631579,1,0,0,0,0.0165293019512106
p10434,1,0.0166666666666667,,2,8,7,1,150,0,6,0.02631579,0.5,1,1,1,0.0165293019512106
p10435,1,0.0166666666666667,,2,14,13,2,95.5,0.06320168,12,0.02631579,1,1,1,0,0.0165293019512106
p10436,1,0.0166666666666667,,2,11,10,1,150,0,8,0.02631579,0.5,1,1,0,0.0165293019512106
p10437,1,0.0166666666666667,,2,10,9,1,150,0,8,0.02631579,0.5,1,1,1,0.0165293019512106
p10438,1,0.0166666666666667,,4,47,20,5,119.2,0.111105483333333,6,0.02631579,1.25,1,1,1,0.0165293019512106
p10439,1,0.0166666666666667,,2,14,10,2,150,0,10,0.02631579,1,1,0,0,0.0165293019512106
p1044,1,0.0166666666666667,,2,15,13,1,150,0,12,0.02631579,0.5,0,0,0,0.0165293019512106
p10440,1,0.0166666666666667,,2,13,12,1,150,,10,0.02631579,0.5,0,0,0,0.0165293019512106
p10441,1,0.0166666666666667,,2,9,8,2,156,0.0082876615,8,0.02631579,1,1,1,1,0.0165293019512106
p10442,1,0.0166666666666667,,2,13,10,1,150,0,9,0.02631579,0.5,1,1,1,0.0165293019512106
p10443,1,0.0166666666666667,,2,10,9,1,150,0,9,0.02631579,0.5,1,1,1,0.0165293019512106
p10444,1,0.0166666666666667,,1,2,2,1,8260.32948996292,1,4.9225,0.02631579,1,0,0,0,0.0165293019512106
p10445,3,0.05,23.4666666666667,4,73,53,3,288.333333333333,0,23.3333333333333,0.03508772,0.75,1,1,1,0.048790164169432
p10446,1,0.0166666666666667,,2,12,10,1,150,0,10,0.02631579,0.5,1,1,1,0.0165293019512106
p10448,1,0.0166666666666667,,2,13,12,2,196.5,0.18062943,11,0.02631579,1,1,1,1,0.0165293019512106
p10449,1,0.0166666666666667,,2,9,8,1,150,0,7,0.02631579,0.5,1,1,1,0.0165293019512106
p10450,3,0.05,23.5333333333333,4,111,54,3,475,0,36.3333333333333,0.0526315783333333,0.75,1,0,0,0.048790164169432
p10451,3,0.05,24.3916666666667,4,107,56,4,381.25,0.1508556,35.6666666666667,0.0526315783333333,1,1,1,1,0.048790164169432
p10452,1,0.0166666666666667,,2,15,11,1,150,0,10,0.02631579,0.5,1,1,1,0.0165293019512106
p10453,2,0.0333333333333333,48.8666666666667,2,15,11,1,150,0,34.5,0.039473685,0.5,1,1,1,0.0327898228229909
p10455,1,0.0166666666666667,,2,9,7,2,174,0.04598525,6,0.02631579,1,1,1,1,0.0165293019512106
p10456,1,0.0166666666666667,,2,9,7,2,183,0.071065195,6,0.02631579,1,1,1,1,0.0165293019512106
p10457,1,0.0166666666666667,,2,12,11,2,180.5,0.13849126,10,0.02631579,1,0,0,0,0.0165293019512106
p10459,0,0,,1,2,2,1,18,0.026393311,,,1,0,0,0,0
p10460,2,0.0333333333333333,30.1666666666667,2,5,5,2,375,0.5,20,0.039473685,1,1,1,1,0.0327898228229909
p10461,1,0.0166666666666667,,2,9,7,2,319.5,0.43451357,7,0.02631579,1,1,0,0,0.0165293019512106
p10462,11,0.183333333333333,2.68666666666667,6,151.280000000001,33,6,8260.32948996292,0.111111111111111,21.2727272727273,0.122009568636364,1,0,0,0,0.168335314819215
p10463,1,0.0166666666666667,,2,13,12,1,15,,11,0,0.5,1,1,0,0.0165293019512106
p10464,1,0.0166666666666667,,2,7,6,2,212,0.2206814,6,0.02631579,1,0,0,0,0.0165293019512106
p10465,1,0.0166666666666667,,2,7,6,2,175,0.09074031,6,0.02631579,1,0,0,0,0.0165293019512106
p10467,1,0.0166666666666667,,2,9,9,1,60,0,8,0.02631579,0.5,0,0,0,0.0165293019512106
p10468,1,0.0166666666666667,,2,10,9,2,144.5,0.07111072,9,0.02631579,1,0,0,0,0.0165293019512106
p10469,1,0.0166666666666667,,2,9,8,2,142.5,0.02186977,7,0.02631579,1,1,1,1,0.0165293019512106
p1047,3,0.05,24.5333333333333,3,61,53,3,475,0.333333333333333,37.6666666666667,0.0526315783333333,1,1,1,1,0.048790164169432
p10470,1,0.0166666666666667,,2,16,12,2,170,0.06221173,12,0.02631579,1,0,0,0,0.0165293019512106
p10471,3,0.05,23.3333333333333,3,31,18,2,90,0,29.3333333333333,0.02631579,0.666666666666667,1,1,0,0.048790164169432
p10472,5,0.0833333333333333,14.3083333333333,6,98,33,6,8260.32948996292,0.16757186,28.6,0.078947369,1,1,1,1,0.0800427076735364
p10473,1,0.0166666666666667,,2,21,15,2,102,0.0640094,14,0.02631579,1,1,1,1,0.0165293019512106
p10474,1,0.0166666666666667,,2,15,13,2,125.5,0.0055280295,12,0.02631579,1,1,1,1,0.0165293019512106
p10476,1,0.0166666666666667,,2,54,31,2,211,0.2636138,31,0.02631579,1,1,1,1,0.0165293019512106
p10477,2,0.0333333333333333,15.6833333333333,3,38,25,4,285,0.124692685,19,0.039473685,1.33333333333333,0,0,0,0.0327898228229909
p10478,3,0.05,22.275,3,59,49,3,475,0.333333333333333,36,0.0526315783333333,1,1,1,1,0.048790164169432
p10479,3,0.05,24.4666666666667,4,124,59,3,475,0,40,0.0526315783333333,0.75,0,0,0,0.048790164169432
p1048,1,0.0166666666666667,,2,9,9,2,185,0.190188215,9,0.02631579,1,1,1,0,0.0165293019512106
p10480,1,0.0166666666666667,,1,1,1,1,150,1,6,0.02631579,1,0,0,0,0.0165293019512106
p10481,2,0.0333333333333333,41.5666666666667,2,8,7,2,330,0.5,28,0.039473685,1,1,1,1,0.0327898228229909
p10482,1,0.0166666666666667,,2,13,12,1,15,,11,0,0.5,0,0,0,0.0165293019512106
p10483,1,0.0166666666666667,,2,23,17,1,150,0,14,0.02631579,0.5,0,0,0,0.0165293019512106
p10484,1,0.0166666666666667,,1,1,1,1,150,1,7,0.02631579,1,1,1,1,0.0165293019512106
p10485,1,0.0166666666666667,,2,12,10,2,139,0.1427577,7,0.02631579,1,1,1,1,0.0165293019512106
p10486,1,0.0166666666666667,,2,12,11,1,150,0,11,0.02631579,0.5,0,0,0,0.0165293019512106
p10487,1,0.0166666666666667,,1,3,3,0,,,13,0.02631579,0,0,0,0,0.0165293019512106
p10488,0,0,,1,1,1,1,3,0.3930158,,,1,0,0,0,0
p1049,0,0,,1,1,1,1,1,0.22462891,,,1,0,0,0,0
p10490,1,0.0166666666666667,,2,8,7,2,212.5,0.143122985,7,0.02631579,1,1,0,0,0.0165293019512106
p10491,2,0.0333333333333333,10.3,3,57,31,2,82.5,0,24,0.013157895,0.666666666666667,0,0,0,0.0327898228229909
p10492,1,0.0166666666666667,,1,1,1,1,150,1,7,0.02631579,1,1,1,1,0.0165293019512106
p10493,1,0.0166666666666667,,2,12,11,2,150.25,0.02334444,9,0.02631579,1,0,0,0,0.0165293019512106
p10494,1,0.0166666666666667,,2,7,7,2,174.5,0.259226235,7,0.02631579,1,0,0,0,0.0165293019512106
p10495,1,0.0166666666666667,,2,7,7,2,177.5,0.084006825,6,0.02631579,1,1,0,0,0.0165293019512106
p10496,1,0.0166666666666667,,1,1,1,1,150,1,13,0.02631579,1,1,1,1,0.0165293019512106
p10497,1,0.0166666666666667,,2,16,13,2,175,0.06107776,12,0.02631579,1,1,1,1,0.0165293019512106
p10498,1,0.0166666666666667,,2,53,48,1,150,0,41.3333333333333,0.02631579,0.5,0,0,0,0.0165293019512106
p10499,1,0.0166666666666667,,1,2,2,1,150,1,7,0.02631579,1,1,1,1,0.0165293019512106
p105,1,0.0166666666666667,,1,2,2,1,150,1,9,0.02631579,1,0,0,0,0.0165293019512106
p1050,1,0.0166666666666667,,3,57,45,3,68.4166666666667,0.20175998,11,0.02631579,1,0,0,0,0.0165293019512106
p10500,1,0.0166666666666667,,1,1,1,1,150,1,12,0.02631579,1,1,1,1,0.0165293019512106
p10501,2,0.0333333333333333,29,3,50,37,3,329,0.333333333333333,23.5,0.039473685,1,1,1,1,0.0327898228229909
p10502,2,0.0333333333333333,37.9666666666667,2,11,8,2,375,0.5,27,0.039473685,1,0,0,0,0.0327898228229909
p10503,3,0.05,23.125,4,114,54,3,475,0,37,0.0526315783333333,0.75,0,0,0,0.048790164169432
p10504,1,0.0166666666666667,,2,8,7,2,172.5,0.049712925,7,0.02631579,1,0,0,0,0.0165293019512106
p10505,1,0.0166666666666667,,2,14,12,2,85,0.25784575,11,0.02631579,1,0,0,0,0.0165293019512106
p10507,1,0.0166666666666667,,2,17,15,1,150,0,13,0.02631579,0.5,1,0,0,0.0165293019512106
p10509,1,0.0166666666666667,,1,0,0,1,600,1,22,0.05263158,1,0,0,0,0.0165293019512106
p1051,0,0,,1,2,2,1,4,0.65902114,,,1,1,1,0,0
p10510,2,0.0333333333333333,47.5833333333333,2,14,11,1,75,0,34,0.039473685,0.5,1,1,1,0.0327898228229909
p10511,2,0.0333333333333333,38.1833333333333,2,9,7,2,375,0.5,25,0.039473685,1,1,1,1,0.0327898228229909
p10512,2,0.0333333333333333,49.9333333333333,2,13,11,1,10,0,34,0.039473685,0.5,0,0,0,0.0327898228229909
p10513,1,0.0166666666666667,,2,18,16,1,10,0,14,0.02631579,0.5,0,0,0,0.0165293019512106
p10516,3,0.05,22.25,4,114,53,3,475,0,36.6666666666667,0.0526315783333333,0.75,1,1,1,0.048790164169432
p10518,2,0.0333333333333333,35.5,2,8,6,2,375,0.5,23.5,0.039473685,1,1,1,1,0.0327898228229909
p10519,1,0.0166666666666667,,2,10,9,1,150,0,8,0.02631579,0.5,1,1,1,0.0165293019512106
p1052,3,0.05,25.8416666666667,4,124,59,3,415,0,41,0.0526315783333333,0.75,1,1,1,0.048790164169432
p10520,1,0.0166666666666667,,2,24,22,1,15,,21,0,0.5,1,1,1,0.0165293019512106
p10521,2,0.0333333333333333,49.1,3,72,59,2,375,0,33.5,0.039473685,0.666666666666667,1,0,0,0.0327898228229909
p10522,3,0.05,24.5583333333333,3,60,52,3,431.666666666667,0.333333333333333,38,0.0526315783333333,1,1,0,0,0.048790164169432
p10523,1,0.0166666666666667,,2,15,13,2,108,0.0215798335,12,0.02631579,1,1,1,0,0.0165293019512106
p10524,1,0.0166666666666667,,2,14,13,2,30.5,0.12162363,12,0,1,0,0,0,0.0165293019512106
p10525,1,0.0166666666666667,,2,16,15,2,332.5,0.46577785,13,0.02631579,1,1,1,1,0.0165293019512106
p10526,1,0.0166666666666667,,1,1,1,1,150,1,6,0.02631579,1,1,1,1,0.0165293019512106
p10528,1,0.0166666666666667,,2,10,9,2,238.5,0.397367,9,0.02631579,1,1,0,0,0.0165293019512106
p10529,1,0.0166666666666667,,2,9,8,2,112,0.014133836,8,0.02631579,1,0,0,0,0.0165293019512106
p1053,1,0.0166666666666667,,2,16,14,1,150,0,8,0.02631579,0.5,1,1,1,0.0165293019512106
p10530,3,0.05,25.7666666666667,4,119,58,3,410,0,38.6666666666667,0.0526315783333333,0.75,1,1,1,0.048790164169432
p10531,0,0,,1,3,3,1,11,0.37509844,,,1,1,1,0,0
p10532,1,0.0166666666666667,,2,7,7,2,189.5,0.083213895,7,0.02631579,1,0,0,0,0.0165293019512106
p10533,1,0.0166666666666667,,2,11,9,1,150,0,8,0.02631579,0.5,1,1,0,0.0165293019512106
p10534,3,0.05,9.75833333333333,4,50,20,5,150.2,0.022185834,19.3333333333333,0.01754386,1.25,1,1,1,0.048790164169432
p10535,1,0.0166666666666667,,2,19,17,2,150,0,17,0.02631579,1,0,0,0,0.0165293019512106
p10536,3,0.05,23.6916666666667,3,26,17,4,274,0.3074649825,27.3333333333333,0.0526315783333333,1.33333333333333,1,1,1,0.048790164169432
p10537,1,0.0166666666666667,,2,10,9,1,150,0,8,0.02631579,0.5,1,0,0,0.0165293019512106
p10538,1,0.0166666666666667,,2,12,11,2,124.5,0.089845165,10,0.02631579,1,0,0,0,0.0165293019512106
p10539,3,0.05,17.325,4,87,41,3,390,0,27.6666666666667,0.0526315783333333,0.75,0,0,0,0.048790164169432
p1054,1,0.0166666666666667,,2,11,10,1,60,0,8,0.02631579,0.5,1,1,1,0.0165293019512106
p10540,3,0.05,19.2666666666667,4,95,45,3,425,0,31,0.0526315783333333,0.75,1,0,0,0.048790164169432
p10541,1,0.0166666666666667,,2,9,8,1,150,0,7,0.02631579,0.5,1,1,1,0.0165293019512106
p10542,1,0.0166666666666667,,2,16,13,2,212,0.11243104,12,0.02631579,1,1,1,1,0.0165293019512106
p10543,1,0.0166666666666667,,2,16,14,1,150,0,12,0.02631579,0.5,1,1,1,0.0165293019512106
p10544,3,0.05,22.9916666666667,4,115,54,3,475,0,37,0.0526315783333333,0.75,1,1,1,0.048790164169432
p10545,1,0.0166666666666667,,2,11,10,2,190,0.080199385,9,0.02631579,1,1,0,0,0.0165293019512106
p10546,1,0.0166666666666667,,3,16,8,3,150.25,0.610154255,6,0.02631579,1,1,1,1,0.0165293019512106
p10547,1,0.0166666666666667,,2,14,11,1,150,0,10,0.02631579,0.5,1,0,0,0.0165293019512106
p10548,0,0,,1,2,2,1,11,0.4389837,,,1,0,0,0,0
p10549,1,0.0166666666666667,,2,9,8,2,141,0.03145245,8,0.02631579,1,0,0,0,0.0165293019512106
p1055,1,0.0166666666666667,,2,12,10,1,150,0,8,0.02631579,0.5,1,0,0,0.0165293019512106
p10550,1,0.0166666666666667,,2,13,12,1,150,0,11,0.02631579,0.5,1,1,1,0.0165293019512106
p10551,1,0.0166666666666667,,2,10,9,2,286,0.337325425,8,0.02631579,1,1,1,1,0.0165293019512106
p10552,1,0.0166666666666667,,2,19,18,2,216,0.16707161,17,0.02631579,1,0,0,0,0.0165293019512106
p10553,2,0.0333333333333333,41.1666666666667,2,11,8,2,375,0.5,27.5,0.039473685,1,0,0,0,0.0327898228229909
p10554,1,0.0166666666666667,,2,37,25,1,0,0,23,0.02631579,0.5,1,1,1,0.0165293019512106
p10555,2,0.0333333333333333,18.5833333333333,3,38,25,3,227.666666666667,0.333333333333333,20,0.039473685,1,1,1,0,0.0327898228229909
p10556,1,0.0166666666666667,,2,10,9,1,150,0,8,0.02631579,0.5,1,1,1,0.0165293019512106
p10557,1,0.0166666666666667,,2,24,23,2,133,0.099178865,21,0.02631579,1,1,1,1,0.0165293019512106
p10558,1,0.0166666666666667,,1,1,1,1,150,1,4.9225,0.02631579,1,0,0,0,0.0165293019512106
p10559,1,0.0166666666666667,,2,10,9,2,93.5,0.18369779,7,0.02631579,1,0,0,0,0.0165293019512106
p10560,3,0.05,20.2916666666667,3,55,45,3,475,0.333333333333333,32.3333333333333,0.0526315783333333,1,1,1,0,0.048790164169432
p10561,2,0.0333333333333333,6.63333333333333,2,16,11,2,82.5,0.5,14,0.013157895,1,0,0,0,0.0327898228229909
p10563,2,0.0333333333333333,26.8333333333333,4,63,36,4,136.25,0.0185460225,21.5,0.02631579,1,0,0,0,0.0327898228229909
p10564,1,0.0166666666666667,,2,7,6,1,150,,6,0.02631579,0.5,1,0,0,0.0165293019512106
p10565,0,0,,1,1,1,1,41,0.16932973,,,1,1,1,1,0
p10566,1,0.0166666666666667,,2,6,5,2,168.5,0.02865484,5,0.02631579,1,1,1,0,0.0165293019512106
p10567,1,0.0166666666666667,,2,8,7,1,150,0,7,0.02631579,0.5,0,0,0,0.0165293019512106
p10568,3,0.05,21.8833333333333,4,114,53,3,415,0,36.3333333333333,0.0526315783333333,0.75,1,1,0,0.048790164169432
p10569,1,0.0166666666666667,,2,9,7,2,176.5,0.06493335,6,0.02631579,1,1,0,0,0.0165293019512106
p1057,1,0.0166666666666667,,2,7,6,2,178,0.062086345,5,0.02631579,1,0,0,0,0.0165293019512106
p10570,1,0.0166666666666667,,2,8,7,1,150,0,7,0.02631579,0.5,0,0,0,0.0165293019512106
p10571,1,0.0166666666666667,,2,9,8,1,150,0,8,0.02631579,0.5,1,1,1,0.0165293019512106
p10573,1,0.0166666666666667,,2,9,8,2,212,0.21900463,7,0.02631579,1,0,0,0,0.0165293019512106
p10575,3,0.05,17.3833333333333,5,122,40,4,525,0,26.6666666666667,0.0526315783333333,0.8,1,1,1,0.048790164169432
p10576,1,0.0166666666666667,,2,11,9,1,150,0,9,0.02631579,0.5,1,1,0,0.0165293019512106
p10577,1,0.0166666666666667,,2,7,6,2,156,0.0085902095,6,0.02631579,1,1,1,1,0.0165293019512106
p10578,2,0.0333333333333333,50.85,2,10,9,1,150,0,33,0.039473685,0.5,0,0,0,0.0327898228229909
p10579,3,0.05,21.6583333333333,4,109,51,3,475,0,35.6666666666667,0.0526315783333333,0.75,0,0,0,0.048790164169432
p1058,3,0.05,17.4416666666667,4,86,40,4,520,0.0600405025,27.6666666666667,0.0526315783333333,1,0,0,0,0.048790164169432
p10580,1,0.0166666666666667,,2,8,6,1,150,0,6,0.02631579,0.5,1,0,0,0.0165293019512106
p10581,3,0.05,19.8666666666667,4,93,45,3,391.666666666667,0,31,0.0526315783333333,0.75,1,1,1,0.048790164169432
p10582,1,0.0166666666666667,,2,17,13,1,150,0,12,0.02631579,0.5,1,1,1,0.0165293019512106
p10583,1,0.0166666666666667,,2,13,10,1,150,0,9,0.02631579,0.5,0,0,0,0.0165293019512106
p10584,1,0.0166666666666667,,2,13,13,2,233,0.2703304,12,0.02631579,1,1,0,0,0.0165293019512106
p10585,1,0.0166666666666667,,2,13,11,2,119,0.039114803,10,0.02631579,1,0,0,0,0.0165293019512106
p10586,1,0.0166666666666667,,2,16,12,2,31.5,0.021084275,8,0.02631579,1,0,0,0,0.0165293019512106
p10587,1,0.0166666666666667,,2,10,9,2,257,0.2218363,9,0.02631579,1,0,0,0,0.0165293019512106
p10588,1,0.0166666666666667,,1,3,3,1,150,1,14,0.02631579,1,1,1,1,0.0165293019512106
p1059,1,0.0166666666666667,,2,10,9,2,73,0.07049485,6,0.02631579,1,0,0,0,0.0165293019512106
p10590,2,0.0333333333333333,43.6,2,10,8,2,230,0.5,29,0.039473685,1,0,0,0,0.0327898228229909
p10591,1,0.0166666666666667,,2,16,14,1,10,0,11,0.02631579,0.5,1,1,1,0.0165293019512106
p10592,3,0.05,24.4833333333333,4,120,57,3,458.333333333333,0,39,0.0526315783333333,0.75,0,0,0,0.048790164169432
p10593,1,0.0166666666666667,,2,9,7,2,313,0.406065525,6,0.02631579,1,1,0,0,0.0165293019512106
p10594,1,0.0166666666666667,,2,9,8,1,150,0,7,0.02631579,0.5,1,1,1,0.0165293019512106
p10595,2,0.0333333333333333,44.9333333333333,3,64,54,2,285,0,29.5,0.039473685,0.666666666666667,0,0,0,0.0327898228229909
p10597,1,0.0166666666666667,,2,12,11,2,165.5,0.058475765,11,0.02631579,1,0,0,0,0.0165293019512106
p10598,1,0.0166666666666667,,2,11,9,2,167.5,0.03021805,9,0.02631579,1,1,1,1,0.0165293019512106
p10599,0,0,,1,1,1,1,29,0.57389843,,,1,1,1,1,0
p106,1,0.0166666666666667,,2,8,7,2,222.5,0.40815097,5,0.02631579,1,0,0,0,0.0165293019512106
p1060,1,0.0166666666666667,,2,9,8,1,150,0,8,0.02631579,0.5,0,0,0,0.0165293019512106
p10600,2,0.0333333333333333,47.4166666666667,2,9,8,2,362.5,0.5,30.5,0.039473685,1,0,0,0,0.0327898228229909
p10601,1,0.0166666666666667,,2,14,13,1,150,0,10,0.02631579,0.5,1,1,1,0.0165293019512106
p10602,1,0.0166666666666667,,2,10,9,1,150,0,8,0.02631579,0.5,1,1,1,0.0165293019512106
p10605,1,0.0166666666666667,,2,19,15,1,110,0,15,0.02631579,0.5,1,1,1,0.0165293019512106
p10607,2,0.0333333333333333,6.4,2,8,7,2,90,0.5,9.5,0.013157895,1,0,0,0,0.0327898228229909
p10608,1,0.0166666666666667,,2,7,7,2,156,0.02991264,7,0.02631579,1,0,0,0,0.0165293019512106
p10609,1,0.0166666666666667,,3,20,12,3,112.583333333333,0.0143774933333333,11,0.02631579,1,1,1,1,0.0165293019512106
p1061,1,0.0166666666666667,,2,12,9,2,230,0.1388382,8,0.02631579,1,0,0,0,0.0165293019512106
p10610,1,0.0166666666666667,,2,6,5,1,150,0,5,0.02631579,0.5,1,1,0,0.0165293019512106
p10611,3,0.05,23.7,3,68,56,3,408.333333333333,0.333333333333333,41,0.0526315783333333,1,1,1,0,0.048790164169432
p10613,3,0.05,13.325,6,135,36,6,154.892857142857,0.2973662825,24.3333333333333,0.02631579,1,0,0,0,0.048790164169432
p10614,0,0,,1,1,1,1,2,0.020978985,,,1,0,0,0,0
p10615,3,0.05,23.775,4,30,13,4,479.25,0.222066835,9.33333333333333,0.0526315783333333,1,1,1,1,0.048790164169432
p10616,1,0.0166666666666667,,3,105,46,4,92,0.2352443,41.3333333333333,0.02631579,1.33333333333333,1,1,1,0.0165293019512106
p10618,2,0.0333333333333333,47.2166666666667,3,69,57,2,375,0,32.5,0.039473685,0.666666666666667,1,1,1,0.0327898228229909
p10619,1,0.0166666666666667,,2,10,8,1,150,0,8,0.02631579,0.5,1,1,0,0.0165293019512106
p1062,1,0.0166666666666667,,2,27,22,1,150,0,16,0.02631579,0.5,1,1,1,0.0165293019512106
p10621,1,0.0166666666666667,,2,17,15,1,150,0,15,0.02631579,0.5,0,0,0,0.0165293019512106
p10622,3,0.05,8.50833333333333,5,91,39,5,254.6,0.047937622,16.3333333333333,0.02631579,1,1,1,1,0.048790164169432
p10623,1,0.0166666666666667,,2,14,12,1,150,0,11,0.02631579,0.5,0,0,0,0.0165293019512106
p10625,2,0.0333333333333333,8.2,3,37,22,2,156.25,0,17,0.02631579,0.666666666666667,1,1,1,0.0327898228229909
p10626,1,0.0166666666666667,,2,11,10,2,188,0.07385871,10,0.02631579,1,1,1,1,0.0165293019512106
p10627,1,0.0166666666666667,,2,33,21,1,150,0,20,0.02631579,0.5,1,0,0,0.0165293019512106
p10628,2,0.0333333333333333,49.5666666666667,2,10,8,2,250,0.5,32,0.039473685,1,1,1,1,0.0327898228229909
p10629,1,0.0166666666666667,,2,8,7,1,150,0,6,0.02631579,0.5,0,0,0,0.0165293019512106
p10630,1,0.0166666666666667,,1,4,4,0,,,11,0.02631579,0,0,0,0,0.0165293019512106
p10631,27,0.45,1.96602564102564,6,151.280000000001,54,6,8260.32948996292,0.0384469626923077,27.1111111111111,0.129561403322221,1,0,0,0,0.371563556432483
p10632,1,0.0166666666666667,,2,15,10,1,150,0,10,0.02631579,0.5,0,0,0,0.0165293019512106
p10633,2,0.0333333333333333,32.4,3,50,41,2,350,0,23,0.039473685,0.666666666666667,0,0,0,0.0327898228229909
p10637,3,0.05,22.2583333333333,4,110,52,4,531.25,0.0288410775,35.6666666666667,0.0526315783333333,1,0,0,0,0.048790164169432
p10638,1,0.0166666666666667,,2,12,12,1,150,1,18,0.02631579,0.5,0,0,0,0.0165293019512106
p10639,1,0.0166666666666667,,2,22,15,2,100,0.003161417,12,0.02631579,1,0,0,0,0.0165293019512106
p1064,1,0.0166666666666667,,2,23,16,1,150,0,16,0.02631579,0.5,1,1,1,0.0165293019512106
p10640,1,0.0166666666666667,,2,12,9,1,150,0,8,0.02631579,0.5,1,1,1,0.0165293019512106
p10641,0,0,,1,1,1,1,20,0.18824638,,,1,1,1,1,0
p10643,1,0.0166666666666667,,2,40,38,1,100,0,36,0.02631579,0.5,1,1,1,0.0165293019512106
p10644,1,0.0166666666666667,,1,0,0,1,150,1,8,0.02631579,1,0,0,0,0.0165293019512106
p10645,0,0,,1,2,2,1,56,0.11545158,,,1,1,1,1,0
p10646,1,0.0166666666666667,,2,13,12,1,150,0,12,0.02631579,0.5,1,0,0,0.0165293019512106
p10647,1,0.0166666666666667,,2,18,16,2,261,0.30301715,16,0.02631579,1,0,0,0,0.0165293019512106
p10648,2,0.0333333333333333,45.5666666666667,3,59,52,2,375,0,28.5,0.039473685,0.666666666666667,1,0,0,0.0327898228229909
p10649,1,0.0166666666666667,,2,8,7,2,252,0.3321265,6,0.02631579,1,1,1,1,0.0165293019512106
p1065,3,0.05,20.1833333333333,4,70,47,4,350,0.051434655,23.3333333333333,0.0526315783333333,1,0,0,0,0.048790164169432
p10650,2,0.0333333333333333,17.25,3,34,24,3,204,0.0720993066666667,17,0.039473685,1,1,1,1,0.0327898228229909
p10651,1,0.0166666666666667,,2,9,7,2,259.5,0.25544837,7,0.02631579,1,1,1,0,0.0165293019512106
p10652,3,0.05,21.0083333333333,4,99,48,3,475,0,31.6666666666667,0.0526315783333333,0.75,1,1,1,0.048790164169432
p10653,1,0.0166666666666667,,1,2,2,1,150,1,9,0.02631579,1,0,0,0,0.0165293019512106
p10654,1,0.0166666666666667,,2,17,14,2,236.5,0.15762876,13,0.02631579,1,0,0,0,0.0165293019512106
p10655,3,0.05,22.4,4,105,49,3,475,0,34,0.0526315783333333,0.75,1,1,0,0.048790164169432
p10656,1,0.0166666666666667,,2,6,5,2,296,0.37917765,5,0.02631579,1,1,0,0,0.0165293019512106
p10659,1,0.0166666666666667,,2,8,8,2,230.5,0.212069065,7,0.02631579,1,0,0,0,0.0165293019512106
p1066,1,0.0166666666666667,,2,10,9,1,150,0,9,0.02631579,0.5,0,0,0,0.0165293019512106
p10660,1,0.0166666666666667,,2,12,11,1,150,0,11,0.02631579,0.5,1,1,0,0.0165293019512106
p10662,3,0.05,21.3583333333333,4,129,56,3,475,0,40.3333333333333,0.0526315783333333,0.75,1,0,0,0.048790164169432
p10663,1,0.0166666666666667,,2,11,9,2,175.5,0.17972985,8,0.02631579,1,1,0,0,0.0165293019512106
p10664,1,0.0166666666666667,,2,9,8,2,158.5,0.02456899,8,0.02631579,1,0,0,0,0.0165293019512106
p10665,1,0.0166666666666667,,2,19,13,1,150,0,12,0.02631579,0.5,1,1,1,0.0165293019512106
p10666,1,0.0166666666666667,,2,8,7,2,222.5,0.433817925,6,0.02631579,1,0,0,0,0.0165293019512106
p10667,0,0,,1,1,1,2,1,0.15515627385,,,2,0,0,0,0
p10668,1,0.0166666666666667,,2,14,12,1,150,0,11,0.02631579,0.5,1,1,0,0.0165293019512106
p10669,0,0,,1,2,2,0,,,,,0,0,0,0,0
p1067,1,0.0166666666666667,,2,11,10,1,150,0,9,0.02631579,0.5,1,1,1,0.0165293019512106
p10670,0,0,,1,1,1,1,23,0.47177148,,,1,1,1,1,0
p10671,2,0.0333333333333333,44.1333333333333,3,64,52,2,375,0,30,0.039473685,0.666666666666667,1,1,1,0.0327898228229909
p10672,1,0.0166666666666667,,1,1,1,1,150,1,6,0.02631579,1,0,0,0,0.0165293019512106
p10673,1,0.0166666666666667,,1,2,2,1,150,1,11,0.02631579,1,1,1,1,0.0165293019512106
p10675,1,0.0166666666666667,,2,14,11,1,150,,10,0.02631579,0.5,0,0,0,0.0165293019512106
p10676,0,0,,1,15,15,0,,,,,0,1,1,1,0
p10677,1,0.0166666666666667,,2,15,13,2,168,0.034269505,13,0.02631579,1,1,1,1,0.0165293019512106
p10678,1,0.0166666666666667,,2,6,5,2,186.5,0.1204056,5,0.02631579,1,1,1,1,0.0165293019512106
p10679,3,0.05,24.5166666666667,3,64,54,3,425,0.333333333333333,39,0.0526315783333333,1,1,1,1,0.048790164169432
p1068,1,0.0166666666666667,,2,10,9,1,150,0,9,0.02631579,0.5,0,0,0,0.0165293019512106
p10680,2,0.0333333333333333,45.2166666666667,2,12,10,2,335,0.5,31.5,0.039473685,1,1,1,1,0.0327898228229909
p10681,3,0.05,23.6,4,123,57,3,415,0,40,0.0526315783333333,0.75,1,1,1,0.048790164169432
p10682,1,0.0166666666666667,,2,9,8,1,150,0,8,0.02631579,0.5,0,0,0,0.0165293019512106
p10683,1,0.0166666666666667,,2,17,16,1,150,0,16,0.02631579,0.5,1,0,0,0.0165293019512106
p10684,1,0.0166666666666667,,2,11,10,1,150,0,9,0.02631579,0.5,0,0,0,0.0165293019512106
p10685,2,0.0333333333333333,43.9666666666667,2,7,6,2,362.5,0.5,27,0.039473685,1,1,1,0,0.0327898228229909
p10686,1,0.0166666666666667,,1,1,1,1,100,1,7,0.02631579,1,0,0,0,0.0165293019512106
p10687,1,0.0166666666666667,,2,11,10,2,182,0.0641626,9,0.02631579,1,1,0,0,0.0165293019512106
p10688,1,0.0166666666666667,,2,10,8,2,156,0.008686765,8,0.02631579,1,1,1,1,0.0165293019512106
p10689,2,0.0333333333333333,36.5,2,11,7,2,375,0.5,25.5,0.039473685,1,1,1,1,0.0327898228229909
p1069,1,0.0166666666666667,,2,15,13,2,193.5,0.22747214,13,0.02631579,1,0,0,0,0.0165293019512106
p10690,1,0.0166666666666667,,2,9,8,1,150,0,8,0.02631579,0.5,1,1,1,0.0165293019512106
p10691,3,0.05,9.9,4,32,14,4,391.25,0.50032790637,13,0.078947365,1,0,0,0,0.048790164169432
p10692,1,0.0166666666666667,,2,21,15,1,150,0,14,0.02631579,0.5,1,1,1,0.0165293019512106
p10693,1,0.0166666666666667,,2,16,12,1,150,0,12,0.02631579,0.5,0,0,0,0.0165293019512106
p10694,1,0.0166666666666667,,2,8,7,2,178.5,0.08292141,7,0.02631579,1,1,1,1,0.0165293019512106
p10695,1,0.0166666666666667,,2,9,9,1,150,0,7,0.02631579,0.5,1,1,1,0.0165293019512106
p10696,1,0.0166666666666667,,2,21,16,1,150,0,13,0.02631579,0.5,1,1,1,0.0165293019512106
p10697,1,0.0166666666666667,,1,6,6,1,15,1,17,0,1,0,0,0,0.0165293019512106
p10698,1,0.0166666666666667,,2,11,9,1,150,0,9,0.02631579,0.5,1,1,1,0.0165293019512106
p10699,1,0.0166666666666667,,2,18,16,2,234,0.174728335,14,0.02631579,1,0,0,0,0.0165293019512106
p107,3,0.05,21.7333333333333,4,105,50,3,398.333333333333,0,34.3333333333333,0.0526315783333333,0.75,1,1,0,0.048790164169432
p1070,1,0.0166666666666667,,2,8,8,1,150,0,7,0.02631579,0.5,0,0,0,0.0165293019512106
p10701,1,0.0166666666666667,,3,55,28,2,81,0,27,0.02631579,0.666666666666667,0,0,0,0.0165293019512106
p10702,1,0.0166666666666667,,2,9,8,1,150,0,7,0.02631579,0.5,0,0,0,0.0165293019512106
p10703,1,0.0166666666666667,,2,11,8,2,164.5,0.051462207,8,0.02631579,1,0,0,0,0.0165293019512106
p10704,1,0.0166666666666667,,2,30,24,2,75,0.0017457474,15,0.02631579,1,1,1,0,0.0165293019512106
p10705,1,0.0166666666666667,,2,6,6,2,151.5,0.217488215,6,0.02631579,1,1,1,1,0.0165293019512106
p10706,1,0.0166666666666667,,1,0,0,1,150,1,6,0.02631579,1,0,0,0,0.0165293019512106
p10707,1,0.0166666666666667,,2,10,8,2,234.5,0.253991635,8,0.02631579,1,0,0,0,0.0165293019512106
p10708,1,0.0166666666666667,,2,8,7,1,150,0,7,0.02631579,0.5,0,0,0,0.0165293019512106
p10709,2,0.0333333333333333,41.05,3,70,53,3,450,0.00710019766666667,31.5,0.039473685,1,0,0,0,0.0327898228229909
p1071,1,0.0166666666666667,,2,18,16,1,150,0,15,0.02631579,0.5,1,1,0,0.0165293019512106
p10710,2,0.0333333333333333,18.3166666666667,3,30,23,3,269.333333333333,0.333333333333333,16,0.039473685,1,1,1,1,0.0327898228229909
p10711,1,0.0166666666666667,,2,33,31,1,150,0,31,0.02631579,0.5,0,0,0,0.0165293019512106
p10712,1,0.0166666666666667,,2,11,10,1,150,0,7,0.02631579,0.5,0,0,0,0.0165293019512106
p10713,4,0.0666666666666667,16.2333333333333,5,126,55,4,405,0,31.25,0.04605263125,0.8,0,0,0,0.0645385211375712
p10714,1,0.0166666666666667,,2,9,8,1,150,0,8,0.02631579,0.5,0,0,0,0.0165293019512106
p10715,1,0.0166666666666667,,1,1,1,1,150,1,13,0.02631579,1,1,1,1,0.0165293019512106
p10716,3,0.05,21.7083333333333,4,101,49,3,475,0,33,0.0526315783333333,0.75,1,1,1,0.048790164169432
p10717,1,0.0166666666666667,,2,8,7,2,245,0.19686714,6,0.02631579,1,0,0,0,0.0165293019512106
p10718,1,0.0166666666666667,,1,1,1,1,150,1,7,0.02631579,1,1,1,1,0.0165293019512106
p10719,1,0.0166666666666667,,1,1,1,1,150,1,8,0.02631579,1,1,1,1,0.0165293019512106
p1072,1,0.0166666666666667,,2,5,4,1,150,0,4.9225,0.02631579,0.5,1,1,1,0.0165293019512106
p10721,1,0.0166666666666667,,2,19,13,2,8260.32948996292,0.02717318,7,0.02631579,1,0,0,0,0.0165293019512106
p10722,1,0.0166666666666667,,2,9,8,1,150,0,7,0.02631579,0.5,1,1,0,0.0165293019512106
p10723,0,0,,1,1,1,1,3,0.1090518,,,1,0,0,0,0
p10724,1,0.0166666666666667,,2,9,8,2,212.75,0.97381145,8,0.02631579,1,1,1,1,0.0165293019512106
p10725,3,0.05,19.5666666666667,4,96,45,3,311.666666666667,0,31,0.0526315783333333,0.75,1,1,1,0.048790164169432
p10726,1,0.0166666666666667,,2,11,10,2,125,0.0017816061,10,0.02631579,1,1,1,1,0.0165293019512106
p10727,2,0.0333333333333333,21.3166666666667,3,58,35,3,130.166666666667,0.5,32.5,0.02631579,1,0,0,0,0.0327898228229909
p10728,0,0,,1,0,0,1,23,0.11693764,,,1,0,0,0,0
p10729,1,0.0166666666666667,,1,5,5,1,90,1,10,0.02631579,1,0,0,0,0.0165293019512106
p1073,1,0.0166666666666667,,2,8,7,2,156,0.0085528635,7,0.02631579,1,0,0,0,0.0165293019512106
p10730,0,0,,1,3,3,1,107.5,0.9623586,,,1,1,1,1,0
p10731,1,0.0166666666666667,,2,11,9,2,297,0.4448653,8,0.02631579,1,1,1,1,0.0165293019512106
p10732,1,0.0166666666666667,,2,11,10,2,59,0.072126805,9,0.02631579,1,0,0,0,0.0165293019512106
p10733,1,0.0166666666666667,,2,17,13,1,150,0,13,0.02631579,0.5,0,0,0,0.0165293019512106
p10735,1,0.0166666666666667,,2,13,11,1,60,0,10,0.02631579,0.5,1,1,0,0.0165293019512106
p10736,1,0.0166666666666667,,2,46,29,1,150,0,29,0.02631579,0.5,0,0,0,0.0165293019512106
p10737,3,0.05,21.6583333333333,4,102,49,3,465,0,33.6666666666667,0.0526315783333333,0.75,1,1,1,0.048790164169432
p10738,1,0.0166666666666667,,3,31,17,3,8260.32948996292,0.019496185,9,0.02631579,1,1,1,1,0.0165293019512106
p10739,1,0.0166666666666667,,2,15,14,1,150,0,13,0.02631579,0.5,1,1,1,0.0165293019512106
p1074,1,0.0166666666666667,,2,23,15,1,150,0,15,0.02631579,0.5,1,1,1,0.0165293019512106
p10740,1,0.0166666666666667,,2,17,14,2,150,0,12,0.02631579,1,1,1,1,0.0165293019512106
p10741,2,0.0333333333333333,39.6333333333333,3,58,48,2,285,0,28,0.039473685,0.666666666666667,0,0,0,0.0327898228229909
p10742,1,0.0166666666666667,,2,12,10,1,150,0,9,0.02631579,0.5,1,1,1,0.0165293019512106
p10743,1,0.0166666666666667,,2,14,12,1,150,0,11,0.02631579,0.5,1,1,0,0.0165293019512106
p10744,2,0.0333333333333333,18.4666666666667,4,68,35,4,300.5,0.10723523,17,0.039473685,1,0,0,0,0.0327898228229909
p10746,1,0.0166666666666667,,1,2,2,1,150,1,11,0.02631579,1,1,1,1,0.0165293019512106
p10747,1,0.0166666666666667,,2,17,14,2,169.5,0.03677009,13,0.02631579,1,0,0,0,0.0165293019512106
p10748,2,0.0333333333333333,51.05,2,10,9,2,292.5,0.5,33.5,0.039473685,1,1,1,1,0.0327898228229909
p10749,1,0.0166666666666667,,2,11,9,2,130,0.026818195,8,0.02631579,1,0,0,0,0.0165293019512106
p1075,1,0.0166666666666667,,2,6,5,2,271.5,0.36110115,4.9225,0.02631579,1,1,0,0,0.0165293019512106
p10750,2,0.0333333333333333,45.4333333333333,3,59,52,2,375,0,28.5,0.039473685,0.666666666666667,1,1,1,0.0327898228229909
p10751,2,0.0333333333333333,50.95,3,67,58,2,250,0,32.5,0.039473685,0.666666666666667,0,0,0,0.0327898228229909
p10752,1,0.0166666666666667,,2,8,8,2,102.5,0.168989675,7,0.02631579,1,1,1,1,0.0165293019512106
p10753,1,0.0166666666666667,,1,1,1,1,150,1,10,0.02631579,1,0,0,0,0.0165293019512106
p10754,1,0.0166666666666667,,2,9,7,3,114,0.0430655206666667,7,0.02631579,1.5,0,0,0,0.0165293019512106
p10756,3,0.05,23.1333333333333,4,113,54,3,415,0,37,0.0526315783333333,0.75,1,1,1,0.048790164169432
p10757,3,0.05,19.725,4,131,54,3,475,0,39,0.0526315783333333,0.75,1,1,1,0.048790164169432
p10759,1,0.0166666666666667,,2,11,10,1,150,0,9,0.02631579,0.5,1,1,0,0.0165293019512106
p1076,2,0.0333333333333333,37.25,3,62,48,3,450,0,28,0.039473685,1,1,1,1,0.0327898228229909
p10761,1,0.0166666666666667,,3,69,59,2,157,0,9,0.02631579,0.666666666666667,0,0,0,0.0165293019512106
p10762,1,0.0166666666666667,,1,1,1,1,150,1,7,0.02631579,1,0,0,0,0.0165293019512106
p10763,0,0,,1,1,1,1,19,0.3844143,,,1,1,1,1,0
p10764,2,0.0333333333333333,34.7833333333333,2,8,7,2,375,0.5,24.5,0.039473685,1,0,0,0,0.0327898228229909
p10765,0,0,,1,1,1,1,18,0.46698517,,,1,1,1,1,0
p10767,3,0.05,22.8583333333333,4,107,51,3,475,0,34.6666666666667,0.0526315783333333,0.75,1,1,1,0.048790164169432
p10768,0,0,,1,1,1,0,,,,,0,0,0,0,0
p10769,2,0.0333333333333333,26.1166666666667,3,49,35,3,243,0.0888942333333333,24,0.039473685,1,1,0,0,0.0327898228229909
p1077,1,0.0166666666666667,,2,13,11,2,188.5,0.14731097,10,0.02631579,1,0,0,0,0.0165293019512106
p10770,1,0.0166666666666667,,2,20,15,1,150,0,14,0.02631579,0.5,0,0,0,0.0165293019512106
p10771,1,0.0166666666666667,,2,12,10,2,206,0.13892539,9,0.02631579,1,0,0,0,0.0165293019512106
p10772,2,0.0333333333333333,48.5166666666667,3,63,55,3,450,0.00365636566666667,30.5,0.039473685,1,1,0,0,0.0327898228229909
p10773,3,0.05,24.7333333333333,3,63,54,2,375,0,39.6666666666667,0.0526315783333333,0.666666666666667,1,0,0,0.048790164169432
p10774,1,0.0166666666666667,,2,11,10,1,150,0,9,0.02631579,0.5,1,1,1,0.0165293019512106
p10775,1,0.0166666666666667,,2,8,7,2,113.5,0.04999427,5,0.02631579,1,0,0,0,0.0165293019512106
p10776,1,0.0166666666666667,,2,21,20,1,150,0,20,0.02631579,0.5,1,1,1,0.0165293019512106
p10778,1,0.0166666666666667,,2,13,12,1,15,,11,0,0.5,0,0,0,0.0165293019512106
p10779,1,0.0166666666666667,,2,13,11,2,105,0.06395421,11,0.02631579,1,0,0,0,0.0165293019512106
p1078,1,0.0166666666666667,,2,13,11,1,150,0,10,0.02631579,0.5,1,1,1,0.0165293019512106
p10780,3,0.05,21.225,4,114,53,3,475,0,37.6666666666667,0.0526315783333333,0.75,1,0,0,0.048790164169432
p10781,2,0.0333333333333333,7.65,3,32,19,2,90,0,14.5,0.013157895,0.666666666666667,0,0,0,0.0327898228229909
p10782,2,0.0333333333333333,31.1333333333333,3,43,37,2,375,0,20.5,0.039473685,0.666666666666667,1,0,0,0.0327898228229909
p10783,1,0.0166666666666667,,2,11,9,1,150,0,8,0.02631579,0.5,1,1,1,0.0165293019512106
p10784,1,0.0166666666666667,,2,10,9,1,150,0,8,0.02631579,0.5,1,1,0,0.0165293019512106
p10785,1,0.0166666666666667,,2,8,7,2,176,0.09561138,6,0.02631579,1,1,1,1,0.0165293019512106
p10786,3,0.05,18.425,4,88,42,3,475,0,29,0.0526315783333333,0.75,0,0,0,0.048790164169432
p10787,1,0.0166666666666667,,1,2,2,3,319,0.287368823333333,4.9225,0.05263158,3,1,1,1,0.0165293019512106
p10789,1,0.0166666666666667,,2,12,10,1,150,0,10,0.02631579,0.5,1,1,1,0.0165293019512106
p1079,1,0.0166666666666667,,2,12,10,1,150,0,9,0.02631579,0.5,1,1,1,0.0165293019512106
p10790,1,0.0166666666666667,,2,9,8,2,210.5,0.114770435,7,0.02631579,1,1,1,0,0.0165293019512106
p10791,1,0.0166666666666667,,2,14,11,1,150,0,10,0.02631579,0.5,1,1,0,0.0165293019512106
p10792,3,0.05,17.7166666666667,4,94,43,3,475,0,30.3333333333333,0.0526315783333333,0.75,0,0,0,0.048790164169432
p10793,1,0.0166666666666667,,2,18,17,2,208,0.15486865,15,0.02631579,1,0,0,0,0.0165293019512106
p10794,0,0,,1,1,1,0,,,,,0,0,0,0,0
p10795,1,0.0166666666666667,,2,8,6,2,172,0.063152075,6,0.02631579,1,1,1,1,0.0165293019512106
p10796,4,0.0666666666666667,13.3944444444444,5,120,52,4,341.25,0,28.25,0.03947368375,0.8,1,1,1,0.0645385211375712
p10797,1,0.0166666666666667,,2,14,13,2,176.5,0.084144,9,0.02631579,1,1,1,1,0.0165293019512106
p10798,1,0.0166666666666667,,2,8,7,2,175.5,0.10724107,7,0.02631579,1,0,0,0,0.0165293019512106
p10799,2,0.0333333333333333,9.28333333333333,3,33,20,3,187,0.07488477,14.5,0.02631579,1,0,0,0,0.0327898228229909
p108,38,0.633333333333333,1.09324324324324,6,151.280000000001,39,6,8260.32948996292,0,19.4736842105263,0.129561403322221,1,0,0,0,0.490622916448471
p1080,1,0.0166666666666667,,2,24,21,1,100,0,9,0.02631579,0.5,1,1,1,0.0165293019512106
p10800,1,0.0166666666666667,,2,11,8,2,177,0.21342197,7,0.02631579,1,1,0,0,0.0165293019512106
p10801,1,0.0166666666666667,,2,8,7,2,127,0.087057055,7,0.02631579,1,1,1,1,0.0165293019512106
p10802,3,0.05,24.05,3,66,55,3,475,0.333333333333333,40,0.0526315783333333,1,1,0,0,0.048790164169432
p10803,1,0.0166666666666667,,2,10,8,2,150,0,7,0.02631579,1,1,1,1,0.0165293019512106
p10804,1,0.0166666666666667,,1,1,1,1,150,1,6,0.02631579,1,1,1,1,0.0165293019512106
p10805,1,0.0166666666666667,,2,9,8,1,150,0,8,0.02631579,0.5,1,1,1,0.0165293019512106
p10806,2,0.0333333333333333,36.8833333333333,2,2,1,3,263.666666666667,0.737886566666667,17.5,0.039473685,1.5,0,0,0,0.0327898228229909
p10807,1,0.0166666666666667,,1,2,2,1,150,1,7,0.02631579,1,0,0,0,0.0165293019512106
p10808,1,0.0166666666666667,,2,12,11,1,150,0,10,0.02631579,0.5,0,0,0,0.0165293019512106
p10809,2,0.0333333333333333,46.5333333333333,3,64,55,2,375,0,30.5,0.039473685,0.666666666666667,1,1,1,0.0327898228229909
p1081,3,0.05,18.1,4,90,43,3,390,0,29.3333333333333,0.0526315783333333,0.75,0,0,0,0.048790164169432
p10810,3,0.05,21.6833333333333,4,118,55,4,525,0.0002123382575,38,0.0526315783333333,1,1,1,1,0.048790164169432
p10811,4,0.0666666666666667,13.0333333333333,5,151.280000000001,54,4,6401.25,0,41.3333333333333,0.06578947375,0.8,0,0,0,0.0645385211375712
p10812,1,0.0166666666666667,,1,0,0,1,150,1,5,0.02631579,1,0,0,0,0.0165293019512106
p10814,1,0.0166666666666667,,2,10,10,2,150,0,9,0.02631579,1,0,0,0,0.0165293019512106
p10815,1,0.0166666666666667,,2,13,11,1,150,0,10,0.02631579,0.5,1,1,0,0.0165293019512106
p10816,1,0.0166666666666667,,1,1,1,1,150,1,7,0.02631579,1,0,0,0,0.0165293019512106
p10817,2,0.0333333333333333,48.3166666666667,2,8,7,2,375,0.5,30.5,0.039473685,1,0,0,0,0.0327898228229909
p10818,2,0.0333333333333333,48.7,3,71,59,2,375,0,34,0.039473685,0.666666666666667,1,0,0,0.0327898228229909
p10819,1,0.0166666666666667,,2,2,1,2,150,0.5,14,0.02631579,1,0,0,0,0.0165293019512106
p1082,1,0.0166666666666667,,2,10,8,2,202,0.103475465,7,0.02631579,1,1,1,1,0.0165293019512106
p10820,2,0.0333333333333333,33.2,3,46,39,2,330,0,22.5,0.039473685,0.666666666666667,0,0,0,0.0327898228229909
p10821,1,0.0166666666666667,,2,9,8,1,150,0,8,0.02631579,0.5,0,0,0,0.0165293019512106
p10822,1,0.0166666666666667,,2,5,5,2,163,0.055677705,5,0.02631579,1,1,1,1,0.0165293019512106
p10823,1,0.0166666666666667,,2,9,8,1,150,0,8,0.02631579,0.5,1,1,1,0.0165293019512106
p10824,3,0.05,12.425,4,93,40,4,8260.32948996292,0.1213238175,30,0.0526315783333333,1,0,0,0,0.048790164169432
p10825,1,0.0166666666666667,,2,10,9,2,127,0.12499549,9,0.02631579,1,0,0,0,0.0165293019512106
p10826,2,0.0333333333333333,32.0333333333333,3,42,37,2,375,0,20,0.039473685,0.666666666666667,0,0,0,0.0327898228229909
p10828,1,0.0166666666666667,,2,13,12,1,150,0,12,0.02631579,0.5,1,1,0,0.0165293019512106
p10829,1,0.0166666666666667,,2,9,8,2,165.5,0.039031867,8,0.02631579,1,1,0,0,0.0165293019512106
p1083,1,0.0166666666666667,,2,9,8,2,253,0.33309545,8,0.02631579,1,0,0,0,0.0165293019512106
p10831,2,0.0333333333333333,42.5166666666667,2,8,7,2,375,0.5,27,0.039473685,1,0,0,0,0.0327898228229909
p10832,1,0.0166666666666667,,2,9,8,1,150,0,7,0.02631579,0.5,0,0,0,0.0165293019512106
p10833,1,0.0166666666666667,,2,12,10,2,150,0.0124341335,10,0.02631579,1,1,1,1,0.0165293019512106
p10834,1,0.0166666666666667,,1,1,1,1,150,1,9,0.02631579,1,0,0,0,0.0165293019512106
p10835,0,0,,1,0,0,1,9,0.2466622,,,1,0,0,0,0
p10837,1,0.0166666666666667,,2,13,11,2,206.5,0.1075145,10,0.02631579,1,1,1,1,0.0165293019512106
p10838,2,0.0333333333333333,46.8666666666667,3,68,56,2,285,0,32.5,0.039473685,0.666666666666667,0,0,0,0.0327898228229909
p1084,3,0.05,22.3,4,111,52,3,475,0,36,0.0526315783333333,0.75,1,1,1,0.048790164169432
p10840,2,0.0333333333333333,50.6333333333333,2,11,10,1,150,0,33.5,0.039473685,0.5,0,0,0,0.0327898228229909
p10841,1,0.0166666666666667,,2,27,26,1,150,0,23,0.02631579,0.5,1,1,1,0.0165293019512106
p10842,1,0.0166666666666667,,1,1,1,1,150,1,8,0.02631579,1,0,0,0,0.0165293019512106
p10843,2,0.0333333333333333,39.8333333333333,2,5,5,2,375,0.5,24,0.039473685,1,0,0,0,0.0327898228229909
p10845,1,0.0166666666666667,,2,6,6,2,155,0.008377725,5,0.02631579,1,0,0,0,0.0165293019512106
p10846,1,0.0166666666666667,,2,10,9,1,150,0,8,0.02631579,0.5,0,0,0,0.0165293019512106
p10847,2,0.0333333333333333,36.9333333333333,2,8,7,2,375,0.5,24.5,0.039473685,1,1,1,1,0.0327898228229909
p10848,2,0.0333333333333333,38,3,51,45,2,375,0,25,0.039473685,0.666666666666667,1,1,1,0.0327898228229909
p10849,1,0.0166666666666667,,2,10,9,2,154,0.0303164535,7,0.02631579,1,0,0,0,0.0165293019512106
p1085,2,0.0333333333333333,42.2166666666667,2,8,7,2,375,0.5,28,0.039473685,1,1,1,1,0.0327898228229909
p10850,3,0.05,21.9416666666667,3,55,48,3,475,0.333333333333333,34.6666666666667,0.0526315783333333,1,1,1,1,0.048790164169432
p10851,1,0.0166666666666667,,2,10,9,2,214,0.382297875,8,0.02631579,1,0,0,0,0.0165293019512106
p10853,1,0.0166666666666667,,2,10,9,2,160,0.0333702675,8,0.02631579,1,0,0,0,0.0165293019512106
p10854,3,0.05,24.7666666666667,4,113,55,4,481.25,0.0242065075,36.6666666666667,0.0526315783333333,1,1,1,1,0.048790164169432
p10855,1,0.0166666666666667,,2,9,7,2,322.5,0.43750945,7,0.02631579,1,1,1,1,0.0165293019512106
p10856,3,0.05,21.5416666666667,3,51,46,3,475,0.333333333333333,32,0.0526315783333333,1,1,1,1,0.048790164169432
p10857,2,0.0333333333333333,38.6666666666667,2,8,7,2,375,0.5,25.5,0.039473685,1,1,1,1,0.0327898228229909
p10858,2,0.0333333333333333,45.4166666666667,2,9,8,1,60,0,30.5,0.039473685,0.5,0,0,0,0.0327898228229909
p10859,1,0.0166666666666667,,1,1,1,1,150,1,6,0.02631579,1,0,0,0,0.0165293019512106
p1086,1,0.0166666666666667,,2,9,8,1,150,0,7,0.02631579,0.5,0,0,0,0.0165293019512106
p10860,1,0.0166666666666667,,2,10,9,2,209.5,0.18137236,8,0.02631579,1,1,1,0,0.0165293019512106
p10861,1,0.0166666666666667,,2,31,22,1,150,0,21,0.02631579,0.5,1,1,1,0.0165293019512106
p10862,1,0.0166666666666667,,1,1,1,2,75,0.5,15,0.02631579,2,0,0,0,0.0165293019512106
p10863,1,0.0166666666666667,,2,13,12,1,150,0,7,0.02631579,0.5,0,0,0,0.0165293019512106
p10864,1,0.0166666666666667,,2,12,10,2,303.5,0.38393795,10,0.02631579,1,0,0,0,0.0165293019512106
p10865,1,0.0166666666666667,,2,14,13,1,75,0,11,0.02631579,0.5,1,1,1,0.0165293019512106
p10866,1,0.0166666666666667,,2,17,16,1,150,0,16,0.02631579,0.5,0,0,0,0.0165293019512106
p10867,2,0.0333333333333333,33.5333333333333,3,13,11,4,189.75,0.08404211,11.5,0.02631579,1.33333333333333,1,1,0,0.0327898228229909
p10868,1,0.0166666666666667,,2,11,9,1,150,0,8,0.02631579,0.5,1,1,1,0.0165293019512106
p10869,0,0,,1,1,1,1,15,0.56424433,,,1,1,1,1,0
p1087,1,0.0166666666666667,,2,19,18,1,125,0,18,0.02631579,0.5,0,0,0,0.0165293019512106
p10870,1,0.0166666666666667,,2,9,8,1,150,0,8,0.02631579,0.5,0,0,0,0.0165293019512106
p10871,1,0.0166666666666667,,2,28,21,1,125,0,21,0.02631579,0.5,1,1,1,0.0165293019512106
p10872,3,0.05,23.7583333333333,4,114,54,3,415,0,37.3333333333333,0.0526315783333333,0.75,1,1,1,0.048790164169432
p10873,2,0.0333333333333333,6.86666666666667,2,9,8,2,90,0.5,10.5,0.013157895,1,0,0,0,0.0327898228229909
p10874,0,0,,1,2,2,1,32.25,0.29351535,,,1,0,0,0,0
p10875,2,0.0333333333333333,36.35,2,6,6,2,375,0.5,23.5,0.039473685,1,0,0,0,0.0327898228229909
p10876,1,0.0166666666666667,,1,2,2,2,75,0.5011024162,9,0.02631579,2,0,0,0,0.0165293019512106
p10877,1,0.0166666666666667,,2,9,8,2,165.5,0.019895865,8,0.02631579,1,1,1,1,0.0165293019512106
p10878,2,0.0333333333333333,37.6,4,95,45,3,385.666666666667,0,26,0.039473685,0.75,1,1,1,0.0327898228229909
p10879,1,0.0166666666666667,,1,1,1,1,150,1,8,0.02631579,1,0,0,0,0.0165293019512106
p1088,0,0,,1,8,8,0,,,,,0,1,1,0,0
p10880,1,0.0166666666666667,,1,0,0,1,150,1,5,0.02631579,1,0,0,0,0.0165293019512106
p10881,1,0.0166666666666667,,2,8,7,2,247,0.293724925,7,0.02631579,1,1,1,1,0.0165293019512106
p10882,0,0,,1,0,0,1,29,0.8063736,,,1,0,0,0,0
p10883,1,0.0166666666666667,,2,10,9,1,150,0,8,0.02631579,0.5,0,0,0,0.0165293019512106
p10884,1,0.0166666666666667,,1,1,1,1,150,1,9,0.02631579,1,0,0,0,0.0165293019512106
p10885,2,0.0333333333333333,40.5666666666667,2,7,6,2,375,0.5,26,0.039473685,1,1,1,0,0.0327898228229909
p10886,2,0.0333333333333333,45.4166666666667,2,8,7,2,375,0.5,29.5,0.039473685,1,1,1,1,0.0327898228229909
p10887,3,0.05,19.7,3,56,46,3,61.6666666666667,0.333333333333333,33.6666666666667,0.0526315783333333,1,1,1,1,0.048790164169432
p10888,3,0.05,23.7166666666667,3,63,54,3,475,0.333333333333333,38.3333333333333,0.0526315783333333,1,0,0,0,0.048790164169432
p1089,1,0.0166666666666667,,2,15,14,1,60,0,13,0.02631579,0.5,1,1,0,0.0165293019512106
p10890,1,0.0166666666666667,,1,2,2,1,150,1,10,0.02631579,1,0,0,0,0.0165293019512106
p10891,1,0.0166666666666667,,1,1,1,1,150,1,5,0.02631579,1,1,1,0,0.0165293019512106
p10892,3,0.05,16.0166666666667,3,41,35,3,418.333333333333,0.333333333333333,25.6666666666667,0.0526315783333333,1,1,1,0,0.048790164169432
p10893,1,0.0166666666666667,,1,0,0,1,150,1,7,0.02631579,1,1,1,1,0.0165293019512106
p10894,2,0.0333333333333333,33.3,3,74,51,2,157.5,,33.5,0.02631579,0.666666666666667,1,1,1,0.0327898228229909
p10896,1,0.0166666666666667,,2,31,21,1,150,0,19,0.02631579,0.5,1,1,0,0.0165293019512106
p10897,1,0.0166666666666667,,2,10,10,1,150,0,9,0.02631579,0.5,0,0,0,0.0165293019512106
p10899,1,0.0166666666666667,,1,7,7,1,15,1,41.3333333333333,0,1,1,1,0,0.0165293019512106
p109,1,0.0166666666666667,,2,6,5,2,166,0.01818305,5,0.02631579,1,0,0,0,0.0165293019512106
p1090,0,0,,1,2,2,0,,,,,0,1,1,1,0
p10900,2,0.0333333333333333,37.85,2,7,6,2,292.5,0.5,24.5,0.039473685,1,0,0,0,0.0327898228229909
p10901,1,0.0166666666666667,,2,10,8,1,150,0,7,0.02631579,0.5,0,0,0,0.0165293019512106
p10903,3,0.05,25.1583333333333,4,121,58,3,475,0,39.6666666666667,0.0526315783333333,0.75,0,0,0,0.048790164169432
p10904,3,0.05,18.45,4,91,43,3,475,0,29,0.0526315783333333,0.75,0,0,0,0.048790164169432
p10905,1,0.0166666666666667,,2,11,10,1,60,0,9,0.02631579,0.5,0,0,0,0.0165293019512106
p10907,1,0.0166666666666667,,2,8,7,2,258.5,0.3008757,7,0.02631579,1,0,0,0,0.0165293019512106
p10908,0,0,,1,0,0,0,,,,,0,1,1,1,0
p10909,2,0.0333333333333333,22.95,3,39,28,3,281.666666666667,0.109214453333333,19.5,0.039473685,1,1,1,0,0.0327898228229909
p1091,1,0.0166666666666667,,2,14,12,1,150,0,11,0.02631579,0.5,1,1,1,0.0165293019512106
p10910,2,0.0333333333333333,7.88333333333333,3,31,19,2,90,0,14,0.013157895,0.666666666666667,0,0,0,0.0327898228229909
p10913,1,0.0166666666666667,,2,10,9,1,150,0,8,0.02631579,0.5,1,0,0,0.0165293019512106
p10914,2,0.0333333333333333,43.7833333333333,3,59,51,2,272.5,0,28,0.039473685,0.666666666666667,0,0,0,0.0327898228229909
p10915,1,0.0166666666666667,,2,9,8,2,210.5,0.09884683,7,0.02631579,1,1,1,0,0.0165293019512106
p10916,2,0.0333333333333333,50.8,3,65,57,2,287.5,0,31.5,0.039473685,0.666666666666667,1,0,0,0.0327898228229909
p10917,1,0.0166666666666667,,2,11,10,1,60,0,9,0.02631579,0.5,1,1,0,0.0165293019512106
p10918,2,0.0333333333333333,10.75,4,32,15,3,151.666666666667,0,9.5,0.02631579,0.75,1,1,1,0.0327898228229909
p10919,3,0.05,20.8333333333333,4,105,49,3,475,0,33.6666666666667,0.0526315783333333,0.75,1,1,1,0.048790164169432
p1092,1,0.0166666666666667,,2,11,10,2,143,0.07400552,9,0.02631579,1,1,0,0,0.0165293019512106
p10920,2,0.0333333333333333,45.15,3,66,55,2,375,0,31.5,0.039473685,0.666666666666667,1,1,0,0.0327898228229909
p10922,1,0.0166666666666667,,2,23,22,1,150,0,21,0.02631579,0.5,1,1,1,0.0165293019512106
p10923,1,0.0166666666666667,,2,13,12,2,250,0.30324445,10,0.02631579,1,0,0,0,0.0165293019512106
p10924,1,0.0166666666666667,,2,16,14,1,150,0,13,0.02631579,0.5,0,0,0,0.0165293019512106
p10925,2,0.0333333333333333,32.5333333333333,2,6,5,2,375,0.5,21,0.039473685,1,0,0,0,0.0327898228229909
p10926,25,0.416666666666667,2.27083333333333,6,151.280000000001,58,6,3122.600956,0,26.48,0.129561403322221,0.961538461538461,1,1,1,0.348306694268216
p10927,0,0,,1,1,1,1,16,0.48763582,,,1,1,1,1,0
p10928,1,0.0166666666666667,,3,15,9,3,148,0.2311095,9,0.02631579,1,1,1,1,0.0165293019512106
p10929,2,0.0333333333333333,51.7833333333333,2,8,8,1,150,0,33.5,0.039473685,0.5,1,0,0,0.0327898228229909
p1093,1,0.0166666666666667,,2,34,32,1,150,0,31,0.02631579,0.5,1,1,1,0.0165293019512106
p10930,3,0.05,21.5083333333333,4,105,49,4,519.5,0.0336314625,33.6666666666667,0.0526315783333333,1,1,0,0,0.048790164169432
p10931,1,0.0166666666666667,,2,9,8,2,172,0.095368095,8,0.02631579,1,0,0,0,0.0165293019512106
p10932,1,0.0166666666666667,,2,9,8,2,226,0.35734395,7,0.02631579,1,0,0,0,0.0165293019512106
p10933,3,0.05,18.875,4,99,46,4,557.25,0.096807995,32.6666666666667,0.0526315783333333,1,0,0,0,0.048790164169432
p10934,1,0.0166666666666667,,2,8,7,1,150,0,6,0.02631579,0.5,0,0,0,0.0165293019512106
p10937,1,0.0166666666666667,,2,7,6,2,247,0.2902721,5,0.02631579,1,1,1,1,0.0165293019512106
p10938,1,0.0166666666666667,,2,9,8,2,209,0.14288001,8,0.02631579,1,1,1,1,0.0165293019512106
p10939,1,0.0166666666666667,,2,5,4,2,153.5,0.004069492,4.9225,0.02631579,1,0,0,0,0.0165293019512106
p1094,2,0.0333333333333333,47,2,10,8,2,375,0.5,31.5,0.039473685,1,1,1,1,0.0327898228229909
p10940,2,0.0333333333333333,40.5333333333333,2,7,7,2,362.5,0.5,26,0.039473685,1,1,1,1,0.0327898228229909
p10942,3,0.05,22.275,4,120,55,3,375,0,38,0.0526315783333333,0.75,1,1,1,0.048790164169432
p10943,3,0.05,24.5666666666667,3,59,52,3,365,0.333333333333333,37.3333333333333,0.0526315783333333,1,1,1,1,0.048790164169432
p10944,1,0.0166666666666667,,1,2,2,1,150,1,9,0.02631579,1,1,1,1,0.0165293019512106
p10945,1,0.0166666666666667,,2,10,8,2,260.5,0.31283015,8,0.02631579,1,1,1,0,0.0165293019512106
p10946,1,0.0166666666666667,,2,12,12,2,128.5,0.068048185,12,0.02631579,1,1,1,1,0.0165293019512106
p10949,1,0.0166666666666667,,2,14,13,1,150,0,13,0.02631579,0.5,1,1,1,0.0165293019512106
p1095,1,0.0166666666666667,,2,7,6,1,150,0,6,0.02631579,0.5,1,1,0,0.0165293019512106
p10950,1,0.0166666666666667,,2,8,8,1,150,0,8,0.02631579,0.5,1,1,1,0.0165293019512106
p10951,1,0.0166666666666667,,2,10,9,1,150,0,8,0.02631579,0.5,0,0,0,0.0165293019512106
p10952,1,0.0166666666666667,,2,10,9,1,60,0,8,0.02631579,0.5,1,1,1,0.0165293019512106
p10953,2,0.0333333333333333,22.7166666666667,3,15,9,2,8260.32948996292,0.5,20,0.039473685,0.666666666666667,1,1,1,0.0327898228229909
p10954,2,0.0333333333333333,50.9833333333333,2,9,8,1,150,0,33.5,0.039473685,0.5,1,1,1,0.0327898228229909
p10955,1,0.0166666666666667,,1,1,1,1,150,1,6,0.02631579,1,0,0,0,0.0165293019512106
p10956,1,0.0166666666666667,,2,11,10,1,0,0,9,0.02631579,0.5,1,1,1,0.0165293019512106
p10957,2,0.0333333333333333,38.8833333333333,2,14,12,2,350,0.5,30.5,0.039473685,1,1,1,1,0.0327898228229909
p10959,1,0.0166666666666667,,2,12,9,1,150,0,9,0.02631579,0.5,1,1,1,0.0165293019512106
p1096,1,0.0166666666666667,,2,9,8,2,152.75,0.5686502,8,0.02631579,1,1,1,1,0.0165293019512106
p10960,1,0.0166666666666667,,2,12,11,2,123,0.3800575,11,0.02631579,1,1,0,0,0.0165293019512106
p10961,1,0.0166666666666667,,1,1,1,1,60,1,11,0.02631579,1,0,0,0,0.0165293019512106
p10962,1,0.0166666666666667,,2,20,17,1,60,0,16,0.02631579,0.5,1,1,1,0.0165293019512106
p10963,1,0.0166666666666667,,2,15,12,1,150,0,12,0.02631579,0.5,1,1,1,0.0165293019512106
p10964,1,0.0166666666666667,,2,11,9,1,150,0,9,0.02631579,0.5,1,1,0,0.0165293019512106
p10965,1,0.0166666666666667,,2,22,19,1,150,0,17,0.02631579,0.5,1,1,1,0.0165293019512106
p10966,3,0.05,21.2333333333333,4,101,48,3,475,0,32.6666666666667,0.0526315783333333,0.75,1,1,1,0.048790164169432
p10967,2,0.0333333333333333,48,3,68,56,3,347,0.24077918,34,0.039473685,1,1,1,0,0.0327898228229909
p10968,2,0.0333333333333333,40.7833333333333,3,56,48,2,375,0,26.5,0.039473685,0.666666666666667,1,1,1,0.0327898228229909
p10969,3,0.05,24.3833333333333,4,120,56,3,475,0,38.6666666666667,0.0526315783333333,0.75,0,0,0,0.048790164169432
p1097,2,0.0333333333333333,46.4666666666667,2,11,9,2,375,0.5,31.5,0.039473685,1,1,1,0,0.0327898228229909
p10970,1,0.0166666666666667,,2,7,7,2,150,0,6,0.02631579,1,1,1,1,0.0165293019512106
p10971,1,0.0166666666666667,,1,1,1,1,150,1,6,0.02631579,1,1,1,0,0.0165293019512106
p10972,1,0.0166666666666667,,2,7,6,2,155.5,0.0060761665,5,0.02631579,1,0,0,0,0.0165293019512106
p10974,1,0.0166666666666667,,2,12,11,1,150,0,11,0.02631579,0.5,1,1,1,0.0165293019512106
p10975,3,0.05,18.1916666666667,4,90,43,4,435,0,28.6666666666667,0.0526315783333333,1,1,1,1,0.048790164169432
p10976,1,0.0166666666666667,,2,19,15,2,221,0.257790985,15,0.02631579,1,0,0,0,0.0165293019512106
p10977,1,0.0166666666666667,,2,21,14,1,150,0,14,0.02631579,0.5,1,1,0,0.0165293019512106
p10978,1,0.0166666666666667,,1,1,1,1,150,1,5,0.02631579,1,1,1,1,0.0165293019512106
p10979,1,0.0166666666666667,,2,10,9,1,150,0,8,0.02631579,0.5,0,0,0,0.0165293019512106
p1098,0,0,,1,3,3,1,183.75,0.6041798,,,1,1,1,0,0
p10980,1,0.0166666666666667,,2,8,7,3,86.3333333333333,0.0990273666666667,6,0.02631579,1.5,0,0,0,0.0165293019512106
p10981,1,0.0166666666666667,,2,10,8,2,173,0.310044975,8,0.02631579,1,1,1,1,0.0165293019512106
p10982,2,0.0333333333333333,28.4,3,48,36,3,277,0.16266924,25,0.039473685,1,1,1,0,0.0327898228229909
p10983,3,0.05,21.4833333333333,4,104,49,4,531.25,0.02664334,34,0.0526315783333333,1,1,1,1,0.048790164169432
p10984,27,0.45,1.94166666666667,6,151.280000000001,57,6,8260.32948996292,0,27.7037037037037,0.129561403322221,0.964285714285714,0,0,0,0.371563556432483
p10985,1,0.0166666666666667,,1,1,1,1,150,1,8,0.02631579,1,0,0,0,0.0165293019512106
p10986,3,0.05,23.9666666666667,4,121,58,3,475,0,38.3333333333333,0.0526315783333333,0.75,0,0,0,0.048790164169432
p10987,0,0,,1,2,2,0,,,,,0,1,1,1,0
p10988,1,0.0166666666666667,,2,9,8,2,151,0.0024140195,8,0.02631579,1,0,0,0,0.0165293019512106
p1099,1,0.0166666666666667,,2,9,8,2,263.5,0.25901827,8,0.02631579,1,1,0,0,0.0165293019512106
p10990,1,0.0166666666666667,,2,13,12,1,150,0,11,0.02631579,0.5,1,1,1,0.0165293019512106
p10991,1,0.0166666666666667,,2,13,12,1,150,0,11,0.02631579,0.5,1,0,0,0.0165293019512106
p10992,6,0.1,10.7866666666667,6,151.280000000001,57,6,8260.32948996292,0,27,0.0964912275,0.875,1,1,1,0.0953101798043249
p10993,1,0.0166666666666667,,2,7,7,1,150,0,6,0.02631579,0.5,0,0,0,0.0165293019512106
p10994,4,0.0666666666666667,10.5666666666667,5,78,41,4,1940,0.25,18.25,0.06578947375,0.8,1,1,1,0.0645385211375712
p10996,1,0.0166666666666667,,2,11,10,2,142,0.14774838,7,0.02631579,1,1,1,1,0.0165293019512106
p10997,3,0.05,23.9333333333333,3,72,54,2,337.5,0,41,0.0526315783333333,0.666666666666667,1,1,0,0.048790164169432
p10999,1,0.0166666666666667,,2,10,9,2,150,0,9,0.02631579,1,1,1,1,0.0165293019512106
p11,1,0.0166666666666667,,2,9,8,2,156,0.009049586,6,0.02631579,1,0,0,0,0.0165293019512106
p110,1,0.0166666666666667,,2,9,8,1,150,0,7,0.02631579,0.5,0,0,0,0.0165293019512106
p1100,1,0.0166666666666667,,2,11,10,2,99,0.487583965,10,0.02631579,1,1,1,0,0.0165293019512106
p11000,1,0.0166666666666667,,2,23,16,1,150,0,15,0.02631579,0.5,1,1,1,0.0165293019512106
p11001,1,0.0166666666666667,,1,2,2,1,150,1,8,0.02631579,1,1,0,0,0.0165293019512106
p11002,0,0,,1,1,1,1,16,0.32203692,,,1,1,1,1,0
p11003,1,0.0166666666666667,,2,8,7,1,150,0,7,0.02631579,0.5,1,1,1,0.0165293019512106
p11004,1,0.0166666666666667,,2,18,16,2,109,0.0702311,14,0.02631579,1,0,0,0,0.0165293019512106
p11005,1,0.0166666666666667,,2,30,20,1,150,0,20,0.02631579,0.5,1,1,1,0.0165293019512106
p11006,1,0.0166666666666667,,2,6,6,2,175.5,0.06819985,6,0.02631579,1,1,1,1,0.0165293019512106
p11007,3,0.05,24.1083333333333,4,113,54,4,435,0.00409459825,37.3333333333333,0.0526315783333333,1,0,0,0,0.048790164169432
p11008,1,0.0166666666666667,,2,14,12,1,125,0,11,0.02631579,0.5,0,0,0,0.0165293019512106
p11009,3,0.05,18.0166666666667,4,91,43,4,502.5,0.11395856,30,0.0526315783333333,1,1,1,1,0.048790164169432
p1101,1,0.0166666666666667,,1,12,12,2,184,0.21060267,12,0.02631579,2,0,0,0,0.0165293019512106
p11011,1,0.0166666666666667,,2,9,7,2,344,0.4997931,7,0.02631579,1,1,1,1,0.0165293019512106
p11012,1,0.0166666666666667,,2,9,8,1,150,0,8,0.02631579,0.5,0,0,0,0.0165293019512106
p11013,3,0.05,25.725,3,70,58,2,350,0,41,0.0526315783333333,0.666666666666667,1,1,1,0.048790164169432
p11014,2,0.0333333333333333,34.1166666666667,3,47,40,2,375,0,22.5,0.039473685,0.666666666666667,0,0,0,0.0327898228229909
p11015,2,0.0333333333333333,45.6,3,71,56,2,375,0,33.5,0.039473685,0.666666666666667,1,1,1,0.0327898228229909
p11016,3,0.05,19.5666666666667,4,94,45,3,415,0,30.3333333333333,0.0526315783333333,0.75,1,1,1,0.048790164169432
p11017,0,0,,1,1,1,1,4,0.08937701,,,1,0,0,0,0
p11018,1,0.0166666666666667,,2,8,7,2,172,0.05720338,6,0.02631579,1,1,1,1,0.0165293019512106
p11019,1,0.0166666666666667,,2,7,7,2,166.5,0.07802254,7,0.02631579,1,0,0,0,0.0165293019512106
p1102,2,0.0333333333333333,8.23333333333333,2,12,11,2,90,0.5,14,0.013157895,1,0,0,0,0.0327898228229909
p11020,1,0.0166666666666667,,2,8,7,2,238.5,0.16378586,6,0.02631579,1,0,0,0,0.0165293019512106
p11021,1,0.0166666666666667,,2,7,6,2,224,0.204536485,6,0.02631579,1,0,0,0,0.0165293019512106
p11022,1,0.0166666666666667,,1,1,1,1,150,1,19,0.02631579,1,0,0,0,0.0165293019512106
p11023,1,0.0166666666666667,,1,1,1,1,150,1,6,0.02631579,1,0,0,0,0.0165293019512106
p11024,1,0.0166666666666667,,2,17,14,1,150,0,14,0.02631579,0.5,0,0,0,0.0165293019512106
p11025,2,0.0333333333333333,4.83333333333333,2,12,10,2,90,0.5,10.5,0.013157895,1,0,0,0,0.0327898228229909
p11026,2,0.0333333333333333,12.9833333333333,2,13,12,2,32.5,1,15.5,0.02631579,1,0,0,0,0.0327898228229909
p11027,1,0.0166666666666667,,2,11,10,1,150,0,9,0.02631579,0.5,0,0,0,0.0165293019512106
p11028,1,0.0166666666666667,,2,10,9,1,150,0,7,0.02631579,0.5,1,1,1,0.0165293019512106
p11029,3,0.05,24.3333333333333,3,58,51,3,475,0.333333333333333,37.3333333333333,0.0526315783333333,1,0,0,0,0.048790164169432
p11030,3,0.05,24.9083333333333,4,121,58,3,475,0,39.3333333333333,0.0526315783333333,0.75,0,0,0,0.048790164169432
p11031,2,0.0333333333333333,11.15,3,24,16,4,245.75,0.2002093125,12.5,0.039473685,1.33333333333333,1,1,1,0.0327898228229909
p11033,1,0.0166666666666667,,2,10,10,1,150,0,9,0.02631579,0.5,1,1,1,0.0165293019512106
p11034,1,0.0166666666666667,,2,5,5,2,192.5,0.19701864,5,0.02631579,1,0,0,0,0.0165293019512106
p11035,1,0.0166666666666667,,2,14,13,1,150,0,13,0.02631579,0.5,0,0,0,0.0165293019512106
p11036,1,0.0166666666666667,,2,6,6,2,151.5,0.104194975,6,0.02631579,1,1,1,1,0.0165293019512106
p11037,2,0.0333333333333333,51.1833333333333,3,65,58,2,375,0,31.5,0.039473685,0.666666666666667,0,0,0,0.0327898228229909
p11038,1,0.0166666666666667,,2,11,10,1,150,0,9,0.02631579,0.5,1,1,1,0.0165293019512106
p11039,1,0.0166666666666667,,2,19,15,2,150.5,0.0113600435,15,0.02631579,1,0,0,0,0.0165293019512106
p1104,1,0.0166666666666667,,2,24,18,1,150,0,14,0.02631579,0.5,1,1,1,0.0165293019512106
p11040,1,0.0166666666666667,,2,13,12,2,245.5,0.284679085,11,0.02631579,1,0,0,0,0.0165293019512106
p11041,1,0.0166666666666667,,2,1,1,1,50,1,10,0.02631579,0.5,1,1,1,0.0165293019512106
p11042,1,0.0166666666666667,,2,8,7,2,178.5,0.05613071,6,0.02631579,1,1,0,0,0.0165293019512106
p11043,2,0.0333333333333333,30.1833333333333,2,8,5,2,3612.499,0.5,20,0.039473685,1,0,0,0,0.0327898228229909
p11044,1,0.0166666666666667,,2,8,7,1,8260.32948996292,0,6,0.02631579,0.5,1,1,1,0.0165293019512106
p11045,2,0.0333333333333333,9.21666666666667,3,26,18,2,157.5,0,10.5,0.02631579,0.666666666666667,0,0,0,0.0327898228229909
p11046,1,0.0166666666666667,,2,10,9,2,152,0.005683721,8,0.02631579,1,0,0,0,0.0165293019512106
p11048,1,0.0166666666666667,,2,11,9,1,150,0,7,0.02631579,0.5,1,1,1,0.0165293019512106
p11049,1,0.0166666666666667,,1,46,46,1,578.25,0,41.3333333333333,0.129561403322221,1,1,1,1,0.0165293019512106
p1105,1,0.0166666666666667,,2,13,12,1,150,0,11,0.02631579,0.5,0,0,0,0.0165293019512106
p11050,1,0.0166666666666667,,2,14,13,1,150,0,8,0.02631579,0.5,0,0,0,0.0165293019512106
p11051,1,0.0166666666666667,,2,12,11,1,60,0,10,0.02631579,0.5,1,1,1,0.0165293019512106
p11052,0,0,,1,0,0,1,21,0.37817425,,,1,1,1,1,0
p11053,2,0.0333333333333333,39.55,2,9,7,2,330,0.5,26.5,0.039473685,1,1,1,1,0.0327898228229909
p11054,1,0.0166666666666667,,2,18,15,2,226,0.318416,13,0.02631579,1,1,1,1,0.0165293019512106
p11055,1,0.0166666666666667,,2,16,15,3,115,0.165649245666667,14,0.02631579,1.5,1,1,0,0.0165293019512106
p11056,1,0.0166666666666667,,1,1,1,1,150,1,7,0.02631579,1,1,1,1,0.0165293019512106
p11057,1,0.0166666666666667,,2,16,15,2,199.5,0.23481115,15,0.02631579,1,1,1,1,0.0165293019512106
p11059,1,0.0166666666666667,,2,8,7,1,60,0,6,0.02631579,0.5,1,1,1,0.0165293019512106
p1106,1,0.0166666666666667,,1,4,4,1,150,1,11,0.02631579,1,1,1,1,0.0165293019512106
p11060,1,0.0166666666666667,,1,1,1,1,150,1,7,0.02631579,1,0,0,0,0.0165293019512106
p11061,1,0.0166666666666667,,2,12,11,2,185.5,0.08286629,10,0.02631579,1,0,0,0,0.0165293019512106
p11062,1,0.0166666666666667,,2,7,6,2,215,0.39278845,5,0.02631579,1,1,1,0,0.0165293019512106
p11063,1,0.0166666666666667,,2,12,11,2,192.5,0.25667292,10,0.02631579,1,0,0,0,0.0165293019512106
p11064,1,0.0166666666666667,,2,5,5,2,178,0.10302536,5,0.02631579,1,0,0,0,0.0165293019512106
p11065,1,0.0166666666666667,,3,85,57,2,252,0,20,0.02631579,0.666666666666667,1,1,1,0.0165293019512106
p11066,1,0.0166666666666667,,2,14,11,1,150,0,10,0.02631579,0.5,0,0,0,0.0165293019512106
p11067,1,0.0166666666666667,,2,10,9,2,152,0.025356721,7,0.02631579,1,0,0,0,0.0165293019512106
p11068,3,0.05,21.1416666666667,4,121,53,3,441.666666666667,0,37.6666666666667,0.0526315783333333,0.75,1,1,1,0.048790164169432
p11069,1,0.0166666666666667,,2,16,13,1,150,0,12,0.02631579,0.5,1,1,1,0.0165293019512106
p1107,3,0.05,23.375,4,110,53,3,475,0,36,0.0526315783333333,0.75,1,1,1,0.048790164169432
p11070,1,0.0166666666666667,,1,1,1,1,150,1,7,0.02631579,1,1,1,1,0.0165293019512106
p11071,1,0.0166666666666667,,2,10,9,1,150,0,9,0.02631579,0.5,0,0,0,0.0165293019512106
p11073,1,0.0166666666666667,,2,16,12,1,150,0,11,0.02631579,0.5,0,0,0,0.0165293019512106
p11074,1,0.0166666666666667,,2,15,13,1,150,0,12,0.02631579,0.5,0,0,0,0.0165293019512106
p11075,1,0.0166666666666667,,2,10,9,2,47,0.214006885,7,0.02631579,1,0,0,0,0.0165293019512106
p11077,3,0.05,21.2833333333333,3,70,52,3,475,0.333333333333333,38.6666666666667,0.0526315783333333,1,1,1,1,0.048790164169432
p11078,1,0.0166666666666667,,2,5,5,2,230.5,0.2666804,5,0.02631579,1,1,0,0,0.0165293019512106
p11079,1,0.0166666666666667,,2,8,7,2,155,0.0136026815,7,0.02631579,1,0,0,0,0.0165293019512106
p1108,0,0,,1,1,1,1,0,0,,,1,0,0,0,0
p11080,3,0.05,26.675,3,62,56,3,458.333333333333,0.333333333333333,40.3333333333333,0.0526315783333333,1,0,0,0,0.048790164169432
p11081,1,0.0166666666666667,,2,9,8,2,243,0.211471765,8,0.02631579,1,1,0,0,0.0165293019512106
p11082,1,0.0166666666666667,,1,5,5,1,150,1,11,0.02631579,1,1,1,1,0.0165293019512106
p11083,1,0.0166666666666667,,2,9,8,1,150,0,7,0.02631579,0.5,0,0,0,0.0165293019512106
p11084,0,0,,1,2,2,1,12,0.18736263,,,1,1,1,1,0
p11085,3,0.05,19.275,4,111,55,3,268.333333333333,0,32.6666666666667,0.0526315783333333,0.75,1,1,1,0.048790164169432
p11086,1,0.0166666666666667,,2,18,15,2,134.5,0.12639317,13,0.02631579,1,1,1,1,0.0165293019512106
p11087,1,0.0166666666666667,,2,18,16,1,150,0,15,0.02631579,0.5,1,1,1,0.0165293019512106
p11088,3,0.05,25.6583333333333,4,115,56,3,445,0,38,0.0526315783333333,0.75,1,1,1,0.048790164169432
p11089,3,0.05,25.5666666666667,3,119,58,3,315,0,38.6666666666667,0.0526315783333333,1,0,0,0,0.048790164169432
p1109,0,0,,1,1,1,1,201,0.9349008,,,1,1,1,0,0
p11090,1,0.0166666666666667,,1,1,1,1,150,1,6,0.02631579,1,0,0,0,0.0165293019512106
p11091,1,0.0166666666666667,,2,10,9,1,150,0,8,0.02631579,0.5,1,1,1,0.0165293019512106
p11092,1,0.0166666666666667,,2,12,11,2,134.5,0.042309225,9,0.02631579,1,1,1,1,0.0165293019512106
p11093,3,0.05,19.1333333333333,4,102,47,3,386.666666666667,0,32,0.0526315783333333,0.75,0,0,0,0.048790164169432
p11094,1,0.0166666666666667,,2,12,10,2,191.5,0.087152965,9,0.02631579,1,1,1,1,0.0165293019512106
p11095,1,0.0166666666666667,,2,10,9,1,150,0,8,0.02631579,0.5,1,0,0,0.0165293019512106
p11096,1,0.0166666666666667,,2,24,15,2,273,0.34026137,13,0.02631579,1,0,0,0,0.0165293019512106
p11097,2,0.0333333333333333,43.2333333333333,2,6,6,2,325,0.5,27.5,0.039473685,1,0,0,0,0.0327898228229909
p11098,2,0.0333333333333333,49.15,3,69,58,2,330,0,32.5,0.039473685,0.666666666666667,0,0,0,0.0327898228229909
p11099,1,0.0166666666666667,,2,26,25,1,150,0,9,0.02631579,0.5,0,0,0,0.0165293019512106
p111,1,0.0166666666666667,,2,10,9,2,156,0.0082714705,8,0.02631579,1,1,1,0,0.0165293019512106
p1110,2,0.0333333333333333,47.0166666666667,2,10,8,2,375,0.5,30.5,0.039473685,1,1,1,0,0.0327898228229909
p11100,3,0.05,21.95,4,105,50,3,425,0,34.3333333333333,0.0526315783333333,0.75,1,0,0,0.048790164169432
p11101,1,0.0166666666666667,,2,13,11,2,188.5,0.193676325,11,0.02631579,1,1,1,1,0.0165293019512106
p11102,1,0.0166666666666667,,2,11,10,1,150,0,9,0.02631579,0.5,0,0,0,0.0165293019512106
p11103,2,0.0333333333333333,9.38333333333333,3,19,12,3,200.333333333333,0.333333333333333,10.5,0.039473685,1,1,1,1,0.0327898228229909
p11104,2,0.0333333333333333,6.51666666666667,3,32,18,2,90,0,14.5,0.013157895,0.666666666666667,0,0,0,0.0327898228229909
p11105,2,0.0333333333333333,50.8166666666667,2,9,8,2,325,0.5,33,0.039473685,1,1,1,1,0.0327898228229909
p11106,2,0.0333333333333333,46.6833333333333,2,12,10,2,375,0.5,33,0.039473685,1,0,0,0,0.0327898228229909
p11107,1,0.0166666666666667,,2,11,10,1,150,0,10,0.02631579,0.5,1,0,0,0.0165293019512106
p11108,1,0.0166666666666667,,2,20,17,1,150,0,16,0.02631579,0.5,1,0,0,0.0165293019512106
p11109,1,0.0166666666666667,,2,8,7,2,236.5,0.27441883,6,0.02631579,1,1,1,0,0.0165293019512106
p1111,1,0.0166666666666667,,1,1,1,1,150,1,6,0.02631579,1,0,0,0,0.0165293019512106
p11110,1,0.0166666666666667,,2,17,12,2,266,0.40499435,12,0.02631579,1,1,1,1,0.0165293019512106
p11111,0,0,,1,1,1,0,,,,,0,1,0,0,0
p11112,1,0.0166666666666667,,2,12,11,1,60,0,10,0.02631579,0.5,0,0,0,0.0165293019512106
p11113,3,0.05,19.6416666666667,4,96,45,4,525,0.00612077525,31,0.0526315783333333,1,0,0,0,0.048790164169432
p11115,0,0,,2,17,16,1,150,0,,,0.5,1,1,1,0
p11116,3,0.05,24.825,4,121,57,3,475,0,39.3333333333333,0.0526315783333333,0.75,0,0,0,0.048790164169432
p11117,1,0.0166666666666667,,2,16,12,1,150,0,10,0.02631579,0.5,1,1,1,0.0165293019512106
p11118,1,0.0166666666666667,,2,11,9,1,150,0,9,0.02631579,0.5,0,0,0,0.0165293019512106
p11119,1,0.0166666666666667,,2,15,13,2,155,0.1273943,12,0.02631579,1,1,1,1,0.0165293019512106
p1112,1,0.0166666666666667,,2,10,9,2,241,0.339017125,9,0.02631579,1,1,1,1,0.0165293019512106
p11121,2,0.0333333333333333,46.9166666666667,3,68,57,2,375,0,32.5,0.039473685,0.666666666666667,1,1,1,0.0327898228229909
p11122,1,0.0166666666666667,,2,7,6,2,232,0.173679485,6,0.02631579,1,1,1,0,0.0165293019512106
p11123,2,0.0333333333333333,6.5,3,26,16,2,90,0,12.5,0.013157895,0.666666666666667,0,0,0,0.0327898228229909
p11124,0,0,,1,1,1,1,1,0.13209456,,,1,1,1,1,0
p11125,2,0.0333333333333333,48.6166666666667,2,11,8,1,150,0,32.5,0.039473685,0.5,0,0,0,0.0327898228229909
p11126,2,0.0333333333333333,43.7,2,13,11,2,300,0.5,32.5,0.039473685,1,1,1,1,0.0327898228229909
p11127,1,0.0166666666666667,,2,29,18,1,150,0,17,0.02631579,0.5,1,1,1,0.0165293019512106
p11128,1,0.0166666666666667,,2,14,12,1,150,0,11,0.02631579,0.5,1,1,0,0.0165293019512106
p1113,2,0.0333333333333333,52.55,3,65,58,2,242.5,0,31.5,0.039473685,0.666666666666667,0,0,0,0.0327898228229909
p11130,1,0.0166666666666667,,1,2,2,1,150,1,9,0.02631579,1,1,1,1,0.0165293019512106
p11131,2,0.0333333333333333,13.2833333333333,2,18,16,2,82.5,0.5,22,0.013157895,1,0,0,0,0.0327898228229909
p11132,1,0.0166666666666667,,2,9,8,1,150,0,8,0.02631579,0.5,1,1,1,0.0165293019512106
p11133,1,0.0166666666666667,,1,1,1,1,150,1,13,0.02631579,1,1,1,1,0.0165293019512106
p11134,1,0.0166666666666667,,2,19,16,1,150,0,15,0.02631579,0.5,1,1,0,0.0165293019512106
p11135,1,0.0166666666666667,,2,13,12,1,150,0,12,0.02631579,0.5,1,1,1,0.0165293019512106
p11136,1,0.0166666666666667,,2,13,12,2,144,0.13536836,12,0.02631579,1,1,1,1,0.0165293019512106
p11138,1,0.0166666666666667,,2,8,7,1,150,0,7,0.02631579,0.5,1,1,1,0.0165293019512106
p1114,2,0.0333333333333333,18.8333333333333,3,30,21,3,140.333333333333,0.0777162366666667,16.5,0.039473685,1,1,1,1,0.0327898228229909
p11140,0,0,,1,2,2,0,,,,,0,0,0,0,0
p11141,1,0.0166666666666667,,2,11,9,2,156,0.008342853,8,0.02631579,1,0,0,0,0.0165293019512106
p11142,2,0.0333333333333333,45.6333333333333,2,17,12,1,150,0,34,0.039473685,0.5,1,1,1,0.0327898228229909
p11143,1,0.0166666666666667,,2,10,9,2,237.5,0.45121813,8,0.02631579,1,0,0,0,0.0165293019512106
p11144,1,0.0166666666666667,,2,12,11,2,204.5,0.09170983,10,0.02631579,1,0,0,0,0.0165293019512106
p11145,1,0.0166666666666667,,2,15,12,2,80,0.038896075,11,0.02631579,1,0,0,0,0.0165293019512106
p11146,2,0.0333333333333333,52.65,2,7,7,1,150,0,33,0.039473685,0.5,1,1,1,0.0327898228229909
p11147,1,0.0166666666666667,,2,18,16,1,150,0,12,0.02631579,0.5,1,1,1,0.0165293019512106
p11148,1,0.0166666666666667,,1,1,1,1,150,1,6,0.02631579,1,1,1,1,0.0165293019512106
p11149,1,0.0166666666666667,,2,32,21,2,8260.32948996292,0.177342965,16,0.02631579,1,0,0,0,0.0165293019512106
p1115,1,0.0166666666666667,,1,1,1,1,150,1,7,0.02631579,1,0,0,0,0.0165293019512106
p11150,1,0.0166666666666667,,2,21,18,2,196,0.125293985,17,0.02631579,1,1,1,0,0.0165293019512106
p11151,1,0.0166666666666667,,2,8,7,1,150,0,7,0.02631579,0.5,1,1,1,0.0165293019512106
p11152,1,0.0166666666666667,,2,9,8,1,150,0,6,0.02631579,0.5,1,1,1,0.0165293019512106
p11153,0,0,,1,1,1,1,32,0.90033656,,,1,0,0,0,0
p11154,1,0.0166666666666667,,2,12,10,1,150,0,9,0.02631579,0.5,0,0,0,0.0165293019512106
p11155,2,0.0333333333333333,48.4833333333333,3,70,59,2,375,0,34.5,0.039473685,0.666666666666667,0,0,0,0.0327898228229909
p11156,2,0.0333333333333333,11.2666666666667,4,85,34,3,151.666666666667,0,28.5,0.02631579,0.75,1,1,1,0.0327898228229909
p11157,2,0.0333333333333333,44.95,2,9,8,2,285,0.5,29.5,0.039473685,1,1,1,1,0.0327898228229909
p11158,1,0.0166666666666667,,2,12,10,1,150,0,10,0.02631579,0.5,1,1,1,0.0165293019512106
p11159,1,0.0166666666666667,,2,7,7,1,150,0,6,0.02631579,0.5,1,1,1,0.0165293019512106
p1116,3,0.05,25.45,4,123,58,3,368.333333333333,0,40,0.0526315783333333,0.75,1,0,0,0.048790164169432
p11160,2,0.0333333333333333,17.35,3,22,14,3,189.666666666667,0.5,15.5,0.02631579,1,1,0,0,0.0327898228229909
p11161,1,0.0166666666666667,,2,12,11,1,150,0,10,0.02631579,0.5,0,0,0,0.0165293019512106
p11162,1,0.0166666666666667,,2,18,16,1,150,0,16,0.02631579,0.5,0,0,0,0.0165293019512106
p11164,3,0.05,17.8416666666667,3,47,39,3,475,0.333333333333333,29,0.0526315783333333,1,1,1,1,0.048790164169432
p11166,2,0.0333333333333333,41.7166666666667,2,10,8,2,375,0.5,28,0.039473685,1,0,0,0,0.0327898228229909
p11167,1,0.0166666666666667,,1,0,0,1,150,1,6,0.02631579,1,0,0,0,0.0165293019512106
p11168,2,0.0333333333333333,50.1333333333333,2,12,10,2,375,0.5,34,0.039473685,1,1,1,1,0.0327898228229909
p1117,1,0.0166666666666667,,2,35,30,1,150,0,17,0.02631579,0.5,0,0,0,0.0165293019512106
p11170,1,0.0166666666666667,,2,14,12,2,151.703125,0.07745376,11,0.02631579,1,0,0,0,0.0165293019512106
p11172,1,0.0166666666666667,,2,23,16,2,170,0.062069725,13,0.02631579,1,1,1,1,0.0165293019512106
p11173,1,0.0166666666666667,,2,10,8,2,193,0.2780793,8,0.02631579,1,0,0,0,0.0165293019512106
p11174,2,0.0333333333333333,33.6166666666667,2,6,5,2,292.5,0.5,21.5,0.039473685,1,1,0,0,0.0327898228229909
p11176,1,0.0166666666666667,,2,9,8,3,203,0.254032492613333,8,0.02631579,1.5,0,0,0,0.0165293019512106
p11177,1,0.0166666666666667,,2,15,14,2,180.5,0.057159975,12,0.02631579,1,1,1,1,0.0165293019512106
p11178,1,0.0166666666666667,,2,11,9,1,150,0,9,0.02631579,0.5,0,0,0,0.0165293019512106
p11179,1,0.0166666666666667,,1,1,1,1,150,1,11,0.02631579,1,0,0,0,0.0165293019512106
p1118,2,0.0333333333333333,42.6833333333333,2,7,6,2,375,0.5,27.5,0.039473685,1,1,0,0,0.0327898228229909
p11180,2,0.0333333333333333,15.7333333333333,3,25,18,3,95.6666666666667,0.06697255,13.5,0.039473685,1,0,0,0,0.0327898228229909
p11181,1,0.0166666666666667,,2,20,18,2,148.5,0.26950997,18,0.02631579,1,0,0,0,0.0165293019512106
p11182,1,0.0166666666666667,,2,8,7,2,76,0.037511222,6,0.02631579,1,0,0,0,0.0165293019512106
p11183,1,0.0166666666666667,,2,11,10,2,156.5,0.00836197,9,0.02631579,1,0,0,0,0.0165293019512106
p11184,3,0.05,19.0416666666667,3,52,43,3,475,0.333333333333333,31.6666666666667,0.0526315783333333,1,0,0,0,0.048790164169432
p11185,1,0.0166666666666667,,2,10,9,2,168.5,0.05156865,8,0.02631579,1,0,0,0,0.0165293019512106
p11186,1,0.0166666666666667,,2,22,21,1,25,0,19,0.02631579,0.5,1,1,1,0.0165293019512106
p11188,1,0.0166666666666667,,2,7,7,1,150,0,6,0.02631579,0.5,1,1,1,0.0165293019512106
p11189,1,0.0166666666666667,,2,11,10,2,117.625,0.9806614,10,0,1,0,0,0,0.0165293019512106
p1119,1,0.0166666666666667,,2,12,10,1,150,0,9,0.02631579,0.5,0,0,0,0.0165293019512106
p11190,3,0.05,22.7333333333333,4,105,52,3,475,0,34.3333333333333,0.0526315783333333,0.75,1,1,1,0.048790164169432
p11191,1,0.0166666666666667,,2,9,8,2,259.5,0.3421454,7,0.02631579,1,1,1,1,0.0165293019512106
p11192,1,0.0166666666666667,,2,13,12,2,257.5,0.25749922,12,0.02631579,1,0,0,0,0.0165293019512106
p11193,3,0.05,18.0083333333333,4,93,44,3,475,0,30,0.0526315783333333,0.75,0,0,0,0.048790164169432
p11194,3,0.05,21.4,4,108,51,3,475,0,33.6666666666667,0.0526315783333333,0.75,1,1,1,0.048790164169432
p11195,1,0.0166666666666667,,2,16,15,2,163,0.03661469,14,0.02631579,1,1,1,1,0.0165293019512106
p11196,1,0.0166666666666667,,2,12,10,2,90,0.093225225,9,0.02631579,1,0,0,0,0.0165293019512106
p11197,1,0.0166666666666667,,2,17,16,1,150,0,15,0.02631579,0.5,1,1,1,0.0165293019512106
p11198,2,0.0333333333333333,49.1,3,69,58,2,375,0,33.5,0.039473685,0.666666666666667,1,1,1,0.0327898228229909
p11199,2,0.0333333333333333,41.9166666666667,3,62,57,2,362.5,0,26,0.039473685,0.666666666666667,1,0,0,0.0327898228229909
p112,1,0.0166666666666667,,3,21,16,5,113.8,0.059984819,15,0.02631579,1.66666666666667,1,1,1,0.0165293019512106
p1120,1,0.0166666666666667,,2,7,6,2,123.5,0.0264888315,6,0.02631579,1,0,0,0,0.0165293019512106
p11201,1,0.0166666666666667,,2,11,10,1,150,0,9,0.02631579,0.5,0,0,0,0.0165293019512106
p11203,1,0.0166666666666667,,3,9,7,2,24.5,0.355009675,6,0.02631579,0.666666666666667,0,0,0,0.0165293019512106
p11204,1,0.0166666666666667,,2,9,8,2,150,0.00256764,8,0.02631579,1,0,0,0,0.0165293019512106
p11205,1,0.0166666666666667,,2,19,17,2,161,0.203322425,15,0.02631579,1,1,1,1,0.0165293019512106
p11206,1,0.0166666666666667,,2,8,7,2,225,0.19897023,7,0.02631579,1,1,1,0,0.0165293019512106
p11207,1,0.0166666666666667,,2,9,8,2,168.5,0.0255995,8,0.02631579,1,0,0,0,0.0165293019512106
p11209,11,0.183333333333333,4.07,6,151.280000000001,54,6,2220.45436363636,0,30.1818181818182,0.129561403322221,0.916666666666667,1,1,1,0.168335314819215
p11210,1,0.0166666666666667,,2,8,7,2,186,0.1239385,6,0.02631579,1,0,0,0,0.0165293019512106
p11212,1,0.0166666666666667,,2,15,13,1,15,,12,0,0.5,0,0,0,0.0165293019512106
p11213,3,0.05,24.0833333333333,3,62,53,2,375,0,38.3333333333333,0.0526315783333333,0.666666666666667,1,0,0,0.048790164169432
p11214,1,0.0166666666666667,,2,43,29,1,0,0,27,0.02631579,0.5,0,0,0,0.0165293019512106
p11217,1,0.0166666666666667,,2,10,9,1,150,0,8,0.02631579,0.5,1,1,0,0.0165293019512106
p11218,2,0.0333333333333333,44.0833333333333,3,63,52,2,375,0,30,0.039473685,0.666666666666667,1,0,0,0.0327898228229909
p11219,3,0.05,19.4333333333333,4,103,47,3,425,0,32.6666666666667,0.0526315783333333,0.75,1,1,1,0.048790164169432
p1122,1,0.0166666666666667,,2,24,17,1,150,0,16,0.02631579,0.5,1,0,0,0.0165293019512106
p11220,2,0.0333333333333333,48.9166666666667,3,71,58,2,235,0,33.5,0.039473685,0.666666666666667,1,1,1,0.0327898228229909
p11221,0,0,,1,1,1,1,30,0.85239154,,,1,0,0,0,0
p11222,1,0.0166666666666667,,2,8,7,1,150,0,6,0.02631579,0.5,1,1,1,0.0165293019512106
p11224,1,0.0166666666666667,,2,19,17,1,150,0,17,0.02631579,0.5,1,1,1,0.0165293019512106
p11225,2,0.0333333333333333,6.08333333333333,3,33,19,3,152,0.155837366666667,16,0.013157895,1,0,0,0,0.0327898228229909
p11226,1,0.0166666666666667,,2,19,15,1,150,0,14,0.02631579,0.5,0,0,0,0.0165293019512106
p11227,1,0.0166666666666667,,2,9,8,2,169,0.039722335,7,0.02631579,1,0,0,0,0.0165293019512106
p11228,1,0.0166666666666667,,2,13,12,1,150,0,12,0.02631579,0.5,0,0,0,0.0165293019512106
p11229,3,0.05,24.1083333333333,3,63,53,3,270,0.333333333333333,38.6666666666667,0.0526315783333333,1,0,0,0,0.048790164169432
p1123,1,0.0166666666666667,,2,12,10,2,193,0.1701115,9,0.02631579,1,0,0,0,0.0165293019512106
p11230,1,0.0166666666666667,,1,0,0,1,150,1,5,0.02631579,1,0,0,0,0.0165293019512106
p11231,1,0.0166666666666667,,2,14,13,1,60,0,11,0.02631579,0.5,1,0,0,0.0165293019512106
p11232,1,0.0166666666666667,,2,10,9,1,150,0,8,0.02631579,0.5,0,0,0,0.0165293019512106
p11233,2,0.0333333333333333,37.9,2,8,6,2,375,0.5,24,0.039473685,1,1,1,1,0.0327898228229909
p11234,1,0.0166666666666667,,2,14,12,2,1810.5,0.0621536,11,0.02631579,1,1,1,0,0.0165293019512106
p11235,1,0.0166666666666667,,2,25,16,2,132.5,0.237544315,15,0.02631579,1,0,0,0,0.0165293019512106
p11236,1,0.0166666666666667,,2,13,12,1,125,0,10,0.02631579,0.5,1,1,1,0.0165293019512106
p11237,1,0.0166666666666667,,2,10,9,1,150,0,9,0.02631579,0.5,0,0,0,0.0165293019512106
p11238,1,0.0166666666666667,,2,7,6,2,174.5,0.061909155,5,0.02631579,1,0,0,0,0.0165293019512106
p11239,1,0.0166666666666667,,4,80,33,4,270.375,0.0064931265,10,0.02631579,1,1,1,1,0.0165293019512106
p1124,3,0.05,19.7333333333333,4,104,48,3,475,0,33,0.0526315783333333,0.75,1,1,1,0.048790164169432
p11240,1,0.0166666666666667,,2,7,7,1,150,0,6,0.02631579,0.5,0,0,0,0.0165293019512106
p11241,1,0.0166666666666667,,1,1,1,1,150,1,9,0.02631579,1,0,0,0,0.0165293019512106
p11242,1,0.0166666666666667,,2,15,12,2,195.5,0.12412598,10,0.02631579,1,1,1,1,0.0165293019512106
p11243,1,0.0166666666666667,,2,16,15,1,150,0,11,0.02631579,0.5,1,1,1,0.0165293019512106
p11244,2,0.0333333333333333,50.8,3,69,59,2,230,0,32.5,0.039473685,0.666666666666667,1,1,0,0.0327898228229909
p11246,1,0.0166666666666667,,2,10,8,2,238.5,0.24703431,7,0.02631579,1,1,1,1,0.0165293019512106
p11247,1,0.0166666666666667,,1,1,1,1,150,1,6,0.02631579,1,0,0,0,0.0165293019512106
p11248,3,0.05,22.075,4,107,53,3,475,0,34.3333333333333,0.0526315783333333,0.75,1,1,0,0.048790164169432
p11249,2,0.0333333333333333,26.9,3,39,31,3,225,0.0770059,19.5,0.039473685,1,0,0,0,0.0327898228229909
p1125,1,0.0166666666666667,,2,17,16,1,150,0,16,0.02631579,0.5,0,0,0,0.0165293019512106
p11250,1,0.0166666666666667,,2,9,8,2,151,0.004857828,7,0.02631579,1,1,1,1,0.0165293019512106
p11251,1,0.0166666666666667,,2,12,11,1,150,0,11,0.02631579,0.5,0,0,0,0.0165293019512106
p11252,1,0.0166666666666667,,2,8,7,1,150,0,7,0.02631579,0.5,1,1,1,0.0165293019512106
p11253,1,0.0166666666666667,,2,12,11,1,150,0,11,0.02631579,0.5,1,1,1,0.0165293019512106
p11254,1,0.0166666666666667,,2,24,18,1,150,0,17,0.02631579,0.5,1,1,1,0.0165293019512106
p11255,1,0.0166666666666667,,1,1,1,1,135,1,20,0.02631579,1,1,1,1,0.0165293019512106
p11256,2,0.0333333333333333,41.2333333333333,2,11,9,2,375,0.5,29.5,0.039473685,1,1,0,0,0.0327898228229909
p11257,1,0.0166666666666667,,2,51,40,1,150,0,39,0.02631579,0.5,0,0,0,0.0165293019512106
p11258,1,0.0166666666666667,,2,23,19,1,0,0,15,0.02631579,0.5,0,0,0,0.0165293019512106
p11259,1,0.0166666666666667,,2,11,10,1,60,0,9,0.02631579,0.5,1,1,1,0.0165293019512106
p1126,1,0.0166666666666667,,2,20,17,2,32.5,0.033686225,14,0.02631579,1,0,0,0,0.0165293019512106
p11260,2,0.0333333333333333,43.7666666666667,2,8,7,2,375,0.5,28,0.039473685,1,1,1,1,0.0327898228229909
p11261,1,0.0166666666666667,,2,10,9,1,150,0,8,0.02631579,0.5,0,0,0,0.0165293019512106
p11262,3,0.05,20.8833333333333,3,54,46,3,390,0.333333333333333,33.3333333333333,0.0526315783333333,1,1,1,1,0.048790164169432
p11263,1,0.0166666666666667,,2,8,8,1,150,0,8,0.02631579,0.5,1,1,0,0.0165293019512106
p11264,2,0.0333333333333333,48.7166666666667,2,10,9,2,375,0.5,32.5,0.039473685,1,0,0,0,0.0327898228229909
p11266,2,0.0333333333333333,40.2166666666667,2,8,7,2,330,0.5,25,0.039473685,1,1,1,1,0.0327898228229909
p11268,1,0.0166666666666667,,2,7,7,1,150,0,7,0.02631579,0.5,1,1,0,0.0165293019512106
p11269,2,0.0333333333333333,42.8333333333333,3,55,49,2,375,0,27.5,0.039473685,0.666666666666667,0,0,0,0.0327898228229909
p1127,1,0.0166666666666667,,2,88,49,1,150,0,41.3333333333333,0.02631579,0.5,0,0,0,0.0165293019512106
p11270,2,0.0333333333333333,49.0333333333333,3,63,56,2,287.5,0,30.5,0.039473685,0.666666666666667,0,0,0,0.0327898228229909
p11271,1,0.0166666666666667,,2,9,9,1,150,0,9,0.02631579,0.5,0,0,0,0.0165293019512106
p11272,1,0.0166666666666667,,2,10,10,1,150,0,9,0.02631579,0.5,1,1,0,0.0165293019512106
p11273,1,0.0166666666666667,,2,12,11,2,251.5,0.2715783,6,0.02631579,1,0,0,0,0.0165293019512106
p11274,2,0.0333333333333333,43.2166666666667,3,63,53,2,337.5,0,28.5,0.039473685,0.666666666666667,0,0,0,0.0327898228229909
p11275,1,0.0166666666666667,,2,20,17,1,150,0,15,0.02631579,0.5,1,1,1,0.0165293019512106
p11276,42,0.7,1.21626016260163,6,151.280000000001,49,6,8260.32948996292,0.04999292,20.8809523809524,0.129561403322221,1,0,0,0,0.53062825106217
p11277,1,0.0166666666666667,,2,14,13,1,150,0,12,0.02631579,0.5,0,0,0,0.0165293019512106
p11278,1,0.0166666666666667,,2,15,12,1,150,0,11,0.02631579,0.5,1,1,1,0.0165293019512106
p11279,1,0.0166666666666667,,2,3,3,1,150,1,15,0.02631579,0.5,0,0,0,0.0165293019512106
p1128,1,0.0166666666666667,,2,16,14,1,150,0,12,0.02631579,0.5,1,1,1,0.0165293019512106
p11280,1,0.0166666666666667,,2,14,13,1,10,0,12,0.02631579,0.5,1,1,0,0.0165293019512106
p11281,0,0,,1,1,1,0,,,,,0,0,0,0,0
p11282,0,0,,1,3,3,1,3,0.057968963,,,1,1,0,0,0
p11283,1,0.0166666666666667,,2,15,11,1,150,0,10,0.02631579,0.5,1,1,0,0.0165293019512106
p11285,3,0.05,25.0083333333333,4,71,32,4,356.5,0.0151620265,22.6666666666667,0.0526315783333333,1,1,1,1,0.048790164169432
p11286,1,0.0166666666666667,,2,22,18,2,139.5,0.286434235,16,0.02631579,1,0,0,0,0.0165293019512106
p11287,3,0.05,17.7333333333333,4,89,41,3,415,0,28,0.0526315783333333,0.75,0,0,0,0.048790164169432
p11288,1,0.0166666666666667,,2,13,11,1,150,0,10,0.02631579,0.5,1,1,1,0.0165293019512106
p11289,1,0.0166666666666667,,2,15,11,1,150,0,10,0.02631579,0.5,0,0,0,0.0165293019512106
p1129,0,0,,1,4,4,1,107.78125,0.2660229,,,1,1,1,1,0
p11290,2,0.0333333333333333,39.95,2,15,13,2,305,0.5,32,0.039473685,1,1,1,1,0.0327898228229909
p11292,1,0.0166666666666667,,2,13,11,1,100,0,9,0.02631579,0.5,0,0,0,0.0165293019512106
p11293,1,0.0166666666666667,,2,17,14,1,150,0,13,0.02631579,0.5,1,1,0,0.0165293019512106
p11294,1,0.0166666666666667,,2,8,7,1,150,0,6,0.02631579,0.5,1,1,1,0.0165293019512106
p11296,1,0.0166666666666667,,2,7,6,2,166,0.030977435,6,0.02631579,1,1,1,1,0.0165293019512106
p11297,1,0.0166666666666667,,2,8,7,2,156,0.008470963,7,0.02631579,1,0,0,0,0.0165293019512106
p11298,1,0.0166666666666667,,2,11,9,2,238,0.20885323,9,0.02631579,1,1,1,0,0.0165293019512106
p11299,1,0.0166666666666667,,2,16,14,1,150,0,13,0.02631579,0.5,1,1,1,0.0165293019512106
p113,2,0.0333333333333333,47.3,3,70,58,2,172.5,0,32.5,0.039473685,0.666666666666667,1,1,1,0.0327898228229909
p1130,1,0.0166666666666667,,1,1,1,1,150,1,6,0.02631579,1,1,1,1,0.0165293019512106
p11301,2,0.0333333333333333,40.65,2,5,5,2,367.5,0.5,25,0.039473685,1,0,0,0,0.0327898228229909
p11302,1,0.0166666666666667,,2,9,8,1,150,0,7,0.02631579,0.5,0,0,0,0.0165293019512106
p11303,1,0.0166666666666667,,2,12,10,1,150,0,9,0.02631579,0.5,1,1,1,0.0165293019512106
p11304,0,0,,1,1,1,1,11,0.37680292,,,1,0,0,0,0
p11305,1,0.0166666666666667,,1,16,16,1,150,1,33,0.02631579,1,0,0,0,0.0165293019512106
p11306,3,0.05,25.4166666666667,4,125,59,3,385,0,40.6666666666667,0.0526315783333333,0.75,0,0,0,0.048790164169432
p11307,2,0.0333333333333333,47.4833333333333,2,8,7,2,375,0.5,30.5,0.039473685,1,1,0,0,0.0327898228229909
p11308,0,0,,1,2,2,0,,,,,0,1,1,1,0
p11309,3,0.05,24.3333333333333,4,122,58,3,415,0,40,0.0526315783333333,0.75,1,1,1,0.048790164169432
p1131,1,0.0166666666666667,,2,11,9,2,174,0.1555563,7,0.02631579,1,0,0,0,0.0165293019512106
p11310,1,0.0166666666666667,,2,10,9,1,60,0,8,0.02631579,0.5,1,1,1,0.0165293019512106
p11311,1,0.0166666666666667,,2,17,12,1,150,0,12,0.02631579,0.5,1,0,0,0.0165293019512106
p11312,1,0.0166666666666667,,1,1,1,1,150,1,10,0.02631579,1,0,0,0,0.0165293019512106
p11313,2,0.0333333333333333,10.65,3,18,12,4,278.5,0.1596460925,10.5,0.039473685,1.33333333333333,0,0,0,0.0327898228229909
p11314,1,0.0166666666666667,,2,11,10,2,142,0.14323978,10,0.02631579,1,1,0,0,0.0165293019512106
p11315,1,0.0166666666666667,,2,6,5,2,237,0.23638448,4.9225,0.02631579,1,1,1,0,0.0165293019512106
p11316,3,0.05,23.4333333333333,4,127,58,3,475,0,40.6666666666667,0.0526315783333333,0.75,1,1,1,0.048790164169432
p1132,3,0.05,22.0166666666667,4,111,52,3,425,0,36.3333333333333,0.0526315783333333,0.75,0,0,0,0.048790164169432
p1133,1,0.0166666666666667,,2,10,9,1,125,0,8,0.02631579,0.5,1,0,0,0.0165293019512106
p1134,0,0,,1,2,2,0,,,,,0,1,0,0,0
p1135,1,0.0166666666666667,,2,11,9,2,209,0.15320118,8,0.02631579,1,1,1,1,0.0165293019512106
p1136,2,0.0333333333333333,43.5666666666667,2,10,9,2,225,0.5,29.5,0.039473685,1,0,0,0,0.0327898228229909
p1137,3,0.05,17.2333333333333,4,81,39,4,376.25,0.01195442575,27,0.0526315783333333,1,0,0,0,0.048790164169432
p1138,1,0.0166666666666667,,2,9,8,2,150,0,8,0.02631579,1,0,0,0,0.0165293019512106
p1139,1,0.0166666666666667,,2,12,11,1,150,0,8,0.02631579,0.5,1,1,1,0.0165293019512106
p114,1,0.0166666666666667,,2,7,6,2,178,0.0955075,5,0.02631579,1,1,1,1,0.0165293019512106
p1140,1,0.0166666666666667,,2,20,16,1,150,0,16,0.02631579,0.5,1,1,1,0.0165293019512106
p1141,0,0,,1,3,3,1,12,0.39053527,,,1,1,1,1,0
p1142,1,0.0166666666666667,,1,1,1,1,150,1,5,0.02631579,1,0,0,0,0.0165293019512106
p1143,1,0.0166666666666667,,2,35,32,2,195.0625,0,37,0.02631579,1,0,0,0,0.0165293019512106
p1144,1,0.0166666666666667,,2,9,8,2,150,0,7,0.02631579,1,0,0,0,0.0165293019512106
p1145,1,0.0166666666666667,,2,11,10,1,150,0,9,0.02631579,0.5,1,0,0,0.0165293019512106
p1147,2,0.0333333333333333,38.9666666666667,2,10,9,2,325,0.5,28.5,0.039473685,1,0,0,0,0.0327898228229909
p1148,1,0.0166666666666667,,2,7,6,1,150,0,6,0.02631579,0.5,0,0,0,0.0165293019512106
p1149,2,0.0333333333333333,47.1,3,69,58,2,375,0,32.5,0.039473685,0.666666666666667,1,1,0,0.0327898228229909
p115,2,0.0333333333333333,46.05,3,64,54,2,375,0,30,0.039473685,0.666666666666667,1,1,0,0.0327898228229909
p1150,1,0.0166666666666667,,2,9,9,1,150,0,8,0.02631579,0.5,0,0,0,0.0165293019512106
p1151,1,0.0166666666666667,,2,34,32,2,23.375,0.05273075,12,0,1,1,1,0,0.0165293019512106
p1152,1,0.0166666666666667,,2,10,9,1,150,0,9,0.02631579,0.5,1,1,1,0.0165293019512106
p1153,1,0.0166666666666667,,1,1,1,1,150,1,9,0.02631579,1,1,1,1,0.0165293019512106
p1154,1,0.0166666666666667,,2,8,7,2,163.5,0.049998045,6,0.02631579,1,1,1,1,0.0165293019512106
p1156,3,0.05,17.1833333333333,4,83,40,3,475,0,27,0.0526315783333333,0.75,1,0,0,0.048790164169432
p1157,0,0,,1,4,4,0,,,,,0,0,0,0,0
p1158,1,0.0166666666666667,,2,8,7,2,160,0.012106975,6,0.02631579,1,1,0,0,0.0165293019512106
p1159,1,0.0166666666666667,,2,3,3,1,150,1,18,0.02631579,0.5,1,1,0,0.0165293019512106
p116,3,0.05,19.9416666666667,4,96,46,3,475,0,31.6666666666667,0.0526315783333333,0.75,0,0,0,0.048790164169432
p1160,3,0.05,21.7333333333333,4,118,55,3,475,0,37.6666666666667,0.0526315783333333,0.75,1,1,1,0.048790164169432
p1162,2,0.0333333333333333,38.6833333333333,3,82,56,2,317.5,0,34.5,0.039473685,0.666666666666667,1,1,1,0.0327898228229909
p1163,1,0.0166666666666667,,2,10,9,2,299.5,0.38939917,9,0.02631579,1,0,0,0,0.0165293019512106
p1165,1,0.0166666666666667,,2,15,14,2,60,0,13,0.02631579,1,1,1,0,0.0165293019512106
p1167,1,0.0166666666666667,,2,8,7,2,190,0.120129125,7,0.02631579,1,1,0,0,0.0165293019512106
p1168,2,0.0333333333333333,19.0166666666667,2,0,0,2,157.5,1,9,0.02631579,1,1,1,0,0.0327898228229909
p1169,1,0.0166666666666667,,2,17,16,1,150,0,15,0.02631579,0.5,1,1,1,0.0165293019512106
p117,2,0.0333333333333333,46.8333333333333,2,14,12,2,375,0.5,34.5,0.039473685,1,1,1,1,0.0327898228229909
p1170,1,0.0166666666666667,,2,8,7,2,280,0.369842825,7,0.02631579,1,1,1,0,0.0165293019512106
p1171,1,0.0166666666666667,,2,8,7,2,195,0.18246245,7,0.02631579,1,0,0,0,0.0165293019512106
p1173,2,0.0333333333333333,43.7,2,8,8,2,300,0.5,28.5,0.039473685,1,1,1,1,0.0327898228229909
p1174,0,0,,1,1,1,1,10,0.41643605,,,1,0,0,0,0
p1175,1,0.0166666666666667,,2,15,14,1,10,0,12,0.02631579,0.5,0,0,0,0.0165293019512106
p1177,1,0.0166666666666667,,1,1,1,1,150,1,8,0.02631579,1,1,1,1,0.0165293019512106
p1178,1,0.0166666666666667,,2,13,12,1,150,0,12,0.02631579,0.5,1,1,1,0.0165293019512106
p1179,0,0,,1,2,2,1,0,0,,,1,1,1,1,0
p118,1,0.0166666666666667,,2,10,9,2,164.5,0.042672027,8,0.02631579,1,0,0,0,0.0165293019512106
p1181,1,0.0166666666666667,,1,1,1,2,75,0.510321877,5,0.02631579,2,1,1,1,0.0165293019512106
p1182,1,0.0166666666666667,,2,7,7,1,150,0,7,0.02631579,0.5,1,1,1,0.0165293019512106
p1183,1,0.0166666666666667,,2,8,7,1,150,0,7,0.02631579,0.5,1,1,1,0.0165293019512106
p1184,1,0.0166666666666667,,2,15,13,2,177,0.069087485,12,0.02631579,1,1,1,1,0.0165293019512106
p1185,1,0.0166666666666667,,2,7,6,2,212,0.13188735,5,0.02631579,1,1,1,1,0.0165293019512106
p1186,2,0.0333333333333333,45.35,3,72,57,2,292.5,0,34.5,0.039473685,0.666666666666667,1,1,0,0.0327898228229909
p1187,2,0.0333333333333333,40.5833333333333,2,19,12,2,330,0.5,32.5,0.039473685,1,1,1,1,0.0327898228229909
p1188,3,0.05,24.1583333333333,4,120,57,3,475,0,38.6666666666667,0.0526315783333333,0.75,1,1,1,0.048790164169432
p1189,2,0.0333333333333333,34.0833333333333,3,45,40,2,375,0,22,0.039473685,0.666666666666667,0,0,0,0.0327898228229909
p119,1,0.0166666666666667,,2,11,10,2,114,0.280965985,8,0.02631579,1,1,0,0,0.0165293019512106
p1190,1,0.0166666666666667,,3,14,10,3,104.333333333333,0.00850364666666667,9,0.02631579,1,0,0,0,0.0165293019512106
p1191,1,0.0166666666666667,,2,10,8,2,179.5,0.054775,7,0.02631579,1,1,1,1,0.0165293019512106
p1192,3,0.05,24.3,4,116,55,3,475,0,38,0.0526315783333333,0.75,1,1,0,0.048790164169432
p1193,1,0.0166666666666667,,2,14,13,2,121,0.14310774,12,0.02631579,1,0,0,0,0.0165293019512106
p1194,1,0.0166666666666667,,2,11,10,1,150,0,9,0.02631579,0.5,1,1,0,0.0165293019512106
p1195,1,0.0166666666666667,,1,1,1,1,150,1,12,0.02631579,1,0,0,0,0.0165293019512106
p1196,1,0.0166666666666667,,2,25,22,1,150,0,21,0.02631579,0.5,0,0,0,0.0165293019512106
p1197,1,0.0166666666666667,,2,13,12,2,165.5,0.13971785,11,0.02631579,1,1,1,1,0.0165293019512106
p1198,1,0.0166666666666667,,2,12,11,1,150,0,11,0.02631579,0.5,1,1,1,0.0165293019512106
p1199,2,0.0333333333333333,39.1666666666667,2,1,1,2,325,1,21.5,0.039473685,1,0,0,0,0.0327898228229909
p12,1,0.0166666666666667,,2,13,9,1,150,0,8,0.02631579,0.5,0,0,0,0.0165293019512106
p120,2,0.0333333333333333,38.9166666666667,2,7,6,2,375,0.5,24.5,0.039473685,1,0,0,0,0.0327898228229909
p1200,0,0,,1,1,1,1,19,0.39445135,,,1,0,0,0,0
p1202,1,0.0166666666666667,,2,19,17,2,151,0.00140275875,15,0.02631579,1,1,0,0,0.0165293019512106
p1203,1,0.0166666666666667,,2,9,8,1,150,0,7,0.02631579,0.5,1,1,1,0.0165293019512106
p1204,2,0.0333333333333333,48.3166666666667,3,62,55,2,362.5,0,30,0.039473685,0.666666666666667,1,0,0,0.0327898228229909
p1205,1,0.0166666666666667,,2,7,6,2,172.5,0.062825985,5,0.02631579,1,0,0,0,0.0165293019512106
p1206,1,0.0166666666666667,,2,10,9,2,196.5,0.188162,7,0.02631579,1,1,1,1,0.0165293019512106
p1207,1,0.0166666666666667,,2,5,5,2,259,0.26289168,5,0.02631579,1,1,1,1,0.0165293019512106
p1208,1,0.0166666666666667,,2,59,33,1,150,0,32,0.02631579,0.5,1,1,1,0.0165293019512106
p1209,3,0.05,23.125,4,113,54,3,420,0,37.3333333333333,0.0526315783333333,0.75,1,1,0,0.048790164169432
p121,1,0.0166666666666667,,2,18,17,1,150,0,16,0.02631579,0.5,1,1,1,0.0165293019512106
p1210,1,0.0166666666666667,,2,22,21,2,177.5,0.155930175,20,0.02631579,1,0,0,0,0.0165293019512106
p1212,1,0.0166666666666667,,2,8,6,2,305.5,0.392757,6,0.02631579,1,1,1,1,0.0165293019512106
p1213,1,0.0166666666666667,,2,11,10,1,150,0,10,0.02631579,0.5,1,1,1,0.0165293019512106
p1215,1,0.0166666666666667,,2,14,12,2,251,0.21838042,11,0.02631579,1,1,1,0,0.0165293019512106
p1216,3,0.05,19.2083333333333,3,46,40,3,221.666666666667,0.333333333333333,29,0.0526315783333333,1,1,1,1,0.048790164169432
p1217,1,0.0166666666666667,,2,9,8,1,150,0,8,0.02631579,0.5,0,0,0,0.0165293019512106
p1218,1,0.0166666666666667,,1,9,9,1,150,1,16,0.02631579,1,1,1,0,0.0165293019512106
p1219,0,0,,1,1,1,1,2,0.21059515,,,1,0,0,0,0
p122,0,0,,1,1,1,1,12.5,0.025441747,,,1,0,0,0,0
p1220,1,0.0166666666666667,,2,17,13,1,150,0,13,0.02631579,0.5,0,0,0,0.0165293019512106
p1221,4,0.0666666666666667,16.1055555555556,5,130,55,4,405,0,31.75,0.04605263125,0.8,1,1,1,0.0645385211375712
p1222,1,0.0166666666666667,,2,10,9,2,202.5,0.07581579,9,0.02631579,1,1,1,1,0.0165293019512106
p1223,1,0.0166666666666667,,2,12,11,2,205.5,0.11632762,11,0.02631579,1,0,0,0,0.0165293019512106
p1224,3,0.05,22.3166666666667,4,107,51,3,475,0,35,0.0526315783333333,0.75,0,0,0,0.048790164169432
p1225,1,0.0166666666666667,,2,6,5,2,242,0.231464965,5,0.02631579,1,1,1,1,0.0165293019512106
p1226,0,0,,1,0,0,1,3,0.156843,,,1,0,0,0,0
p1227,1,0.0166666666666667,,2,16,14,1,150,0,13,0.02631579,0.5,1,1,0,0.0165293019512106
p123,1,0.0166666666666667,,1,1,1,1,150,1,8,0.02631579,1,0,0,0,0.0165293019512106
p1230,1,0.0166666666666667,,2,14,12,1,150,0,11,0.02631579,0.5,0,0,0,0.0165293019512106
p1231,1,0.0166666666666667,,2,8,7,2,75,0.28012145,6,0.02631579,1,1,1,1,0.0165293019512106
p1232,0,0,,1,2,2,1,18,0.5470118,,,1,0,0,0,0
p1233,1,0.0166666666666667,,2,53,31,2,186,0.09452006,30,0.02631579,1,0,0,0,0.0165293019512106
p1234,1,0.0166666666666667,,2,13,12,1,150,0,11,0.02631579,0.5,0,0,0,0.0165293019512106
p1235,1,0.0166666666666667,,2,10,9,1,0,0,8,0.02631579,0.5,1,1,1,0.0165293019512106
p1236,1,0.0166666666666667,,2,12,11,2,22.25,0.021077838,11,0,1,1,1,1,0.0165293019512106
p1237,2,0.0333333333333333,41.4333333333333,2,7,6,2,375,0.5,26.5,0.039473685,1,0,0,0,0.0327898228229909
p1238,1,0.0166666666666667,,2,9,8,1,150,0,8,0.02631579,0.5,1,1,1,0.0165293019512106
p1239,3,0.05,25.8166666666667,4,118,57,3,425,0,38.6666666666667,0.0526315783333333,0.75,0,0,0,0.048790164169432
p124,2,0.0333333333333333,39.8666666666667,3,48,41,3,141.666666666667,0.211512233333333,26,0.039473685,1,1,0,0,0.0327898228229909
p1240,2,0.0333333333333333,33.65,2,7,6,2,375,0.5,22,0.039473685,1,1,1,1,0.0327898228229909
p1241,1,0.0166666666666667,,2,5,3,1,150,1,15,0.02631579,0.5,1,1,1,0.0165293019512106
p1242,3,0.05,18.7083333333333,4,94,44,3,475,0,30.3333333333333,0.0526315783333333,0.75,0,0,0,0.048790164169432
p1243,1,0.0166666666666667,,2,9,7,1,150,0,6,0.02631579,0.5,0,0,0,0.0165293019512106
p1244,0,0,,1,0,0,1,126.375,0.25758007,,,1,1,1,1,0
p1245,0,0,,1,0,0,1,9,0.16392326,,,1,0,0,0,0
p1246,0,0,,1,1,1,0,,,,,0,0,0,0,0
p1247,1,0.0166666666666667,,2,14,11,1,150,0,10,0.02631579,0.5,1,1,1,0.0165293019512106
p1248,2,0.0333333333333333,6.08333333333333,3,34,19,2,90,0,14,0.013157895,0.666666666666667,1,1,1,0.0327898228229909
p1249,1,0.0166666666666667,,2,18,14,1,150,0,13,0.02631579,0.5,0,0,0,0.0165293019512106
p125,1,0.0166666666666667,,2,14,12,1,0,0,11,0.02631579,0.5,1,1,0,0.0165293019512106
p1251,1,0.0166666666666667,,2,15,13,2,269.5,0.2979778,13,0.02631579,1,1,1,1,0.0165293019512106
p1252,1,0.0166666666666667,,2,8,7,2,172,0.04202739,7,0.02631579,1,0,0,0,0.0165293019512106
p1253,1,0.0166666666666667,,2,15,13,1,150,0,12,0.02631579,0.5,1,1,1,0.0165293019512106
p1255,1,0.0166666666666667,,1,2,2,2,75,0.5,7,0.02631579,2,0,0,0,0.0165293019512106
p1257,1,0.0166666666666667,,2,10,9,2,217,0.25664115,8,0.02631579,1,1,1,1,0.0165293019512106
p1259,1,0.0166666666666667,,2,8,7,2,199,0.113715635,7,0.02631579,1,0,0,0,0.0165293019512106
p126,3,0.05,18.65,3,19,13,4,352,0.31871128,20.6666666666667,0.0526315783333333,1.33333333333333,1,1,1,0.048790164169432
p1260,1,0.0166666666666667,,2,9,8,2,316.5,0.42653212,8,0.02631579,1,1,1,0,0.0165293019512106
p1261,4,0.0666666666666667,12.4444444444444,5,117,46,4,662.5,0,28.5,0.06578947375,0.8,1,1,1,0.0645385211375712
p1263,1,0.0166666666666667,,2,8,7,2,174,0.072967775,6,0.02631579,1,1,1,1,0.0165293019512106
p1264,1,0.0166666666666667,,2,16,13,1,10,0,9,0.02631579,0.5,0,0,0,0.0165293019512106
p1265,1,0.0166666666666667,,2,36,33,1,150,0,14,0.02631579,0.5,0,0,0,0.0165293019512106
p1266,2,0.0333333333333333,36.3166666666667,2,10,8,2,205,0.5,25.5,0.039473685,1,0,0,0,0.0327898228229909
p1267,19,0.316666666666667,2.02407407407407,6,151.280000000001,42,6,2911.84251578947,0.0526315789473684,26.6315789473684,0.129561403322221,1,1,1,0,0.275103290244921
p1268,1,0.0166666666666667,,2,15,11,1,150,,9,0.02631579,0.5,0,0,0,0.0165293019512106
p1269,2,0.0333333333333333,10.4166666666667,3,21,14,4,259.5,0.1733816025,11,0.039473685,1.33333333333333,0,0,0,0.0327898228229909
p127,1,0.0166666666666667,,2,10,9,2,85.5,0.015399441,9,0.02631579,1,1,1,1,0.0165293019512106
p1270,1,0.0166666666666667,,2,17,16,1,150,0,12,0.02631579,0.5,1,1,1,0.0165293019512106
p1272,1,0.0166666666666667,,2,11,10,1,150,0,10,0.02631579,0.5,0,0,0,0.0165293019512106
p1273,1,0.0166666666666667,,2,11,10,1,150,0,9,0.02631579,0.5,0,0,0,0.0165293019512106
p1274,0,0,,1,0,0,1,12,0.4712015,,,1,0,0,0,0
p1275,1,0.0166666666666667,,2,11,10,2,43.5,0.027326312,9,0.02631579,1,0,0,0,0.0165293019512106
p1276,3,0.05,23.6833333333333,3,64,53,3,475,0.333333333333333,38.6666666666667,0.0526315783333333,1,1,1,0,0.048790164169432
p1277,1,0.0166666666666667,,2,14,9,2,173,0.05269495,9,0.02631579,1,0,0,0,0.0165293019512106
p1278,1,0.0166666666666667,,1,1,1,1,150,1,8,0.02631579,1,1,1,1,0.0165293019512106
p1279,1,0.0166666666666667,,2,6,5,2,215.5,0.309452115,5,0.02631579,1,1,1,0,0.0165293019512106
p128,0,0,,1,7,7,1,10,0.27820823,,,1,0,0,0,0
p1280,1,0.0166666666666667,,2,27,23,1,150,0,21,0.02631579,0.5,1,1,1,0.0165293019512106
p1281,1,0.0166666666666667,,2,83,48,1,150,0,41.3333333333333,0.02631579,0.5,1,1,1,0.0165293019512106
p1282,1,0.0166666666666667,,2,17,14,1,125,0,10,0.02631579,0.5,1,1,1,0.0165293019512106
p1283,1,0.0166666666666667,,2,30,19,1,150,0,19,0.02631579,0.5,1,1,0,0.0165293019512106
p1284,2,0.0333333333333333,15.6166666666667,3,35,23,4,257.75,0.1171783875,18.5,0.039473685,1.33333333333333,1,1,1,0.0327898228229909
p1285,1,0.0166666666666667,,1,37,37,0,,,41.3333333333333,0.02631579,0,1,1,1,0.0165293019512106
p1286,1,0.0166666666666667,,2,18,12,2,248,0.2920028,11,0.02631579,1,1,1,0,0.0165293019512106
p1287,1,0.0166666666666667,,2,11,9,1,150,0,8,0.02631579,0.5,1,1,1,0.0165293019512106
p1288,1,0.0166666666666667,,2,17,11,1,150,0,11,0.02631579,0.5,1,1,1,0.0165293019512106
p129,1,0.0166666666666667,,2,12,10,1,150,0,9,0.02631579,0.5,1,1,1,0.0165293019512106
p1290,1,0.0166666666666667,,2,9,8,1,150,0,8,0.02631579,0.5,1,1,1,0.0165293019512106
p1291,1,0.0166666666666667,,2,11,9,2,101.5,0.27587465,7,0.02631579,1,1,0,0,0.0165293019512106
p1292,1,0.0166666666666667,,2,19,17,2,134,0.040374625,17,0.02631579,1,0,0,0,0.0165293019512106
p1293,0,0,,1,1,1,0,,,,,0,1,1,0,0
p1294,3,0.05,23.45,4,126,58,3,475,0,41.3333333333333,0.0526315783333333,0.75,1,1,0,0.048790164169432
p1295,1,0.0166666666666667,,1,1,1,1,150,1,7,0.02631579,1,1,1,1,0.0165293019512106
p1296,1,0.0166666666666667,,2,18,14,1,150,0,14,0.02631579,0.5,1,1,0,0.0165293019512106
p1297,2,0.0333333333333333,40.8833333333333,3,54,47,2,285,0,25.5,0.039473685,0.666666666666667,0,0,0,0.0327898228229909
p1298,0,0,,1,1,1,1,21,0.42893264,,,1,0,0,0,0
p1299,0,0,,1,1,1,1,20,0.5744883,,,1,0,0,0,0
p13,1,0.0166666666666667,,2,17,13,1,150,0,13,0.02631579,0.5,1,1,1,0.0165293019512106
p130,3,0.05,24.1166666666667,4,111,54,3,475,0,36.6666666666667,0.0526315783333333,0.75,0,0,0,0.048790164169432
p1300,1,0.0166666666666667,,2,6,6,1,150,0,5,0.02631579,0.5,0,0,0,0.0165293019512106
p1302,1,0.0166666666666667,,2,11,9,2,226.5,0.18464543,9,0.02631579,1,0,0,0,0.0165293019512106
p1303,1,0.0166666666666667,,2,10,10,1,150,0,9,0.02631579,0.5,1,0,0,0.0165293019512106
p1304,2,0.0333333333333333,35.8166666666667,3,50,42,2,300,0,24,0.039473685,0.666666666666667,0,0,0,0.0327898228229909
p1305,13,0.216666666666667,1.15833333333333,6,130,17,6,8260.32948996292,0,9.61538461538462,0.129561403322221,0.928571428571429,0,0,0,0.19611487892629
p1306,1,0.0166666666666667,,2,12,10,1,150,0,10,0.02631579,0.5,0,0,0,0.0165293019512106
p1307,2,0.0333333333333333,15.6333333333333,3,38,23,4,234.5,0.1540060325,18,0.039473685,1.33333333333333,1,1,1,0.0327898228229909
p1308,1,0.0166666666666667,,2,10,9,1,150,0,9,0.02631579,0.5,1,1,1,0.0165293019512106
p131,1,0.0166666666666667,,2,9,8,2,162,0.0123349065,8,0.02631579,1,0,0,0,0.0165293019512106
p1310,1,0.0166666666666667,,2,18,14,1,150,0,13,0.02631579,0.5,0,0,0,0.0165293019512106
p1311,1,0.0166666666666667,,2,8,7,2,275.5,0.39457695,6,0.02631579,1,0,0,0,0.0165293019512106
p1313,1,0.0166666666666667,,1,1,1,1,150,1,9,0.02631579,1,1,1,1,0.0165293019512106
p1314,1,0.0166666666666667,,2,45,30,2,233.5,0.22492634,28,0.02631579,1,1,1,1,0.0165293019512106
p1315,0,0,,1,2,2,1,4,0.13222985,,,1,1,1,1,0
p1316,1,0.0166666666666667,,2,14,11,2,150,0,10,0.02631579,1,0,0,0,0.0165293019512106
p1317,1,0.0166666666666667,,2,17,15,1,15,,14,0,0.5,0,0,0,0.0165293019512106
p1318,1,0.0166666666666667,,1,2,2,0,,,32,0,0,0,0,0,0.0165293019512106
p1319,0,0,,1,1,1,1,12,0.24415083,,,1,1,1,0,0
p132,3,0.05,22.7166666666667,4,114,53,3,475,0,37.3333333333333,0.0526315783333333,0.75,1,1,0,0.048790164169432
p1321,2,0.0333333333333333,42.0833333333333,2,13,10,2,375,0.5,31,0.039473685,1,1,1,1,0.0327898228229909
p1322,1,0.0166666666666667,,2,15,13,1,150,0,12,0.02631579,0.5,1,1,1,0.0165293019512106
p1323,1,0.0166666666666667,,2,7,6,2,209.5,0.19475879,5,0.02631579,1,0,0,0,0.0165293019512106
p1324,1,0.0166666666666667,,2,15,11,2,177.5,0.143518685,11,0.02631579,1,0,0,0,0.0165293019512106
p1325,1,0.0166666666666667,,2,19,16,1,150,0,15,0.02631579,0.5,1,1,1,0.0165293019512106
p1326,1,0.0166666666666667,,2,9,8,2,214.5,0.21967058,8,0.02631579,1,0,0,0,0.0165293019512106
p1327,1,0.0166666666666667,,2,14,12,1,60,0,11,0.02631579,0.5,1,1,1,0.0165293019512106
p1328,2,0.0333333333333333,39.6833333333333,3,60,49,2,375,0,28,0.039473685,0.666666666666667,0,0,0,0.0327898228229909
p1329,1,0.0166666666666667,,2,10,8,1,150,0,7,0.02631579,0.5,0,0,0,0.0165293019512106
p133,3,0.05,14.0416666666667,4,120,55,3,1255,0,37.3333333333333,0.02631579,0.75,0,0,0,0.048790164169432
p1330,1,0.0166666666666667,,2,22,19,1,150,0,18,0.02631579,0.5,1,1,0,0.0165293019512106
p1331,2,0.0333333333333333,8.86666666666667,4,37,19,3,64.9166666666667,0.332700986666667,13.5,0.013157895,0.75,1,1,0,0.0327898228229909
p1332,3,0.05,16.6083333333333,3,105,57,2,375,0,41.3333333333333,0.0526315783333333,0.666666666666667,1,1,1,0.048790164169432
p1333,1,0.0166666666666667,,2,7,6,2,195,0.1210708,6,0.02631579,1,1,1,0,0.0165293019512106
p1334,1,0.0166666666666667,,2,4,3,2,77.5,0.5,8,0.02631579,1,1,1,1,0.0165293019512106
p1335,1,0.0166666666666667,,2,34,23,1,60,0,22,0.02631579,0.5,1,1,1,0.0165293019512106
p1336,2,0.0333333333333333,43.9833333333333,3,60,50,3,244.333333333333,0.13297395,31,0.039473685,1,0,0,0,0.0327898228229909
p1337,3,0.05,21.2,4,103,49,3,475,0,33.3333333333333,0.0526315783333333,0.75,0,0,0,0.048790164169432
p1338,1,0.0166666666666667,,2,14,11,2,227,0.40805555,10,0.02631579,1,0,0,0,0.0165293019512106
p1339,1,0.0166666666666667,,2,10,8,1,150,0,8,0.02631579,0.5,1,1,0,0.0165293019512106
p134,1,0.0166666666666667,,2,29,28,1,150,0,28,0.02631579,0.5,1,1,0,0.0165293019512106
p1340,1,0.0166666666666667,,2,10,9,1,150,0,9,0.02631579,0.5,1,1,1,0.0165293019512106
p1341,2,0.0333333333333333,35.3166666666667,3,50,42,2,375,0,24,0.039473685,0.666666666666667,1,0,0,0.0327898228229909
p1342,0,0,,1,1,1,1,0,0,,,1,1,1,1,0
p1343,1,0.0166666666666667,,2,10,9,2,164,0.03699799,8,0.02631579,1,0,0,0,0.0165293019512106
p1344,2,0.0333333333333333,50.4833333333333,3,64,57,2,375,0,31,0.039473685,0.666666666666667,0,0,0,0.0327898228229909
p1345,1,0.0166666666666667,,2,11,10,2,197,0.072829625,9,0.02631579,1,1,1,1,0.0165293019512106
p1346,2,0.0333333333333333,7.15,3,31,19,2,90,0,15.5,0.013157895,0.666666666666667,1,1,1,0.0327898228229909
p1347,1,0.0166666666666667,,2,34,29,1,60,0,28,0.02631579,0.5,1,1,1,0.0165293019512106
p1348,1,0.0166666666666667,,2,41,40,1,60,0,8,0.02631579,0.5,1,1,1,0.0165293019512106
p1349,1,0.0166666666666667,,1,1,1,1,150,1,6,0.02631579,1,0,0,0,0.0165293019512106
p1350,1,0.0166666666666667,,2,12,11,1,150,0,11,0.02631579,0.5,0,0,0,0.0165293019512106
p1351,1,0.0166666666666667,,2,21,15,1,150,0,14,0.02631579,0.5,1,1,1,0.0165293019512106
p1352,1,0.0166666666666667,,2,13,10,1,150,0,9,0.02631579,0.5,1,1,0,0.0165293019512106
p1353,2,0.0333333333333333,37.9666666666667,3,50,44,2,375,0,24,0.039473685,0.666666666666667,1,0,0,0.0327898228229909
p1354,1,0.0166666666666667,,2,15,14,2,111,0.008272416,14,0.02631579,1,0,0,0,0.0165293019512106
p1355,1,0.0166666666666667,,2,2,2,2,211,0.59681698,13,0.02631579,1,0,0,0,0.0165293019512106
p1356,1,0.0166666666666667,,2,9,8,1,150,0,7,0.02631579,0.5,0,0,0,0.0165293019512106
p1357,2,0.0333333333333333,43,3,59,51,2,375,0,28.5,0.039473685,0.666666666666667,1,0,0,0.0327898228229909
p1358,2,0.0333333333333333,48.6833333333333,3,69,59,2,375,0,31.5,0.039473685,0.666666666666667,1,1,1,0.0327898228229909
p1359,1,0.0166666666666667,,1,0,0,1,150,1,6,0.02631579,1,1,1,1,0.0165293019512106
p136,1,0.0166666666666667,,2,11,9,1,135,0,7,0.02631579,0.5,1,1,1,0.0165293019512106
p1360,0,0,,1,1,1,1,0,0.17354174,,,1,0,0,0,0
p1361,3,0.05,17.3416666666667,4,85,41,3,475,0,27.6666666666667,0.0526315783333333,0.75,0,0,0,0.048790164169432
p1362,1,0.0166666666666667,,2,14,12,1,60,0,11,0.02631579,0.5,0,0,0,0.0165293019512106
p1363,2,0.0333333333333333,47.9166666666667,3,53,46,3,272,0.00635554133333333,25,0.039473685,1,0,0,0,0.0327898228229909
p1364,0,0,,1,1,1,1,46.5,0.1136528,,,1,0,0,0,0
p1365,1,0.0166666666666667,,3,14,11,2,150,0,10,0.02631579,0.666666666666667,1,1,1,0.0165293019512106
p1366,0,0,,1,1,1,1,14,0.272661,,,1,1,1,1,0
p1367,2,0.0333333333333333,49.7666666666667,2,11,8,1,150,0,33,0.039473685,0.5,1,1,0,0.0327898228229909
p1368,1,0.0166666666666667,,2,22,15,2,212.5,0.21823928,13,0.02631579,1,1,0,0,0.0165293019512106
p1369,2,0.0333333333333333,48.9,3,68,58,2,330,0,31.5,0.039473685,0.666666666666667,1,1,1,0.0327898228229909
p137,3,0.05,21.7416666666667,3,57,49,3,475,0.333333333333333,35,0.0526315783333333,1,0,0,0,0.048790164169432
p1370,1,0.0166666666666667,,2,12,9,2,289,0.3917599,9,0.02631579,1,0,0,0,0.0165293019512106
p1371,1,0.0166666666666667,,2,14,11,1,135,0,10,0.02631579,0.5,1,1,1,0.0165293019512106
p1372,1,0.0166666666666667,,2,11,10,2,178,0.147579225,10,0.02631579,1,1,1,1,0.0165293019512106
p1373,3,0.05,23.1666666666667,4,118,56,3,475,0,38.3333333333333,0.0526315783333333,0.75,0,0,0,0.048790164169432
p1374,1,0.0166666666666667,,1,3,3,1,150,1,11,0.02631579,1,1,1,1,0.0165293019512106
p1375,1,0.0166666666666667,,2,18,16,2,81.5,0.049863585,15,0.02631579,1,1,1,1,0.0165293019512106
p1376,1,0.0166666666666667,,2,10,9,1,150,0,8,0.02631579,0.5,0,0,0,0.0165293019512106
p1378,1,0.0166666666666667,,2,27,26,1,150,0,26,0.02631579,0.5,1,1,1,0.0165293019512106
p1379,1,0.0166666666666667,,2,13,12,2,26.5,0.07265099,12,0,1,0,0,0,0.0165293019512106
p138,1,0.0166666666666667,,1,1,1,1,150,1,8,0.02631579,1,0,0,0,0.0165293019512106
p1381,1,0.0166666666666667,,2,12,10,1,35,0,8,0.02631579,0.5,1,1,1,0.0165293019512106
p1382,1,0.0166666666666667,,2,16,13,1,150,0,12,0.02631579,0.5,1,0,0,0.0165293019512106
p1383,1,0.0166666666666667,,4,74,32,3,275.666666666667,0,9,0.02631579,0.75,1,1,0,0.0165293019512106
p1384,1,0.0166666666666667,,2,13,10,1,150,0,9,0.02631579,0.5,1,1,1,0.0165293019512106
p1385,3,0.05,24.0916666666667,4,111,53,3,475,0,36.3333333333333,0.0526315783333333,0.75,0,0,0,0.048790164169432
p1386,43,0.716666666666667,1.13571428571429,6,151.280000000001,54,6,8260.32948996292,0,23.3023255813954,0.129561403322221,0.954545454545455,1,1,1,0.540384426007535
p1387,3,0.05,21.6666666666667,3,56,48,3,475,0.333333333333333,34.3333333333333,0.0526315783333333,1,1,1,0,0.048790164169432
p1388,2,0.0333333333333333,25.8333333333333,3,50,35,3,141.666666666667,0.0863225766666667,25,0.039473685,1,1,1,1,0.0327898228229909
p1389,1,0.0166666666666667,,2,13,12,1,150,0,12,0.02631579,0.5,0,0,0,0.0165293019512106
p139,1,0.0166666666666667,,2,10,9,2,63,0.0048992775,8,0.02631579,1,0,0,0,0.0165293019512106
p1391,1,0.0166666666666667,,1,6,6,1,150,1,12,0.02631579,1,1,1,0,0.0165293019512106
p1392,1,0.0166666666666667,,2,26,19,1,150,0,16,0.02631579,0.5,1,1,1,0.0165293019512106
p1394,1,0.0166666666666667,,2,20,17,1,150,0,15,0.02631579,0.5,1,1,1,0.0165293019512106
p1395,3,0.05,22.375,3,64,52,3,475,0.333333333333333,38,0.0526315783333333,1,0,0,0,0.048790164169432
p1396,1,0.0166666666666667,,2,8,7,2,153,0.009020106,6,0.02631579,1,1,1,1,0.0165293019512106
p1397,1,0.0166666666666667,,2,9,8,1,150,0,7,0.02631579,0.5,1,1,1,0.0165293019512106
p1398,3,0.05,22.725,4,133,58,3,425,0,41,0.0526315783333333,0.75,1,1,1,0.048790164169432
p1399,2,0.0333333333333333,42.1,3,63,52,2,262.5,0,29.5,0.039473685,0.666666666666667,0,0,0,0.0327898228229909
p140,1,0.0166666666666667,,2,7,7,2,314.5,0.3817225,6,0.02631579,1,1,1,1,0.0165293019512106
p1400,0,0,,1,0,0,1,17,0.9397027,,,1,0,0,0,0
p1401,2,0.0333333333333333,17.3,3,31,21,3,147.666666666667,0.07370406,16.5,0.039473685,1,0,0,0,0.0327898228229909
p1402,1,0.0166666666666667,,2,13,12,1,10,0,11,0.02631579,0.5,0,0,0,0.0165293019512106
p1403,1,0.0166666666666667,,2,13,11,2,299,0.39705365,10,0.02631579,1,1,1,1,0.0165293019512106
p1404,1,0.0166666666666667,,2,16,15,1,150,0,14,0.02631579,0.5,1,1,1,0.0165293019512106
p1405,0,0,,1,1,1,1,7.25,0.5668419,,,1,0,0,0,0
p1406,0,0,,1,1,1,1,17,0.443458,,,1,0,0,0,0
p1407,1,0.0166666666666667,,2,18,17,1,150,0,15,0.02631579,0.5,1,1,1,0.0165293019512106
p1408,2,0.0333333333333333,35.3,2,7,6,2,305,0.5,23,0.039473685,1,0,0,0,0.0327898228229909
p1409,1,0.0166666666666667,,2,10,9,2,297.5,0.37155378,8,0.02631579,1,1,1,1,0.0165293019512106
p141,1,0.0166666666666667,,2,10,9,1,150,0,8,0.02631579,0.5,0,0,0,0.0165293019512106
p1410,1,0.0166666666666667,,2,9,8,1,150,0,8,0.02631579,0.5,1,1,1,0.0165293019512106
p1412,2,0.0333333333333333,33.3,4,93,44,3,452.666666666667,0,22.5,0.039473685,0.75,1,1,1,0.0327898228229909
p1413,1,0.0166666666666667,,1,1,1,1,150,1,7,0.02631579,1,0,0,0,0.0165293019512106
p1414,3,0.05,18.3083333333333,4,90,43,3,415,0,29.3333333333333,0.0526315783333333,0.75,1,1,1,0.048790164169432
p1415,3,0.05,26.2083333333333,3,65,57,2,375,0,40.6666666666667,0.0526315783333333,0.666666666666667,0,0,0,0.048790164169432
p1416,0,0,,1,1,1,1,0,0,,,1,0,0,0,0
p1417,1,0.0166666666666667,,1,1,1,1,60,1,4.9225,0.02631579,1,1,0,0,0.0165293019512106
p1418,3,0.05,11.05,3,39,25,3,8260.32948996292,0.333333333333333,24.6666666666667,0.129561403322221,1,0,0,0,0.048790164169432
p1419,2,0.0333333333333333,32.9,2,6,6,1,150,0,21.5,0.039473685,0.5,1,1,1,0.0327898228229909
p142,3,0.05,20.0833333333333,4,98,46,3,431.666666666667,0,32,0.0526315783333333,0.75,1,1,1,0.048790164169432
p1420,1,0.0166666666666667,,2,9,7,1,150,0,7,0.02631579,0.5,1,0,0,0.0165293019512106
p1422,0,0,,4,57,32,4,4,0.23758763275,,,1,1,1,1,0
p1423,2,0.0333333333333333,9.13333333333333,3,18,12,4,308.5,0.24999763,9.5,0.039473685,1.33333333333333,1,1,1,0.0327898228229909
p1424,1,0.0166666666666667,,2,9,8,1,60,0,7,0.02631579,0.5,0,0,0,0.0165293019512106
p1425,1,0.0166666666666667,,2,14,12,1,150,0,11,0.02631579,0.5,1,1,1,0.0165293019512106
p1426,1,0.0166666666666667,,2,11,9,2,269,0.30054575,9,0.02631579,1,0,0,0,0.0165293019512106
p1427,1,0.0166666666666667,,2,16,12,2,231,0.277921,11,0.02631579,1,1,1,0,0.0165293019512106
p1428,1,0.0166666666666667,,2,8,7,2,197,0.1726429,7,0.02631579,1,0,0,0,0.0165293019512106
p1429,1,0.0166666666666667,,2,13,11,2,150,0.2780725,11,0.02631579,1,1,1,1,0.0165293019512106
p143,1,0.0166666666666667,,1,1,1,1,150,1,8,0.02631579,1,0,0,0,0.0165293019512106
p1430,2,0.0333333333333333,47.9166666666667,2,14,12,1,150,0,35,0.039473685,0.5,1,1,1,0.0327898228229909
p1431,2,0.0333333333333333,6.63333333333333,3,25,15,2,90,0,11.5,0.013157895,0.666666666666667,0,0,0,0.0327898228229909
p1432,3,0.05,22.0083333333333,4,108,52,4,532.5,0.0311113185,35.6666666666667,0.0526315783333333,1,1,1,0,0.048790164169432
p1433,0,0,,1,1,1,1,44,0.91231686,,,1,0,0,0,0
p1434,1,0.0166666666666667,,2,10,9,1,125,0,8,0.02631579,0.5,1,1,1,0.0165293019512106
p1435,0,0,,1,1,1,1,18,0.38825724,,,1,0,0,0,0
p1437,1,0.0166666666666667,,1,1,1,1,150,1,5,0.02631579,1,0,0,0,0.0165293019512106
p1438,2,0.0333333333333333,40.15,4,108,50,4,448.25,0.0019922109,28,0.039473685,1,1,1,1,0.0327898228229909
p1439,2,0.0333333333333333,52.5166666666667,2,8,7,1,150,0,32.5,0.039473685,0.5,0,0,0,0.0327898228229909
p144,3,0.05,16.9333333333333,4,86,40,4,538.25,0.02640253125,28,0.0526315783333333,1,0,0,0,0.048790164169432
p1440,2,0.0333333333333333,51.2833333333333,2,7,7,2,275,0.5,32.5,0.039473685,1,1,0,0,0.0327898228229909
p1441,1,0.0166666666666667,,2,11,9,2,159,0.025112155,8,0.02631579,1,0,0,0,0.0165293019512106
p1442,1,0.0166666666666667,,2,10,8,1,150,0,8,0.02631579,0.5,0,0,0,0.0165293019512106
p1443,3,0.05,25.1666666666667,4,83,58,3,310,0,25.6666666666667,0.03508772,0.75,1,1,1,0.048790164169432
p1444,1,0.0166666666666667,,2,18,15,1,150,0,15,0.02631579,0.5,0,0,0,0.0165293019512106
p1445,1,0.0166666666666667,,1,3,3,1,150,1,11,0.02631579,1,0,0,0,0.0165293019512106
p1446,1,0.0166666666666667,,1,0,0,1,150,1,7,0.02631579,1,0,0,0,0.0165293019512106
p1447,1,0.0166666666666667,,2,12,11,2,240,0.20580451,10,0.02631579,1,1,1,1,0.0165293019512106
p1448,1,0.0166666666666667,,1,2,2,1,150,1,8,0.02631579,1,0,0,0,0.0165293019512106
p1449,1,0.0166666666666667,,2,17,15,2,166,0.159039765,15,0.02631579,1,1,1,1,0.0165293019512106
p145,1,0.0166666666666667,,2,10,9,2,286,0.34272825,8,0.02631579,1,0,0,0,0.0165293019512106
p1450,1,0.0166666666666667,,2,10,9,1,150,0,9,0.02631579,0.5,0,0,0,0.0165293019512106
p1451,1,0.0166666666666667,,2,10,9,1,150,0,9,0.02631579,0.5,1,1,1,0.0165293019512106
p1453,2,0.0333333333333333,13.05,3,26,17,4,241,0.2357935075,13.5,0.039473685,1.33333333333333,0,0,0,0.0327898228229909
p1454,1,0.0166666666666667,,2,10,9,1,150,0,9,0.02631579,0.5,1,1,1,0.0165293019512106
p1455,1,0.0166666666666667,,2,8,7,1,150,0,7,0.02631579,0.5,1,1,0,0.0165293019512106
p1456,1,0.0166666666666667,,2,54,52,1,150,0,41.3333333333333,0.02631579,0.5,1,1,0,0.0165293019512106
p1457,1,0.0166666666666667,,1,1,1,1,150,1,6,0.02631579,1,0,0,0,0.0165293019512106
p1458,1,0.0166666666666667,,2,10,9,1,150,0,9,0.02631579,0.5,1,0,0,0.0165293019512106
p1459,1,0.0166666666666667,,2,12,9,2,150.5,0.00167281065,7,0.02631579,1,0,0,0,0.0165293019512106
p146,3,0.05,24.0166666666667,4,121,56,3,475,0,39,0.0526315783333333,0.75,0,0,0,0.048790164169432
p1460,1,0.0166666666666667,,2,9,8,1,150,0,8,0.02631579,0.5,1,1,1,0.0165293019512106
p1461,1,0.0166666666666667,,2,10,9,2,114,0.2555081,8,0.02631579,1,1,1,1,0.0165293019512106
p1462,3,0.05,17.1583333333333,4,135,52,3,475,0,40,0.0526315783333333,0.75,1,1,1,0.048790164169432
p1463,1,0.0166666666666667,,2,25,15,2,206.5,0.147111685,14,0.02631579,1,0,0,0,0.0165293019512106
p1464,1,0.0166666666666667,,2,14,12,1,150,0,11,0.02631579,0.5,1,1,1,0.0165293019512106
p1465,1,0.0166666666666667,,2,1,1,1,60,1,6,0.02631579,0.5,0,0,0,0.0165293019512106
p1469,2,0.0333333333333333,44.1833333333333,2,11,8,2,362.5,0.5,30,0.039473685,1,1,1,1,0.0327898228229909
p147,3,0.05,23.0416666666667,4,126,57,4,527.5,0.0112136555,39,0.0526315783333333,1,1,1,1,0.048790164169432
p1470,1,0.0166666666666667,,2,5,5,2,285,0.294945625,5,0.02631579,1,1,1,1,0.0165293019512106
p1471,1,0.0166666666666667,,1,1,1,1,150,1,6,0.02631579,1,1,1,1,0.0165293019512106
p1472,1,0.0166666666666667,,2,8,8,2,200,0.3485246,7,0.02631579,1,1,0,0,0.0165293019512106
p1473,1,0.0166666666666667,,2,11,9,1,150,0,9,0.02631579,0.5,1,1,1,0.0165293019512106
p1475,1,0.0166666666666667,,2,19,18,2,131.5,0.03490873,17,0.02631579,1,0,0,0,0.0165293019512106
p1476,2,0.0333333333333333,32.55,3,44,38,2,375,0,21,0.039473685,0.666666666666667,1,0,0,0.0327898228229909
p1477,1,0.0166666666666667,,2,22,20,1,150,0,13,0.02631579,0.5,1,1,1,0.0165293019512106
p1478,1,0.0166666666666667,,2,13,10,1,50,0,9,0.02631579,0.5,1,0,0,0.0165293019512106
p1479,2,0.0333333333333333,29.35,3,47,35,3,289.666666666667,0.13402309,24.5,0.039473685,1,0,0,0,0.0327898228229909
p148,0,0,,1,4,4,0,,,,,0,1,0,0,0
p1480,1,0.0166666666666667,,1,1,1,1,150,1,11,0.02631579,1,0,0,0,0.0165293019512106
p1481,1,0.0166666666666667,,2,12,10,1,150,0,10,0.02631579,0.5,0,0,0,0.0165293019512106
p1482,8,0.133333333333333,3.25952380952381,6,74,26,6,1348.125,0,8.75,0.118421051875,0.888888888888889,0,0,0,0.125163142954006
p1483,1,0.0166666666666667,,1,0,0,1,1150,1,41.3333333333333,0.078947365,1,1,1,1,0.0165293019512106
p1484,3,0.05,23.525,4,114,54,3,475,0,37.6666666666667,0.0526315783333333,0.75,1,1,1,0.048790164169432
p1485,1,0.0166666666666667,,2,9,8,2,165.5,0.039636735,7,0.02631579,1,0,0,0,0.0165293019512106
p1486,1,0.0166666666666667,,2,11,10,1,150,0,10,0.02631579,0.5,0,0,0,0.0165293019512106
p1487,0,0,,1,1,1,1,9,0.24245062,,,1,0,0,0,0
p1488,0,0,,1,3,3,1,39,0.7266718,,,1,0,0,0,0
p1489,1,0.0166666666666667,,2,33,19,1,100,0,18,0.02631579,0.5,0,0,0,0.0165293019512106
p149,4,0.0666666666666667,13.8555555555556,5,111,47,4,360,0,27,0.04605263125,0.8,1,1,1,0.0645385211375712
p1490,1,0.0166666666666667,,2,13,11,1,150,0,10,0.02631579,0.5,1,1,0,0.0165293019512106
p1491,1,0.0166666666666667,,1,2,2,1,150,1,6,0.02631579,1,1,1,1,0.0165293019512106
p1493,1,0.0166666666666667,,2,9,8,2,230,0.338287025,7,0.02631579,1,1,1,1,0.0165293019512106
p1494,1,0.0166666666666667,,2,9,8,2,196,0.37758738,7,0.02631579,1,0,0,0,0.0165293019512106
p1495,1,0.0166666666666667,,1,4,4,1,150,1,11,0.02631579,1,0,0,0,0.0165293019512106
p1496,1,0.0166666666666667,,2,77,43,1,150,0,41.3333333333333,0.02631579,0.5,1,1,1,0.0165293019512106
p1497,0,0,,1,1,1,1,11.75,0.21693116,,,1,0,0,0,0
p1498,1,0.0166666666666667,,2,13,11,1,150,0,11,0.02631579,0.5,1,1,1,0.0165293019512106
p1499,0,0,,1,3,3,1,0,0.00703225,,,1,0,0,0,0
p15,1,0.0166666666666667,,1,1,1,1,150,1,8,0.02631579,1,0,0,0,0.0165293019512106
p150,1,0.0166666666666667,,2,8,7,2,168.5,0.0447907225,6,0.02631579,1,0,0,0,0.0165293019512106
p1500,1,0.0166666666666667,,2,8,7,2,215.5,0.23217025,6,0.02631579,1,0,0,0,0.0165293019512106
p1501,2,0.0333333333333333,37.7666666666667,2,10,8,2,375,0.5,26,0.039473685,1,1,1,1,0.0327898228229909
p1502,1,0.0166666666666667,,2,6,5,2,266.5,0.250418575,5,0.02631579,1,1,1,0,0.0165293019512106
p1503,0,0,,1,1,1,1,18,0.2817534,,,1,0,0,0,0
p1504,1,0.0166666666666667,,2,10,9,1,150,0,8,0.02631579,0.5,1,1,1,0.0165293019512106
p1505,1,0.0166666666666667,,2,15,13,1,150,0,11,0.02631579,0.5,1,1,1,0.0165293019512106
p1506,1,0.0166666666666667,,2,9,8,2,162.5,0.029579418,7,0.02631579,1,1,1,1,0.0165293019512106
p1507,3,0.05,21.6916666666667,4,109,52,3,475,0,35,0.0526315783333333,0.75,0,0,0,0.048790164169432
p1508,1,0.0166666666666667,,2,9,9,2,206,0.26180595,9,0.02631579,1,1,1,1,0.0165293019512106
p1509,2,0.0333333333333333,50.6833333333333,2,10,8,1,150,0,33,0.039473685,0.5,1,1,1,0.0327898228229909
p151,1,0.0166666666666667,,2,10,8,1,150,0,8,0.02631579,0.5,1,1,0,0.0165293019512106
p1510,1,0.0166666666666667,,2,15,13,1,150,0,10,0.02631579,0.5,1,0,0,0.0165293019512106
p1511,1,0.0166666666666667,,2,47,46,1,150,0,9,0.02631579,0.5,0,0,0,0.0165293019512106
p1512,2,0.0333333333333333,9.06666666666667,3,57,32,2,90,0,27.5,0.013157895,0.666666666666667,1,0,0,0.0327898228229909
p1513,1,0.0166666666666667,,2,9,8,2,199,0.11886215,7,0.02631579,1,0,0,0,0.0165293019512106
p1515,1,0.0166666666666667,,2,11,10,2,214.5,0.25321883,7,0.02631579,1,1,1,1,0.0165293019512106
p1517,1,0.0166666666666667,,2,10,9,1,150,0,9,0.02631579,0.5,0,0,0,0.0165293019512106
p1518,3,0.05,21.4833333333333,4,103,49,3,415,0,34,0.0526315783333333,0.75,1,1,1,0.048790164169432
p1519,3,0.05,18.9083333333333,4,93,44,3,475,0,29.3333333333333,0.0526315783333333,0.75,0,0,0,0.048790164169432
p152,1,0.0166666666666667,,2,15,12,1,150,0,11,0.02631579,0.5,1,1,1,0.0165293019512106
p1520,1,0.0166666666666667,,2,8,7,2,178,0.120894015,7,0.02631579,1,0,0,0,0.0165293019512106
p1521,1,0.0166666666666667,,2,11,10,1,150,0,9,0.02631579,0.5,0,0,0,0.0165293019512106
p1522,0,0,,1,3,3,1,25,0.38594878,,,1,0,0,0,0
p1523,2,0.0333333333333333,44.0333333333333,2,14,12,2,285,0.5,32,0.039473685,1,1,1,0,0.0327898228229909
p1524,1,0.0166666666666667,,2,14,13,1,150,0,12,0.02631579,0.5,1,1,1,0.0165293019512106
p1525,3,0.05,24.9833333333333,4,116,56,3,475,0,38,0.0526315783333333,0.75,0,0,0,0.048790164169432
p1526,0,0,,2,2,1,2,8,0.25215559,,,1,1,1,1,0
p1527,1,0.0166666666666667,,2,10,9,2,29.5,0.15242468,8,0.02631579,1,0,0,0,0.0165293019512106
p1528,1,0.0166666666666667,,2,34,33,2,218.5,0.1494746,32,0.02631579,1,0,0,0,0.0165293019512106
p1529,1,0.0166666666666667,,2,10,10,2,172,0.053223545,9,0.02631579,1,0,0,0,0.0165293019512106
p153,1,0.0166666666666667,,2,12,11,1,150,0,11,0.02631579,0.5,0,0,0,0.0165293019512106
p1530,1,0.0166666666666667,,2,9,7,2,250.5,0.355609415,7,0.02631579,1,0,0,0,0.0165293019512106
p1531,1,0.0166666666666667,,2,12,10,2,304,0.413734585,9,0.02631579,1,1,1,1,0.0165293019512106
p1533,1,0.0166666666666667,,2,12,11,2,244.5,0.28508635,10,0.02631579,1,1,1,1,0.0165293019512106
p1534,2,0.0333333333333333,10.1,3,43,26,2,107.5,0,20,0.02631579,0.666666666666667,0,0,0,0.0327898228229909
p1535,0,0,,1,1,1,1,82,0.21612437,,,1,0,0,0,0
p1536,1,0.0166666666666667,,2,11,10,2,150,0,10,0.02631579,1,1,1,1,0.0165293019512106
p1537,1,0.0166666666666667,,2,55,51,1,150,0,10,0.02631579,0.5,1,1,1,0.0165293019512106
p1538,3,0.05,19.675,4,93,45,3,450,0,30.3333333333333,0.0526315783333333,0.75,1,1,1,0.048790164169432
p1539,1,0.0166666666666667,,3,28,14,3,178.666666666667,0.083523005,10,0.02631579,1,0,0,0,0.0165293019512106
p154,2,0.0333333333333333,41.05,2,8,7,2,375,0.5,26.5,0.039473685,1,1,1,0,0.0327898228229909
p1540,2,0.0333333333333333,46.75,2,19,13,1,150,0,35,0.039473685,0.5,0,0,0,0.0327898228229909
p1541,1,0.0166666666666667,,2,11,10,2,159.5,0.027969409,10,0.02631579,1,1,1,1,0.0165293019512106
p1542,1,0.0166666666666667,,2,24,23,1,150,0,10,0.02631579,0.5,0,0,0,0.0165293019512106
p1543,1,0.0166666666666667,,2,11,10,1,150,0,10,0.02631579,0.5,1,1,0,0.0165293019512106
p1544,1,0.0166666666666667,,1,1,1,1,150,1,9,0.02631579,1,0,0,0,0.0165293019512106
p1546,3,0.05,18.15,3,49,41,3,475,0.333333333333333,29.3333333333333,0.0526315783333333,1,1,1,1,0.048790164169432
p1547,2,0.0333333333333333,51.0833333333333,2,10,8,2,375,0.5,33.5,0.039473685,1,1,1,1,0.0327898228229909
p1548,1,0.0166666666666667,,2,9,8,2,162.5,0.016012259,7,0.02631579,1,1,0,0,0.0165293019512106
p1549,0,0,,1,1,1,1,6.75,0.8361858,,,1,0,0,0,0
p155,1,0.0166666666666667,,2,13,10,1,150,0,10,0.02631579,0.5,1,1,1,0.0165293019512106
p1550,3,0.05,18.975,4,68,44,5,446,0.125575072,22,0.0526315783333333,1.25,1,0,0,0.048790164169432
p1551,1,0.0166666666666667,,2,9,8,1,150,0,7,0.02631579,0.5,0,0,0,0.0165293019512106
p1552,1,0.0166666666666667,,2,20,18,2,156,0.014780503,12,0.02631579,1,1,1,1,0.0165293019512106
p1553,1,0.0166666666666667,,2,17,13,1,125,0,12,0.02631579,0.5,0,0,0,0.0165293019512106
p1555,1,0.0166666666666667,,2,29,20,1,150,0,18,0.02631579,0.5,1,1,1,0.0165293019512106
p1556,1,0.0166666666666667,,2,12,10,1,150,0,9,0.02631579,0.5,1,1,1,0.0165293019512106
p1557,1,0.0166666666666667,,2,14,12,1,150,0,12,0.02631579,0.5,1,1,0,0.0165293019512106
p1558,1,0.0166666666666667,,2,9,8,1,150,0,7,0.02631579,0.5,0,0,0,0.0165293019512106
p1559,1,0.0166666666666667,,1,3,3,1,150,1,15,0.02631579,1,1,0,0,0.0165293019512106
p1560,3,0.05,20.4916666666667,5,151,55,4,525.0625,0,31.3333333333333,0.0526315783333333,0.8,0,0,0,0.048790164169432
p1561,2,0.0333333333333333,31.1,2,6,5,2,375,0.5,20.5,0.039473685,1,0,0,0,0.0327898228229909
p1562,0,0,,1,1,1,1,65.25,0.3672747,,,1,0,0,0,0
p1563,2,0.0333333333333333,31.75,2,6,5,2,337.5,0.5,21,0.039473685,1,1,0,0,0.0327898228229909
p1564,1,0.0166666666666667,,2,11,10,1,150,0,7,0.02631579,0.5,1,0,0,0.0165293019512106
p1565,2,0.0333333333333333,43.4,2,6,5,2,292.5,0.5,26.5,0.039473685,1,0,0,0,0.0327898228229909
p1567,0,0,,1,4,4,2,31.5,0.907899375,,,2,1,1,1,0
p1568,1,0.0166666666666667,,2,20,15,2,219,0.175896035,15,0.02631579,1,1,1,1,0.0165293019512106
p1569,0,0,,1,2,2,1,24,0.6860113,,,1,1,1,1,0
p1571,3,0.05,20.875,4,101,48,3,385,0,32.6666666666667,0.0526315783333333,0.75,0,0,0,0.048790164169432
p1572,1,0.0166666666666667,,2,8,7,1,150,0,6,0.02631579,0.5,1,0,0,0.0165293019512106
p1573,1,0.0166666666666667,,2,36,23,2,180.5,0.094124095,22,0.02631579,1,1,1,1,0.0165293019512106
p1574,1,0.0166666666666667,,2,9,8,2,18.25,0.42266622,7,0,1,0,0,0,0.0165293019512106
p1575,1,0.0166666666666667,,2,12,11,1,150,0,10,0.02631579,0.5,0,0,0,0.0165293019512106
p1576,1,0.0166666666666667,,2,14,10,1,150,0,9,0.02631579,0.5,0,0,0,0.0165293019512106
p1577,1,0.0166666666666667,,2,14,13,2,153.5,0.011694844,13,0.02631579,1,0,0,0,0.0165293019512106
p1578,0,0,,1,1,1,1,39,0.9009052,,,1,0,0,0,0
p158,3,0.05,23.8583333333333,4,118,55,3,475,0,38.3333333333333,0.0526315783333333,0.75,1,1,1,0.048790164169432
p1580,1,0.0166666666666667,,2,10,9,1,150,0,9,0.02631579,0.5,0,0,0,0.0165293019512106
p1581,3,0.05,23.4916666666667,4,115,55,3,415,0,37.6666666666667,0.0526315783333333,0.75,0,0,0,0.048790164169432
p1582,1,0.0166666666666667,,1,1,1,1,60,1,7,0.02631579,1,0,0,0,0.0165293019512106
p1583,1,0.0166666666666667,,2,20,15,1,150,0,15,0.02631579,0.5,0,0,0,0.0165293019512106
p1584,1,0.0166666666666667,,2,11,10,2,178.5,0.183471335,9,0.02631579,1,1,1,1,0.0165293019512106
p1585,1,0.0166666666666667,,2,13,10,2,163,0.0210426525,9,0.02631579,1,0,0,0,0.0165293019512106
p1586,1,0.0166666666666667,,2,11,11,2,212,0.21167141,10,0.02631579,1,1,1,1,0.0165293019512106
p1587,1,0.0166666666666667,,2,9,8,2,177.5,0.06475786,8,0.02631579,1,1,1,1,0.0165293019512106
p1589,1,0.0166666666666667,,1,1,1,1,150,1,6,0.02631579,1,0,0,0,0.0165293019512106
p159,1,0.0166666666666667,,1,1,1,1,150,1,8,0.02631579,1,1,1,1,0.0165293019512106
p1590,3,0.05,23.075,4,110,53,3,475,0,36,0.0526315783333333,0.75,1,1,1,0.048790164169432
p1591,1,0.0166666666666667,,2,30,22,2,132,0.180306285,21,0.02631579,1,1,1,1,0.0165293019512106
p1592,3,0.05,25.375,3,64,55,3,475,0.333333333333333,39,0.0526315783333333,1,0,0,0,0.048790164169432
p1593,1,0.0166666666666667,,2,8,7,2,188.5,0.10763973,6,0.02631579,1,1,1,0,0.0165293019512106
p1594,1,0.0166666666666667,,1,1,1,1,150,1,6,0.02631579,1,1,0,0,0.0165293019512106
p1595,3,0.05,25.475,4,124,57,3,450.166666666667,0,40,0.0526315783333333,0.75,0,0,0,0.048790164169432
p1596,1,0.0166666666666667,,2,12,10,2,228.5,0.305152265,10,0.02631579,1,0,0,0,0.0165293019512106
p1599,1,0.0166666666666667,,2,7,6,2,174.5,0.057728565,5,0.02631579,1,0,0,0,0.0165293019512106
p16,1,0.0166666666666667,,2,10,10,2,111.5,0.120243,9,0.02631579,1,1,0,0,0.0165293019512106
p160,2,0.0333333333333333,52.9,3,66,59,2,362.5,0,32.5,0.039473685,0.666666666666667,0,0,0,0.0327898228229909
p1600,1,0.0166666666666667,,2,19,15,1,150,0,15,0.02631579,0.5,1,1,1,0.0165293019512106
p1601,1,0.0166666666666667,,3,23,14,3,167.583333333333,0.036394975,7,0.02631579,1,0,0,0,0.0165293019512106
p1602,1,0.0166666666666667,,2,10,9,1,150,0,9,0.02631579,0.5,1,1,0,0.0165293019512106
p1603,1,0.0166666666666667,,2,15,12,1,150,0,11,0.02631579,0.5,1,1,1,0.0165293019512106
p1604,1,0.0166666666666667,,2,13,12,1,100,0,10,0.02631579,0.5,1,1,0,0.0165293019512106
p1605,1,0.0166666666666667,,2,12,10,1,150,0,9,0.02631579,0.5,1,1,1,0.0165293019512106
p1606,1,0.0166666666666667,,2,27,23,1,150,0,18,0.02631579,0.5,0,0,0,0.0165293019512106
p1607,3,0.05,20.6416666666667,4,99,47,3,475,0,32.3333333333333,0.0526315783333333,0.75,0,0,0,0.048790164169432
p1608,2,0.0333333333333333,6.43333333333333,3,47,25,2,90,0,22,0.013157895,0.666666666666667,1,1,1,0.0327898228229909
p161,1,0.0166666666666667,,2,6,6,1,150,0,6,0.02631579,0.5,0,0,0,0.0165293019512106
p1610,1,0.0166666666666667,,2,11,9,1,150,0,7,0.02631579,0.5,0,0,0,0.0165293019512106
p1611,2,0.0333333333333333,49.5,2,9,8,1,150,0,30.5,0.039473685,0.5,0,0,0,0.0327898228229909
p1612,1,0.0166666666666667,,2,6,5,2,62,0.0523131675,5,0.02631579,1,0,0,0,0.0165293019512106
p1613,3,0.05,20.475,4,113,51,3,475,0,36.6666666666667,0.0526315783333333,0.75,1,1,1,0.048790164169432
p1614,1,0.0166666666666667,,1,2,2,1,15,1,12,0,1,0,0,0,0.0165293019512106
p1615,1,0.0166666666666667,,2,12,10,1,150,0,9,0.02631579,0.5,1,0,0,0.0165293019512106
p1616,1,0.0166666666666667,,2,16,10,2,269.5,0.2815961,10,0.02631579,1,1,1,1,0.0165293019512106
p1617,1,0.0166666666666667,,2,12,10,2,25.5,0.18736105,8,0.02631579,1,1,1,1,0.0165293019512106
p1618,1,0.0166666666666667,,2,9,8,2,264,0.37330205,7,0.02631579,1,1,1,0,0.0165293019512106
p162,2,0.0333333333333333,45.0166666666667,2,9,7,2,337.5,0.5,28.5,0.039473685,1,0,0,0,0.0327898228229909
p1620,3,0.05,17.0833333333333,4,80,39,3,425,0,26,0.0526315783333333,0.75,1,1,1,0.048790164169432
p1621,1,0.0166666666666667,,1,1,1,1,15,1,32,0,1,0,0,0,0.0165293019512106
p1622,1,0.0166666666666667,,2,8,7,2,184,0.107897565,6,0.02631579,1,0,0,0,0.0165293019512106
p1623,0,0,,1,0,0,1,6,0.118154064,,,1,1,1,1,0
p1624,1,0.0166666666666667,,2,9,8,2,299,0.3813641,7,0.02631579,1,1,1,1,0.0165293019512106
p1625,1,0.0166666666666667,,2,16,14,1,150,0,13,0.02631579,0.5,0,0,0,0.0165293019512106
p1626,3,0.05,13.0083333333333,4,61,30,4,8260.32948996292,0.0688799533333333,20.6666666666667,0.03508772,1,1,1,1,0.048790164169432
p1627,1,0.0166666666666667,,2,6,6,2,250,0.33403203,5,0.02631579,1,0,0,0,0.0165293019512106
p1628,1,0.0166666666666667,,2,13,11,1,150,0,10,0.02631579,0.5,0,0,0,0.0165293019512106
p1629,1,0.0166666666666667,,2,6,5,2,173.5,0.06202042,5,0.02631579,1,0,0,0,0.0165293019512106
p1631,2,0.0333333333333333,49.5666666666667,3,67,58,2,375,0,32,0.039473685,0.666666666666667,1,1,1,0.0327898228229909
p1632,1,0.0166666666666667,,1,1,1,1,150,1,7,0.02631579,1,0,0,0,0.0165293019512106
p1633,1,0.0166666666666667,,2,9,8,2,111.5,0.01565828,7,0.02631579,1,0,0,0,0.0165293019512106
p1635,3,0.05,20.9916666666667,4,103,49,3,475,0,33,0.0526315783333333,0.75,1,1,1,0.048790164169432
p1636,1,0.0166666666666667,,2,19,16,1,150,0,15,0.02631579,0.5,1,1,1,0.0165293019512106
p1637,1,0.0166666666666667,,2,9,8,1,150,0,8,0.02631579,0.5,0,0,0,0.0165293019512106
p1638,1,0.0166666666666667,,2,20,15,1,150,0,14,0.02631579,0.5,1,1,0,0.0165293019512106
p1639,1,0.0166666666666667,,2,6,6,2,174.5,0.07467193,6,0.02631579,1,0,0,0,0.0165293019512106
p164,0,0,,1,2,2,1,0,0,,,1,0,0,0,0
p1640,3,0.05,22.4,4,107,51,3,458.333333333333,0,35.3333333333333,0.0526315783333333,0.75,1,1,1,0.048790164169432
p1641,3,0.05,19.45,3,15,9,3,265,0.333333333333333,19.3333333333333,0.02631579,1,1,1,1,0.048790164169432
p1642,1,0.0166666666666667,,2,18,15,2,77,0.07402342,12,0.02631579,1,1,1,1,0.0165293019512106
p1643,0,0,,1,3,3,1,28,0.764701,,,1,1,1,1,0
p1644,2,0.0333333333333333,44.9,2,8,7,2,285,0.5,28.5,0.039473685,1,1,1,0,0.0327898228229909
p1645,1,0.0166666666666667,,2,11,10,2,78,0.110442995,8,0.02631579,1,0,0,0,0.0165293019512106
p1647,3,0.05,25.2333333333333,3,60,54,3,475,0.333333333333333,38.6666666666667,0.0526315783333333,1,0,0,0,0.048790164169432
p1648,2,0.0333333333333333,26.95,2,6,5,1,150,0,17.5,0.039473685,0.5,1,1,1,0.0327898228229909
p1649,2,0.0333333333333333,48.7333333333333,2,9,8,2,197.5,0.5,31.5,0.039473685,1,0,0,0,0.0327898228229909
p165,1,0.0166666666666667,,2,8,8,1,150,0,7,0.02631579,0.5,1,1,0,0.0165293019512106
p1650,1,0.0166666666666667,,2,14,12,1,150,0,11,0.02631579,0.5,1,1,1,0.0165293019512106
p1651,1,0.0166666666666667,,2,8,7,2,175.5,0.1201945,6,0.02631579,1,0,0,0,0.0165293019512106
p1652,3,0.05,24.8166666666667,4,118,57,3,445,0,38.6666666666667,0.0526315783333333,0.75,1,1,1,0.048790164169432
p1653,19,0.316666666666667,2.1212962962963,6,151.280000000001,38,6,8260.32948996292,0.0526315789473684,21.5789473684211,0.129561403322221,1,0,0,0,0.275103290244921
p1654,1,0.0166666666666667,,2,13,11,1,150,0,10,0.02631579,0.5,1,1,1,0.0165293019512106
p1656,1,0.0166666666666667,,2,9,8,2,214,0.298337875,7,0.02631579,1,0,0,0,0.0165293019512106
p1657,1,0.0166666666666667,,1,1,1,1,150,1,10,0.02631579,1,1,1,1,0.0165293019512106
p1658,1,0.0166666666666667,,2,13,13,1,150,0,12,0.02631579,0.5,0,0,0,0.0165293019512106
p1659,1,0.0166666666666667,,2,4,4,1,150,0,4.9225,0.02631579,0.5,1,1,1,0.0165293019512106
p166,1,0.0166666666666667,,2,8,7,2,292.5,0.38271597,7,0.02631579,1,0,0,0,0.0165293019512106
p1660,1,0.0166666666666667,,2,12,11,1,150,0,10,0.02631579,0.5,1,1,1,0.0165293019512106
p1661,1,0.0166666666666667,,1,2,2,1,150,1,12,0.02631579,1,0,0,0,0.0165293019512106
p1662,1,0.0166666666666667,,2,11,10,1,150,,9,0.02631579,0.5,1,1,0,0.0165293019512106
p1663,3,0.05,25.3916666666667,4,118,57,3,450,0,38.3333333333333,0.0526315783333333,0.75,1,1,1,0.048790164169432
p1664,1,0.0166666666666667,,2,12,11,2,158.5,0.028030362,9,0.02631579,1,1,0,0,0.0165293019512106
p1665,1,0.0166666666666667,,2,8,7,2,222,0.22332293,6,0.02631579,1,1,1,1,0.0165293019512106
p1666,0,0,,1,2,2,1,14,0.57694423,,,1,0,0,0,0
p1667,2,0.0333333333333333,16.2,3,27,13,3,129.166666666667,0,19,0.02631579,1,0,0,0,0.0327898228229909
p1668,1,0.0166666666666667,,1,4,4,1,150,1,10,0.02631579,1,0,0,0,0.0165293019512106
p1669,3,0.05,24.1666666666667,4,91,47,3,403.333333333333,0.333333333333333,30.3333333333333,0.0526315783333333,0.75,0,0,0,0.048790164169432
p167,2,0.0333333333333333,51.05,2,11,9,1,60,0,33.5,0.039473685,0.5,1,1,1,0.0327898228229909
p1670,1,0.0166666666666667,,2,12,11,2,183.5,0.13929585,11,0.02631579,1,1,1,1,0.0165293019512106
p1671,2,0.0333333333333333,50.2,3,66,58,2,375,0,32,0.039473685,0.666666666666667,1,1,1,0.0327898228229909
p1672,1,0.0166666666666667,,2,10,9,1,150,0,8,0.02631579,0.5,1,1,0,0.0165293019512106
p1673,1,0.0166666666666667,,2,13,11,1,150,0,10,0.02631579,0.5,0,0,0,0.0165293019512106
p1674,4,0.0666666666666667,15.95,5,138,57,4,405,0,33.5,0.04605263125,0.8,0,0,0,0.0645385211375712
p1675,1,0.0166666666666667,,2,14,11,1,135,0,10,0.02631579,0.5,1,1,1,0.0165293019512106
p1677,1,0.0166666666666667,,2,30,28,2,202,0.13653865,7,0.02631579,1,1,1,1,0.0165293019512106
p1678,1,0.0166666666666667,,2,9,8,2,107.5,0.3526799,8,0.02631579,1,1,1,1,0.0165293019512106
p1679,1,0.0166666666666667,,2,17,13,1,135,0,10,0.02631579,0.5,1,1,1,0.0165293019512106
p168,1,0.0166666666666667,,2,20,14,2,295.5,0.3642744,13,0.02631579,1,1,1,1,0.0165293019512106
p1680,1,0.0166666666666667,,2,13,10,2,193,0.085865275,10,0.02631579,1,1,1,0,0.0165293019512106
p1681,1,0.0166666666666667,,2,13,10,2,161,0.029798115,10,0.02631579,1,1,1,1,0.0165293019512106
p1682,1,0.0166666666666667,,2,7,7,2,161.5,0.0169308635,5,0.02631579,1,1,1,1,0.0165293019512106
p1683,3,0.05,22.8,4,110,53,4,525,0.001000031375,36.3333333333333,0.0526315783333333,1,1,1,1,0.048790164169432
p1684,1,0.0166666666666667,,2,12,10,1,150,0,9,0.02631579,0.5,0,0,0,0.0165293019512106
p1685,1,0.0166666666666667,,1,1,1,1,150,1,8,0.02631579,1,0,0,0,0.0165293019512106
p1686,1,0.0166666666666667,,2,11,9,2,260.5,0.245064615,8,0.02631579,1,1,1,1,0.0165293019512106
p1687,1,0.0166666666666667,,2,11,10,1,150,0,9,0.02631579,0.5,0,0,0,0.0165293019512106
p1688,3,0.05,20.075,4,94,45,3,475,0,30.3333333333333,0.0526315783333333,0.75,1,1,1,0.048790164169432
p1689,3,0.05,21.0833333333333,4,102,49,3,365,0,33.3333333333333,0.0526315783333333,0.75,1,1,0,0.048790164169432
p169,1,0.0166666666666667,,2,7,6,2,249.5,0.3050463,5,0.02631579,1,0,0,0,0.0165293019512106
p1690,3,0.05,23.4583333333333,4,127,59,3,381.666666666667,0,41.3333333333333,0.0526315783333333,0.75,1,1,1,0.048790164169432
p1691,1,0.0166666666666667,,1,1,1,1,150,1,9,0.02631579,1,0,0,0,0.0165293019512106
p1693,1,0.0166666666666667,,2,11,9,2,227,0.23693395,8,0.02631579,1,1,1,1,0.0165293019512106
p1694,2,0.0333333333333333,49.8666666666667,3,69,59,2,335,0,33.5,0.039473685,0.666666666666667,1,1,1,0.0327898228229909
p1695,1,0.0166666666666667,,2,9,7,1,150,0,7,0.02631579,0.5,1,0,0,0.0165293019512106
p1696,1,0.0166666666666667,,2,17,14,1,150,0,13,0.02631579,0.5,0,0,0,0.0165293019512106
p1697,1,0.0166666666666667,,2,11,10,1,150,0,10,0.02631579,0.5,0,0,0,0.0165293019512106
p1698,1,0.0166666666666667,,2,9,8,1,150,0,8,0.02631579,0.5,0,0,0,0.0165293019512106
p1699,0,0,,1,1,1,1,2,0.129188,,,1,0,0,0,0
p17,1,0.0166666666666667,,2,10,9,1,150,0,8,0.02631579,0.5,1,1,1,0.0165293019512106
p170,0,0,,1,2,2,1,4,,,,1,0,0,0,0
p1700,1,0.0166666666666667,,2,11,10,1,150,0,9,0.02631579,0.5,1,0,0,0.0165293019512106
p1701,1,0.0166666666666667,,2,12,10,1,150,0,9,0.02631579,0.5,0,0,0,0.0165293019512106
p1702,3,0.05,24.3416666666667,4,124,58,4,525,0,39.3333333333333,0.0526315783333333,1,1,1,1,0.048790164169432
p1703,2,0.0333333333333333,46.7166666666667,4,122,59,3,463.333333333333,0,29.5,0.039473685,0.75,1,1,1,0.0327898228229909
p1704,3,0.05,17.5083333333333,4,87,41,4,540,0.0309471785,27.6666666666667,0.0526315783333333,1,1,1,1,0.048790164169432
p1705,1,0.0166666666666667,,2,11,9,1,35,0,7,0.02631579,0.5,0,0,0,0.0165293019512106
p1706,1,0.0166666666666667,,2,14,10,2,217.5,0.25520155,9,0.02631579,1,1,1,1,0.0165293019512106
p1707,0,0,,1,1,1,1,20,0.57628715,,,1,1,1,1,0
p1708,1,0.0166666666666667,,2,8,8,2,162.5,0.03282396,8,0.02631579,1,1,1,1,0.0165293019512106
p1709,1,0.0166666666666667,,2,9,8,2,103.5,0.0623488725,8,0.02631579,1,1,1,1,0.0165293019512106
p171,1,0.0166666666666667,,2,17,15,2,148.5,0.07724727,14,0.02631579,1,1,1,1,0.0165293019512106
p1710,1,0.0166666666666667,,2,16,14,2,202,0.11958895,14,0.02631579,1,1,1,1,0.0165293019512106
p1711,3,0.05,16.3916666666667,4,87,40,3,475,0,27.3333333333333,0.0526315783333333,0.75,1,1,1,0.048790164169432
p1712,1,0.0166666666666667,,2,8,7,2,162,0.07530044,7,0.02631579,1,0,0,0,0.0165293019512106
p1713,1,0.0166666666666667,,2,13,11,1,150,0,11,0.02631579,0.5,1,1,1,0.0165293019512106
p1715,1,0.0166666666666667,,2,11,10,1,150,0,9,0.02631579,0.5,1,0,0,0.0165293019512106
p1716,1,0.0166666666666667,,2,20,19,1,60,0,6,0.02631579,0.5,1,1,0,0.0165293019512106
p1717,3,0.05,23.7083333333333,4,118,56,3,475,0,39,0.0526315783333333,0.75,0,0,0,0.048790164169432
p1718,1,0.0166666666666667,,2,17,13,2,239.5,0.257050725,9,0.02631579,1,0,0,0,0.0165293019512106
p1719,1,0.0166666666666667,,2,18,15,1,150,0,10,0.02631579,0.5,0,0,0,0.0165293019512106
p172,1,0.0166666666666667,,2,8,7,2,150,0.0019671954,6,0.02631579,1,0,0,0,0.0165293019512106
p1720,1,0.0166666666666667,,2,49,28,1,150,0,28,0.02631579,0.5,0,0,0,0.0165293019512106
p1722,11,0.183333333333333,1.04,6,70,11,6,2854.54490909091,0.0909090909090909,7.27272727272727,0.129561403322221,1,0,0,0,0.168335314819215
p1723,1,0.0166666666666667,,2,12,11,1,150,0,10,0.02631579,0.5,0,0,0,0.0165293019512106
p1724,3,0.05,22.225,4,109,52,3,415,0,35.6666666666667,0.0526315783333333,0.75,0,0,0,0.048790164169432
p1725,3,0.05,22.45,3,61,50,3,400,0.333333333333333,37,0.0526315783333333,1,1,1,1,0.048790164169432
p1726,1,0.0166666666666667,,1,12,12,1,25,0,10,0.02631579,1,0,0,0,0.0165293019512106
p1727,2,0.0333333333333333,33.6166666666667,3,49,40,2,317.5,0,23,0.039473685,0.666666666666667,1,1,1,0.0327898228229909
p1728,2,0.0333333333333333,24.6,3,36,28,4,373,0.29637163,18.5,0.039473685,1.33333333333333,0,0,0,0.0327898228229909
p1730,0,0,,1,1,1,1,0,0.048890505,,,1,1,1,1,0
p1731,3,0.05,20.0416666666667,4,94,45,3,358.333333333333,0,29.6666666666667,0.0526315783333333,0.75,0,0,0,0.048790164169432
p1732,1,0.0166666666666667,,2,18,17,1,150,0,17,0.02631579,0.5,0,0,0,0.0165293019512106
p1734,1,0.0166666666666667,,2,9,8,2,163.5,0,7,0.02631579,1,0,0,0,0.0165293019512106
p1735,1,0.0166666666666667,,2,32,31,2,258.5,0.37150165,6,0.02631579,1,0,0,0,0.0165293019512106
p1736,1,0.0166666666666667,,1,2,2,3,55.3333333333333,0.345587419666667,23,0.02631579,3,0,0,0,0.0165293019512106
p1737,1,0.0166666666666667,,2,9,8,2,110,0.15246384,6,0.02631579,1,0,0,0,0.0165293019512106
p1738,0,0,,1,1,1,1,21,0.44541508,,,1,1,1,0,0
p1739,1,0.0166666666666667,,2,11,10,2,28.875,0.13051946,9,0,1,0,0,0,0.0165293019512106
p174,1,0.0166666666666667,,2,11,9,1,150,0,8,0.02631579,0.5,1,1,1,0.0165293019512106
p1740,1,0.0166666666666667,,2,11,9,1,60,0,8,0.02631579,0.5,1,1,1,0.0165293019512106
p1741,1,0.0166666666666667,,2,8,8,2,203.5,0.14468539,8,0.02631579,1,1,1,1,0.0165293019512106
p1742,2,0.0333333333333333,6.38333333333333,3,38,20,2,90,0,17,0.013157895,0.666666666666667,0,0,0,0.0327898228229909
p1743,1,0.0166666666666667,,2,22,17,2,123,0.27728048,15,0.02631579,1,0,0,0,0.0165293019512106
p1744,1,0.0166666666666667,,2,8,7,2,230.5,0.35339045,6,0.02631579,1,0,0,0,0.0165293019512106
p1745,1,0.0166666666666667,,2,16,14,1,150,0,13,0.02631579,0.5,1,1,1,0.0165293019512106
p1746,3,0.05,21.9583333333333,4,113,53,3,475,0,37.3333333333333,0.0526315783333333,0.75,1,1,0,0.048790164169432
p1747,2,0.0333333333333333,45,3,65,55,2,285,0,30.5,0.039473685,0.666666666666667,0,0,0,0.0327898228229909
p1748,3,0.05,20.4583333333333,4,99,46,3,475,0,31.6666666666667,0.0526315783333333,0.75,1,1,0,0.048790164169432
p1749,4,0.0666666666666667,14.8611111111111,4,86,41,4,428.75,0.333333333333333,33,0.059210525,1,1,1,1,0.0645385211375712
p175,1,0.0166666666666667,,2,10,9,2,210,0.181478785,8,0.02631579,1,1,0,0,0.0165293019512106
p1750,1,0.0166666666666667,,2,7,7,2,173.5,0.09996914,6,0.02631579,1,1,1,0,0.0165293019512106
p1751,1,0.0166666666666667,,2,12,11,1,150,0,10,0.02631579,0.5,0,0,0,0.0165293019512106
p1752,1,0.0166666666666667,,2,8,7,1,150,0,7,0.02631579,0.5,0,0,0,0.0165293019512106
p1753,1,0.0166666666666667,,2,12,11,1,150,0,10,0.02631579,0.5,1,1,1,0.0165293019512106
p1754,0,0,,1,35,35,0,,,,,0,1,1,1,0
p1755,1,0.0166666666666667,,2,7,6,2,164.5,0.0257248825,5,0.02631579,1,0,0,0,0.0165293019512106
p1756,3,0.05,21.3666666666667,3,15,10,3,235,0.333333333333333,20.6666666666667,0.02631579,1,0,0,0,0.048790164169432
p1757,1,0.0166666666666667,,2,13,11,2,29,0.20706317,10,0.02631579,1,1,1,1,0.0165293019512106
p1758,1,0.0166666666666667,,2,12,10,1,150,0,10,0.02631579,0.5,1,1,1,0.0165293019512106
p1759,2,0.0333333333333333,38.9666666666667,2,7,6,2,362.5,0.5,24.5,0.039473685,1,1,1,1,0.0327898228229909
p176,1,0.0166666666666667,,2,4,4,1,150,0,4.9225,0.02631579,0.5,0,0,0,0.0165293019512106
p1760,1,0.0166666666666667,,2,58,35,1,150,0,31,0.02631579,0.5,1,0,0,0.0165293019512106
p1761,2,0.0333333333333333,48.35,2,11,10,2,292.5,0.5,33.5,0.039473685,1,0,0,0,0.0327898228229909
p1762,1,0.0166666666666667,,2,8,7,1,150,0,6,0.02631579,0.5,0,0,0,0.0165293019512106
p1763,1,0.0166666666666667,,2,11,10,1,150,0,10,0.02631579,0.5,1,1,1,0.0165293019512106
p1764,1,0.0166666666666667,,2,11,10,1,150,0,8,0.02631579,0.5,0,0,0,0.0165293019512106
p1765,1,0.0166666666666667,,2,11,9,2,277.5,0.339437785,6,0.02631579,1,0,0,0,0.0165293019512106
p1766,3,0.05,8.88333333333333,4,36,20,4,777.75,0.177493825,11,0.0526315783333333,1,0,0,0,0.048790164169432
p1767,2,0.0333333333333333,46.3,3,63,54,2,375,0,30,0.039473685,0.666666666666667,1,0,0,0.0327898228229909
p1768,1,0.0166666666666667,,2,11,9,1,150,0,9,0.02631579,0.5,0,0,0,0.0165293019512106
p1769,1,0.0166666666666667,,2,9,8,2,199,0.09966468,8,0.02631579,1,0,0,0,0.0165293019512106
p177,1,0.0166666666666667,,2,7,6,2,305,0.385097025,5,0.02631579,1,1,1,1,0.0165293019512106
p1771,2,0.0333333333333333,44.4666666666667,3,70,58,2,150,0,32,0.039473685,0.666666666666667,0,0,0,0.0327898228229909
p1772,1,0.0166666666666667,,2,16,13,1,60,0,12,0.02631579,0.5,0,0,0,0.0165293019512106
p1773,1,0.0166666666666667,,2,6,6,2,230,0.19625069,6,0.02631579,1,0,0,0,0.0165293019512106
p1774,0,0,,1,2,2,1,160,0.00094208855,,,1,0,0,0,0
p1775,3,0.05,21.9583333333333,4,77,52,4,351,0.05264873,26,0.0526315783333333,1,0,0,0,0.048790164169432
p1776,0,0,,1,2,2,1,108.75,0.22218193,,,1,1,1,1,0
p1777,1,0.0166666666666667,,2,11,10,2,150,0,9,0.02631579,1,0,0,0,0.0165293019512106
p1778,1,0.0166666666666667,,2,9,8,2,72.5,0.066937915,7,0.02631579,1,0,0,0,0.0165293019512106
p1779,1,0.0166666666666667,,2,6,5,2,263,0.31997898,5,0.02631579,1,1,1,1,0.0165293019512106
p178,1,0.0166666666666667,,2,7,6,2,174.5,0.05950574,6,0.02631579,1,0,0,0,0.0165293019512106
p1780,1,0.0166666666666667,,2,12,11,1,150,0,10,0.02631579,0.5,1,1,0,0.0165293019512106
p1781,1,0.0166666666666667,,1,1,1,1,125,1,7,0.02631579,1,1,1,1,0.0165293019512106
p1782,1,0.0166666666666667,,2,15,13,1,150,0,13,0.02631579,0.5,1,1,1,0.0165293019512106
p1784,1,0.0166666666666667,,2,12,11,2,289,0.39540585,10,0.02631579,1,1,1,1,0.0165293019512106
p1785,1,0.0166666666666667,,1,1,1,0,,,11,0.02631579,0,0,0,0,0.0165293019512106
p1786,0,0,,1,19,19,0,,,,,0,1,1,1,0
p1787,1,0.0166666666666667,,1,1,1,1,150,1,5,0.02631579,1,1,1,1,0.0165293019512106
p1788,3,0.05,22.7916666666667,4,105,51,3,475,0,34.6666666666667,0.0526315783333333,0.75,1,1,0,0.048790164169432
p179,0,0,,1,1,1,1,0,0.048475135,,,1,1,1,1,0
p1790,1,0.0166666666666667,,2,10,9,2,305,0.386556835,8,0.02631579,1,1,1,1,0.0165293019512106
p1791,1,0.0166666666666667,,1,1,1,1,150,1,6,0.02631579,1,0,0,0,0.0165293019512106
p1792,2,0.0333333333333333,50.7333333333333,2,11,9,1,150,0,34,0.039473685,0.5,1,0,0,0.0327898228229909
p1793,1,0.0166666666666667,,2,9,8,2,260,0.3959692,8,0.02631579,1,0,0,0,0.0165293019512106
p1795,1,0.0166666666666667,,2,9,8,1,150,0,8,0.02631579,0.5,1,1,1,0.0165293019512106
p1796,1,0.0166666666666667,,2,7,6,3,50,0,6,0.02631579,1.5,1,0,0,0.0165293019512106
p1797,1,0.0166666666666667,,2,12,12,1,100,0,11,0.02631579,0.5,0,0,0,0.0165293019512106
p1798,1,0.0166666666666667,,2,13,10,1,150,0,10,0.02631579,0.5,1,1,1,0.0165293019512106
p1799,1,0.0166666666666667,,1,2,2,1,150,1,13,0.02631579,1,0,0,0,0.0165293019512106
p18,1,0.0166666666666667,,2,6,5,1,150,0,5,0.02631579,0.5,0,0,0,0.0165293019512106
p180,1,0.0166666666666667,,2,12,12,2,264.5,0.306571425,11,0.02631579,1,1,0,0,0.0165293019512106
p1800,1,0.0166666666666667,,2,6,5,2,298.5,0.3787852,5,0.02631579,1,0,0,0,0.0165293019512106
p1801,3,0.05,23.3833333333333,4,123,56,3,475,0,39.6666666666667,0.0526315783333333,0.75,1,1,1,0.048790164169432
p1802,2,0.0333333333333333,46.85,3,61,53,2,287.5,0,29.5,0.039473685,0.666666666666667,0,0,0,0.0327898228229909
p1803,1,0.0166666666666667,,2,11,10,2,102,0.25570035,9,0.02631579,1,0,0,0,0.0165293019512106
p1804,1,0.0166666666666667,,2,15,13,1,150,0,12,0.02631579,0.5,1,0,0,0.0165293019512106
p1805,1,0.0166666666666667,,2,8,7,2,152.5,0.0040747545,5,0.02631579,1,0,0,0,0.0165293019512106
p1806,1,0.0166666666666667,,2,11,10,1,150,0,10,0.02631579,0.5,0,0,0,0.0165293019512106
p1807,1,0.0166666666666667,,2,9,8,2,161,0.1715793,7,0.02631579,1,1,1,1,0.0165293019512106
p1808,1,0.0166666666666667,,2,24,16,2,128.5,0.062038245,15,0.02631579,1,0,0,0,0.0165293019512106
p1809,3,0.05,19.1333333333333,3,55,45,3,415,0.333333333333333,33,0.0526315783333333,1,1,1,0,0.048790164169432
p181,2,0.0333333333333333,41.4166666666667,2,10,9,2,375,0.5,29.5,0.039473685,1,0,0,0,0.0327898228229909
p1810,1,0.0166666666666667,,2,10,9,1,150,0,8,0.02631579,0.5,0,0,0,0.0165293019512106
p1811,3,0.05,23.1416666666667,4,110,53,3,475,0,35.6666666666667,0.0526315783333333,0.75,1,0,0,0.048790164169432
p1812,3,0.05,20.7416666666667,4,98,47,3,325,0,32,0.0526315783333333,0.75,1,1,1,0.048790164169432
p1813,1,0.0166666666666667,,2,14,13,1,150,0,12,0.02631579,0.5,1,1,0,0.0165293019512106
p1814,1,0.0166666666666667,,2,12,10,1,15,,10,0,0.5,1,1,1,0.0165293019512106
p1815,1,0.0166666666666667,,2,13,12,2,173,0.0346495175,11,0.02631579,1,0,0,0,0.0165293019512106
p1816,2,0.0333333333333333,40.4666666666667,3,68,58,2,375,0,28.5,0.039473685,0.666666666666667,1,1,1,0.0327898228229909
p1817,0,0,,1,2,2,0,,,,,0,0,0,0,0
p1819,2,0.0333333333333333,29.5666666666667,3,61,42,2,90,0,26.5,0.013157895,0.666666666666667,0,0,0,0.0327898228229909
p1820,1,0.0166666666666667,,2,8,7,1,150,0,6,0.02631579,0.5,0,0,0,0.0165293019512106
p1822,1,0.0166666666666667,,1,1,1,1,150,1,6,0.02631579,1,0,0,0,0.0165293019512106
p1823,1,0.0166666666666667,,2,12,10,1,150,0,10,0.02631579,0.5,1,1,1,0.0165293019512106
p1824,2,0.0333333333333333,46.3333333333333,2,14,10,2,310,0.5,31.5,0.039473685,1,0,0,0,0.0327898228229909
p1825,0,0,,1,1,1,1,23,0.31476685,,,1,0,0,0,0
p1826,1,0.0166666666666667,,2,22,16,1,60,0,14,0.02631579,0.5,1,1,1,0.0165293019512106
p1827,1,0.0166666666666667,,2,33,28,1,150,0,28,0.02631579,0.5,0,0,0,0.0165293019512106
p1829,1,0.0166666666666667,,2,9,8,2,170.5,0.039537085,8,0.02631579,1,1,1,0,0.0165293019512106
p1830,1,0.0166666666666667,,2,9,8,2,165,0.1846528,8,0.02631579,1,1,1,1,0.0165293019512106
p1831,1,0.0166666666666667,,2,12,10,1,150,0,10,0.02631579,0.5,1,1,1,0.0165293019512106
p1832,0,0,,1,1,1,1,31,0.5933156,,,1,0,0,0,0
p1833,1,0.0166666666666667,,2,17,15,2,178,0.06289366,14,0.02631579,1,0,0,0,0.0165293019512106
p1834,1,0.0166666666666667,,2,13,11,1,150,0,9,0.02631579,0.5,0,0,0,0.0165293019512106
p1835,1,0.0166666666666667,,2,12,10,1,150,0,9,0.02631579,0.5,0,0,0,0.0165293019512106
p1836,1,0.0166666666666667,,2,15,12,2,203.5,0.179010035,10,0.02631579,1,0,0,0,0.0165293019512106
p1837,2,0.0333333333333333,50.1333333333333,2,12,9,2,325,0.5,34,0.039473685,1,1,1,1,0.0327898228229909
p1839,1,0.0166666666666667,,1,2,2,1,150,1,13,0.02631579,1,0,0,0,0.0165293019512106
p184,1,0.0166666666666667,,2,11,9,1,150,0,9,0.02631579,0.5,1,1,1,0.0165293019512106
p1840,0,0,,1,1,1,1,2,0.096692845,,,1,0,0,0,0
p1841,1,0.0166666666666667,,2,7,6,2,256,0.243012085,6,0.02631579,1,0,0,0,0.0165293019512106
p1842,1,0.0166666666666667,,2,11,11,1,150,0,11,0.02631579,0.5,1,1,1,0.0165293019512106
p1843,1,0.0166666666666667,,2,15,14,2,182,0.13962753,13,0.02631579,1,1,0,0,0.0165293019512106
p1844,1,0.0166666666666667,,2,10,9,1,150,0,8,0.02631579,0.5,1,1,0,0.0165293019512106
p1845,2,0.0333333333333333,52.8166666666667,3,64,58,2,375,0,31.5,0.039473685,0.666666666666667,1,1,1,0.0327898228229909
p1846,1,0.0166666666666667,,2,12,11,1,150,0,11,0.02631579,0.5,1,1,1,0.0165293019512106
p1847,1,0.0166666666666667,,2,26,16,1,150,0,15,0.02631579,0.5,1,1,1,0.0165293019512106
p1848,3,0.05,21.5083333333333,4,109,51,3,475,0,34.6666666666667,0.0526315783333333,0.75,0,0,0,0.048790164169432
p1849,1,0.0166666666666667,,2,9,8,2,154,0.013438287,8,0.02631579,1,0,0,0,0.0165293019512106
p185,0,0,,1,1,1,1,30,0.9195643,,,1,0,0,0,0
p1850,3,0.05,15.9833333333333,4,77,37,3,475,0,25.6666666666667,0.0526315783333333,0.75,0,0,0,0.048790164169432
p1851,1,0.0166666666666667,,2,9,8,1,150,0,7,0.02631579,0.5,1,1,1,0.0165293019512106
p1852,1,0.0166666666666667,,2,11,10,1,150,0,9,0.02631579,0.5,0,0,0,0.0165293019512106
p1854,1,0.0166666666666667,,2,15,13,2,217.5,0.190191375,12,0.02631579,1,1,1,1,0.0165293019512106
p1855,1,0.0166666666666667,,2,17,14,1,150,0,14,0.02631579,0.5,1,1,1,0.0165293019512106
p1856,3,0.05,25.475,4,126,58,3,475,0,35.3333333333333,0.0526315783333333,0.75,1,0,0,0.048790164169432
p1857,2,0.0333333333333333,44,2,8,7,2,375,0.5,28,0.039473685,1,1,1,1,0.0327898228229909
p1858,1,0.0166666666666667,,2,9,8,1,150,0,7,0.02631579,0.5,1,1,1,0.0165293019512106
p1859,1,0.0166666666666667,,1,1,1,1,150,1,5,0.02631579,1,0,0,0,0.0165293019512106
p186,1,0.0166666666666667,,1,1,1,1,150,1,6,0.02631579,1,1,1,1,0.0165293019512106
p1860,1,0.0166666666666667,,2,11,9,1,15,,8,0,0.5,1,1,1,0.0165293019512106
p1861,1,0.0166666666666667,,2,24,21,1,60,0,20,0.02631579,0.5,1,1,1,0.0165293019512106
p1862,1,0.0166666666666667,,2,9,8,2,202.5,0.18648857,8,0.02631579,1,1,0,0,0.0165293019512106
p1863,2,0.0333333333333333,46.2166666666667,3,70,57,2,330,0,33,0.039473685,0.666666666666667,0,0,0,0.0327898228229909
p1864,1,0.0166666666666667,,2,9,7,2,211.5,0.1451753,7,0.02631579,1,1,0,0,0.0165293019512106
p1865,3,0.05,20.25,3,26,14,3,265,0.333333333333333,24.3333333333333,0.02631579,1,1,0,0,0.048790164169432
p1866,3,0.05,25.2166666666667,3,67,56,2,375,0,41,0.0526315783333333,0.666666666666667,1,1,1,0.048790164169432
p1867,1,0.0166666666666667,,3,11,7,2,75.5,0.0098016375,7,0.02631579,0.666666666666667,1,1,1,0.0165293019512106
p1868,1,0.0166666666666667,,2,13,11,2,175.5,0.055341512,10,0.02631579,1,1,1,1,0.0165293019512106
p1869,1,0.0166666666666667,,2,12,9,2,213,0.191363275,9,0.02631579,1,1,1,1,0.0165293019512106
p187,2,0.0333333333333333,48.55,3,66,57,2,167.5,0,31.5,0.039473685,0.666666666666667,0,0,0,0.0327898228229909
p1870,3,0.05,22.85,4,71,52,3,236.666666666667,0,22.6666666666667,0.03508772,0.75,1,1,1,0.048790164169432
p1871,1,0.0166666666666667,,1,1,1,1,150,1,6,0.02631579,1,1,1,1,0.0165293019512106
p1872,1,0.0166666666666667,,2,15,12,1,150,0,10,0.02631579,0.5,1,1,1,0.0165293019512106
p1873,1,0.0166666666666667,,2,15,13,1,150,0,13,0.02631579,0.5,1,0,0,0.0165293019512106
p1874,1,0.0166666666666667,,2,9,8,2,150,0.0036396843,8,0.02631579,1,0,0,0,0.0165293019512106
p1875,1,0.0166666666666667,,2,14,11,1,60,0,10,0.02631579,0.5,1,1,1,0.0165293019512106
p1876,2,0.0333333333333333,50.8333333333333,3,67,59,2,375,0,32.5,0.039473685,0.666666666666667,1,1,1,0.0327898228229909
p1878,3,0.05,22.925,4,110,53,3,475,0,35.6666666666667,0.0526315783333333,0.75,1,0,0,0.048790164169432
p1879,1,0.0166666666666667,,2,8,6,2,162,0.01884205,6,0.02631579,1,0,0,0,0.0165293019512106
p188,1,0.0166666666666667,,2,1,1,1,60,1,14,0.02631579,0.5,1,1,0,0.0165293019512106
p1880,1,0.0166666666666667,,2,14,13,2,251,0.28957785,12,0.02631579,1,1,1,1,0.0165293019512106
p1881,2,0.0333333333333333,49.6666666666667,3,69,58,2,375,0,33,0.039473685,0.666666666666667,0,0,0,0.0327898228229909
p1882,1,0.0166666666666667,,2,41,34,2,166,0.04269349,33,0.02631579,1,1,1,0,0.0165293019512106
p1884,1,0.0166666666666667,,2,11,10,2,171,0.067685575,9,0.02631579,1,0,0,0,0.0165293019512106
p1886,1,0.0166666666666667,,2,46,26,1,150,0,26,0.02631579,0.5,1,1,1,0.0165293019512106
p1888,1,0.0166666666666667,,2,8,7,2,178,0.105507315,7,0.02631579,1,0,0,0,0.0165293019512106
p189,2,0.0333333333333333,3.76666666666667,3,16,10,3,189.333333333333,0.21210758,7,0.013157895,1,1,1,1,0.0327898228229909
p1890,0,0,,1,14,14,2,23,0.49786515,,,2,0,0,0,0
p1891,1,0.0166666666666667,,2,10,9,2,121.5,0.213917225,8,0.02631579,1,0,0,0,0.0165293019512106
p1892,1,0.0166666666666667,,2,18,16,1,150,0,11,0.02631579,0.5,1,1,1,0.0165293019512106
p1893,1,0.0166666666666667,,2,14,12,1,150,0,12,0.02631579,0.5,0,0,0,0.0165293019512106
p1894,0,0,,1,1,1,1,32,0.98287165,,,1,1,1,1,0
p1895,0,0,,1,0,0,1,0,0.11927032,,,1,0,0,0,0
p1896,1,0.0166666666666667,,1,1,1,1,150,1,6,0.02631579,1,0,0,0,0.0165293019512106
p1897,1,0.0166666666666667,,2,11,10,1,150,0,10,0.02631579,0.5,1,1,1,0.0165293019512106
p1898,0,0,,1,2,2,0,,,,,0,1,1,1,0
p1899,1,0.0166666666666667,,2,9,8,2,138,0.0036175663,8,0.02631579,1,1,1,0,0.0165293019512106
p19,1,0.0166666666666667,,2,13,12,1,150,0,12,0.02631579,0.5,1,1,1,0.0165293019512106
p190,1,0.0166666666666667,,1,14,14,1,150,0,13,0.02631579,1,1,1,1,0.0165293019512106
p1900,2,0.0333333333333333,40.2166666666667,3,56,47,2,375,0,26.5,0.039473685,0.666666666666667,0,0,0,0.0327898228229909
p1901,2,0.0333333333333333,17.9166666666667,4,77,34,4,211.25,0.0819972066666667,27,0.039473685,1,0,0,0,0.0327898228229909
p1902,1,0.0166666666666667,,2,6,5,2,240,0.203605535,5,0.02631579,1,0,0,0,0.0165293019512106
p1903,1,0.0166666666666667,,2,7,6,2,264,0.2629909,6,0.02631579,1,1,1,1,0.0165293019512106
p1904,1,0.0166666666666667,,2,10,8,2,261.5,0.29775805,7,0.02631579,1,0,0,0,0.0165293019512106
p1905,3,0.05,12.6416666666667,4,121,57,3,416.666666666667,0,38.6666666666667,0.0789473683333333,0.75,0,0,0,0.048790164169432
p1906,1,0.0166666666666667,,2,11,10,2,190.5,0.11329597,9,0.02631579,1,0,0,0,0.0165293019512106
p1907,2,0.0333333333333333,5.68333333333333,3,28,16,2,90,0,12.5,0.013157895,0.666666666666667,0,0,0,0.0327898228229909
p1908,3,0.05,26.075,3,65,55,2,375,0,40,0.0526315783333333,0.666666666666667,1,1,1,0.048790164169432
p191,2,0.0333333333333333,48.3166666666667,3,68,57,2,375,0,32,0.039473685,0.666666666666667,1,1,1,0.0327898228229909
p1910,1,0.0166666666666667,,2,10,9,1,150,0,8,0.02631579,0.5,1,1,1,0.0165293019512106
p1911,0,0,,1,1,1,0,,,,,0,1,1,1,0
p1912,0,0,,1,2,2,1,0,0.06302403,,,1,0,0,0,0
p1913,2,0.0333333333333333,48.3333333333333,3,73,59,2,375,0,34,0.039473685,0.666666666666667,1,1,0,0.0327898228229909
p1915,1,0.0166666666666667,,3,5,5,2,158.5,1,11,0.02631579,0.666666666666667,0,0,0,0.0165293019512106
p1916,2,0.0333333333333333,52.1666666666667,3,66,59,2,375,0,33,0.039473685,0.666666666666667,1,1,1,0.0327898228229909
p1917,1,0.0166666666666667,,1,47,47,2,1112.4999,0,41.3333333333333,0.129561403322221,2,1,1,1,0.0165293019512106
p1918,1,0.0166666666666667,,2,18,15,2,233.5,0.217113065,14,0.02631579,1,0,0,0,0.0165293019512106
p1919,1,0.0166666666666667,,2,8,7,1,150,0,6,0.02631579,0.5,1,1,1,0.0165293019512106
p192,2,0.0333333333333333,7.5,3,26,16,2,157.5,,11.5,0.02631579,0.666666666666667,1,1,1,0.0327898228229909
p1920,1,0.0166666666666667,,2,49,28,1,60,0,26,0.02631579,0.5,1,1,1,0.0165293019512106
p1921,1,0.0166666666666667,,2,9,8,2,217,0.189082785,8,0.02631579,1,1,0,0,0.0165293019512106
p1922,0,0,,1,1,1,1,18,0.43260235,,,1,1,1,1,0
p1923,2,0.0333333333333333,49.5833333333333,2,12,10,1,150,0,34,0.039473685,0.5,1,0,0,0.0327898228229909
p1924,3,0.05,15.1,4,84,37,3,475,0,26.6666666666667,0.0526315783333333,0.75,1,1,1,0.048790164169432
p1926,1,0.0166666666666667,,2,10,8,2,170.5,0.08735399,6,0.02631579,1,1,0,0,0.0165293019512106
p1928,1,0.0166666666666667,,2,12,10,1,150,0,9,0.02631579,0.5,1,1,1,0.0165293019512106
p1929,2,0.0333333333333333,50.4833333333333,2,11,9,1,150,0,33.5,0.039473685,0.5,1,1,1,0.0327898228229909
p193,1,0.0166666666666667,,2,9,8,1,150,0,7,0.02631579,0.5,0,0,0,0.0165293019512106
p1930,0,0,,1,0,0,1,0,0,,,1,0,0,0,0
p1931,2,0.0333333333333333,33.2,3,45,38,2,375,0,21.5,0.039473685,0.666666666666667,1,1,1,0.0327898228229909
p1932,2,0.0333333333333333,11,3,28,20,2,30,0,11.5,0.02631579,0.666666666666667,1,0,0,0.0327898228229909
p1933,2,0.0333333333333333,30.1333333333333,2,6,5,2,375,0.5,20,0.039473685,1,1,0,0,0.0327898228229909
p1934,1,0.0166666666666667,,2,9,7,1,150,0,7,0.02631579,0.5,1,1,1,0.0165293019512106
p1935,1,0.0166666666666667,,2,7,6,1,150,,5,0.02631579,0.5,0,0,0,0.0165293019512106
p1936,1,0.0166666666666667,,2,7,6,2,184.5,0.22571531,6,0.02631579,1,1,1,1,0.0165293019512106
p1937,1,0.0166666666666667,,2,10,9,1,150,0,7,0.02631579,0.5,0,0,0,0.0165293019512106
p194,3,0.05,21.675,6,64,19,5,158.9,0.0580469333333334,15.3333333333333,0.129561403322221,0.833333333333333,1,1,1,0.048790164169432
p1940,1,0.0166666666666667,,2,10,9,1,150,0,8,0.02631579,0.5,1,1,1,0.0165293019512106
p1941,2,0.0333333333333333,46.2333333333333,3,57,52,2,337.5,0,28,0.039473685,0.666666666666667,1,1,1,0.0327898228229909
p1942,0,0,,1,2,2,1,32.75,0.111326456,,,1,0,0,0,0
p1943,1,0.0166666666666667,,2,15,12,1,150,0,11,0.02631579,0.5,1,1,1,0.0165293019512106
p1944,1,0.0166666666666667,,2,14,11,1,150,0,11,0.02631579,0.5,0,0,0,0.0165293019512106
p1945,1,0.0166666666666667,,2,12,11,1,150,0,10,0.02631579,0.5,1,1,1,0.0165293019512106
p1947,1,0.0166666666666667,,2,12,11,1,150,0,9,0.02631579,0.5,1,1,1,0.0165293019512106
p1948,3,0.05,24.2083333333333,4,125,58,3,441.666666666667,0,39.3333333333333,0.0526315783333333,0.75,0,0,0,0.048790164169432
p1949,1,0.0166666666666667,,2,24,22,1,150,0,16,0.02631579,0.5,0,0,0,0.0165293019512106
p195,1,0.0166666666666667,,2,26,23,1,150,0,9,0.02631579,0.5,1,1,1,0.0165293019512106
p1950,3,0.05,22.45,3,59,49,3,475,0.333333333333333,35.6666666666667,0.0526315783333333,1,0,0,0,0.048790164169432
p1951,1,0.0166666666666667,,2,10,9,1,150,0,7,0.02631579,0.5,1,1,1,0.0165293019512106
p1952,0,0,,1,1,1,1,0,0.03132676,,,1,0,0,0,0
p1953,1,0.0166666666666667,,2,13,11,1,150,0,10,0.02631579,0.5,1,0,0,0.0165293019512106
p1954,1,0.0166666666666667,,2,13,12,1,150,0,11,0.02631579,0.5,0,0,0,0.0165293019512106
p1955,3,0.05,24.0916666666667,4,118,56,3,425,0,38.3333333333333,0.0526315783333333,0.75,1,1,0,0.048790164169432
p1956,1,0.0166666666666667,,2,20,19,2,208.5,0.19160478,8,0.02631579,1,1,1,1,0.0165293019512106
p1957,1,0.0166666666666667,,1,1,1,1,15,1,19,0,1,1,1,1,0.0165293019512106
p1958,1,0.0166666666666667,,1,1,1,1,150,1,7,0.02631579,1,0,0,0,0.0165293019512106
p1959,2,0.0333333333333333,48.5833333333333,3,71,59,2,375,0,33.5,0.039473685,0.666666666666667,1,1,1,0.0327898228229909
p196,1,0.0166666666666667,,2,17,15,1,150,0,15,0.02631579,0.5,1,1,0,0.0165293019512106
p1960,2,0.0333333333333333,46.0666666666667,3,76,59,2,375,0,36,0.039473685,0.666666666666667,1,1,1,0.0327898228229909
p1961,0,0,,1,1,1,1,10,0.11750604,,,1,0,0,0,0
p1962,2,0.0333333333333333,36.35,2,8,7,2,375,0.5,24,0.039473685,1,1,0,0,0.0327898228229909
p1963,3,0.05,23.0083333333333,3,54,48,3,415,0.333333333333333,34.6666666666667,0.0526315783333333,1,0,0,0,0.048790164169432
p1964,1,0.0166666666666667,,2,6,6,2,153,0.11584243,5,0.02631579,1,1,1,1,0.0165293019512106
p1966,1,0.0166666666666667,,2,11,10,2,182,0.201260535,10,0.02631579,1,0,0,0,0.0165293019512106
p1967,1,0.0166666666666667,,2,9,8,1,60,0,7,0.02631579,0.5,1,1,1,0.0165293019512106
p1968,1,0.0166666666666667,,2,17,12,1,150,0,11,0.02631579,0.5,0,0,0,0.0165293019512106
p1969,1,0.0166666666666667,,2,12,11,1,150,0,10,0.02631579,0.5,1,1,1,0.0165293019512106
p197,1,0.0166666666666667,,2,10,9,2,290.5,0.33965505,7,0.02631579,1,1,1,1,0.0165293019512106
p1970,2,0.0333333333333333,45.2833333333333,2,14,13,2,260,0.5,33,0.039473685,1,1,1,0,0.0327898228229909
p1971,1,0.0166666666666667,,2,14,12,1,150,0,11,0.02631579,0.5,1,1,1,0.0165293019512106
p1972,2,0.0333333333333333,41.5833333333333,2,12,10,2,260,0.5,29,0.039473685,1,1,1,1,0.0327898228229909
p1973,3,0.05,21.4416666666667,4,115,52,3,475,0,36.3333333333333,0.0526315783333333,0.75,0,0,0,0.048790164169432
p1974,1,0.0166666666666667,,2,19,15,2,168.5,0.071695065,14,0.02631579,1,1,1,1,0.0165293019512106
p1975,1,0.0166666666666667,,2,32,20,1,150,0,19,0.02631579,0.5,0,0,0,0.0165293019512106
p1976,1,0.0166666666666667,,2,16,13,1,150,0,12,0.02631579,0.5,1,1,1,0.0165293019512106
p1977,2,0.0333333333333333,48.9166666666667,4,80,58,3,254,0,33.5,0.039473685,0.75,1,1,0,0.0327898228229909
p1978,0,0,,1,2,2,0,,,,,0,1,1,1,0
p1979,3,0.05,17.5666666666667,4,87,41,3,475,0,28.6666666666667,0.0526315783333333,0.75,1,1,1,0.048790164169432
p198,2,0.0333333333333333,52.7166666666667,2,9,8,1,150,0,32.5,0.039473685,0.5,0,0,0,0.0327898228229909
p1980,1,0.0166666666666667,,1,1,1,1,150,1,6,0.02631579,1,0,0,0,0.0165293019512106
p1981,1,0.0166666666666667,,2,8,7,2,191.5,0.07947245,7,0.02631579,1,0,0,0,0.0165293019512106
p1982,1,0.0166666666666667,,2,17,16,1,150,0,16,0.02631579,0.5,0,0,0,0.0165293019512106
p1983,1,0.0166666666666667,,2,9,8,1,150,0,7,0.02631579,0.5,1,1,1,0.0165293019512106
p1984,1,0.0166666666666667,,2,11,10,1,150,0,9,0.02631579,0.5,0,0,0,0.0165293019512106
p1985,1,0.0166666666666667,,2,11,10,1,150,0,9,0.02631579,0.5,1,1,1,0.0165293019512106
p1986,1,0.0166666666666667,,2,12,11,2,153.5,0.162315535,10,0.02631579,1,1,1,1,0.0165293019512106
p1987,1,0.0166666666666667,,2,9,8,2,152,0.18373685,6,0.02631579,1,1,1,1,0.0165293019512106
p1988,0,0,,1,3,3,1,50.5,0.16452006,,,1,0,0,0,0
p1989,1,0.0166666666666667,,2,6,5,2,183,0.11015477,5,0.02631579,1,1,1,1,0.0165293019512106
p1990,1,0.0166666666666667,,2,6,6,2,33,0.126021015,5,0.02631579,1,1,1,1,0.0165293019512106
p1991,1,0.0166666666666667,,2,11,9,2,143.5,0.138724325,9,0.02631579,1,0,0,0,0.0165293019512106
p1992,1,0.0166666666666667,,2,12,10,2,220,0.18686935,9,0.02631579,1,1,1,1,0.0165293019512106
p1994,1,0.0166666666666667,,2,10,9,1,150,0,8,0.02631579,0.5,0,0,0,0.0165293019512106
p1995,1,0.0166666666666667,,2,30,29,2,158,0.02595838,6,0.02631579,1,0,0,0,0.0165293019512106
p1996,2,0.0333333333333333,43.5666666666667,3,57,50,3,450,0,27,0.039473685,1,1,1,1,0.0327898228229909
p1997,1,0.0166666666666667,,2,9,8,1,150,0,8,0.02631579,0.5,1,1,1,0.0165293019512106
p1998,1,0.0166666666666667,,1,1,1,1,150,1,12,0.02631579,1,1,1,1,0.0165293019512106
p1999,1,0.0166666666666667,,2,12,11,2,254,0.2664989,10,0.02631579,1,0,0,0,0.0165293019512106
p20,1,0.0166666666666667,,2,6,6,1,150,0,5,0.02631579,0.5,1,1,1,0.0165293019512106
p200,1,0.0166666666666667,,2,14,12,1,150,0,12,0.02631579,0.5,1,1,1,0.0165293019512106
p2000,1,0.0166666666666667,,2,31,30,2,150,0.0141876165,7,0.02631579,1,1,1,1,0.0165293019512106
p2001,1,0.0166666666666667,,2,9,9,1,15,,9,0,0.5,0,0,0,0.0165293019512106
p2002,1,0.0166666666666667,,2,11,9,2,114,0.4301947,9,0.02631579,1,0,0,0,0.0165293019512106
p2004,1,0.0166666666666667,,1,47,47,0,,,41.3333333333333,0.02631579,0,1,1,1,0.0165293019512106
p2005,1,0.0166666666666667,,2,17,15,1,110,0,11,0.02631579,0.5,1,1,1,0.0165293019512106
p2006,1,0.0166666666666667,,2,15,13,1,150,0,12,0.02631579,0.5,0,0,0,0.0165293019512106
p2007,1,0.0166666666666667,,2,10,9,1,150,0,8,0.02631579,0.5,0,0,0,0.0165293019512106
p2009,1,0.0166666666666667,,1,2,2,1,150,1,8,0.02631579,1,0,0,0,0.0165293019512106
p201,1,0.0166666666666667,,1,1,1,1,150,1,18,0.02631579,1,1,1,1,0.0165293019512106
p2010,1,0.0166666666666667,,2,9,8,1,150,0,8,0.02631579,0.5,1,1,1,0.0165293019512106
p2011,2,0.0333333333333333,46.45,3,73,58,2,375,0,34.5,0.039473685,0.666666666666667,0,0,0,0.0327898228229909
p2012,1,0.0166666666666667,,1,10,10,2,214.5,0.11678532,9,0.02631579,2,0,0,0,0.0165293019512106
p2014,1,0.0166666666666667,,2,8,8,1,150,0,8,0.02631579,0.5,0,0,0,0.0165293019512106
p2015,1,0.0166666666666667,,1,3,3,1,150,1,7,0.02631579,1,1,1,1,0.0165293019512106
p2016,1,0.0166666666666667,,2,8,7,1,150,0,7,0.02631579,0.5,1,1,1,0.0165293019512106
p2017,1,0.0166666666666667,,2,15,13,1,150,0,11,0.02631579,0.5,1,1,0,0.0165293019512106
p2018,1,0.0166666666666667,,2,56,35,1,15,,33,0,0.5,1,1,1,0.0165293019512106
p2019,1,0.0166666666666667,,2,45,29,1,150,0,29,0.02631579,0.5,1,1,0,0.0165293019512106
p2020,0,0,,1,1,1,1,12,0.59252435,,,1,0,0,0,0
p2021,1,0.0166666666666667,,2,11,9,1,150,0,8,0.02631579,0.5,1,1,1,0.0165293019512106
p2022,2,0.0333333333333333,40.5166666666667,2,8,7,2,375,0.5,27,0.039473685,1,0,0,0,0.0327898228229909
p2023,1,0.0166666666666667,,2,13,12,1,150,0,11,0.02631579,0.5,1,1,0,0.0165293019512106
p2024,1,0.0166666666666667,,2,17,14,1,150,0,13,0.02631579,0.5,0,0,0,0.0165293019512106
p2025,1,0.0166666666666667,,1,1,1,1,150,1,9,0.02631579,1,0,0,0,0.0165293019512106
p2027,41,0.683333333333333,1.37833333333333,6,151.280000000001,56,6,6966.751075,0,29.4878048780488,0.129561403322221,0.975609756097561,0,0,0,0.520775954619159
p2028,1,0.0166666666666667,,2,5,5,2,204,0.1365039,5,0.02631579,1,0,0,0,0.0165293019512106
p2029,1,0.0166666666666667,,2,13,12,2,110,0.0063448825,12,0.02631579,1,0,0,0,0.0165293019512106
p203,1,0.0166666666666667,,2,12,11,2,175,0.050267052,10,0.02631579,1,0,0,0,0.0165293019512106
p2030,1,0.0166666666666667,,2,14,12,2,264.5,0.28612408,11,0.02631579,1,1,1,1,0.0165293019512106
p2031,1,0.0166666666666667,,1,0,0,1,150,1,7,0.02631579,1,0,0,0,0.0165293019512106
p2032,2,0.0333333333333333,40.7333333333333,3,75,57,2,375,0,34.5,0.039473685,0.666666666666667,0,0,0,0.0327898228229909
p2033,1,0.0166666666666667,,1,1,1,1,150,1,6,0.02631579,1,1,0,0,0.0165293019512106
p2034,2,0.0333333333333333,50.0833333333333,3,63,56,2,260,0,31,0.039473685,0.666666666666667,1,1,1,0.0327898228229909
p2035,1,0.0166666666666667,,2,19,16,1,60,0,13,0.02631579,0.5,1,1,1,0.0165293019512106
p2036,3,0.05,23.3333333333333,6,151.280000000001,54,6,483.333333333333,0.142077338375,25,0.0526315783333333,1.5,0,0,0,0.048790164169432
p2037,1,0.0166666666666667,,2,14,11,1,150,0,10,0.02631579,0.5,0,0,0,0.0165293019512106
p2039,3,0.05,21.6583333333333,4,113,55,3,475,0,35,0.0526315783333333,0.75,1,0,0,0.048790164169432
p2040,6,0.1,8.15333333333333,6,151.280000000001,47,6,8260.32948996292,0,30.3333333333333,0.0921052625,0.857142857142857,1,0,0,0.0953101798043249
p2042,2,0.0333333333333333,39.2,3,56,47,2,362.5,0,26.5,0.039473685,0.666666666666667,0,0,0,0.0327898228229909
p2043,1,0.0166666666666667,,2,10,9,2,142.5,0.06978005,9,0.02631579,1,0,0,0,0.0165293019512106
p2044,1,0.0166666666666667,,2,11,11,3,119.666666666667,0.0866414093333333,10,0.02631579,1.5,0,0,0,0.0165293019512106
p2045,1,0.0166666666666667,,2,9,8,1,150,0,7,0.02631579,0.5,0,0,0,0.0165293019512106
p2047,0,0,,1,2,2,1,65,0.13114735,,,1,0,0,0,0
p2048,1,0.0166666666666667,,2,8,7,2,192.5,0.14200163,6,0.02631579,1,0,0,0,0.0165293019512106
p2049,1,0.0166666666666667,,2,10,9,2,273.5,0.446415635,9,0.02631579,1,1,1,0,0.0165293019512106
p205,1,0.0166666666666667,,2,12,11,2,146.5,0.016657815,10,0.02631579,1,1,1,0,0.0165293019512106
p2050,3,0.05,21.725,4,108,51,3,475,0,34.6666666666667,0.0526315783333333,0.75,0,0,0,0.048790164169432
p2052,1,0.0166666666666667,,2,13,11,1,150,0,11,0.02631579,0.5,1,1,0,0.0165293019512106
p2053,2,0.0333333333333333,48.05,2,10,9,2,350,0.5,31,0.039473685,1,0,0,0,0.0327898228229909
p2054,1,0.0166666666666667,,2,17,16,1,135,0,15,0.02631579,0.5,0,0,0,0.0165293019512106
p2055,1,0.0166666666666667,,2,8,7,2,217,0.374451815,7,0.02631579,1,1,1,1,0.0165293019512106
p2056,1,0.0166666666666667,,2,47,34,1,150,0,34,0.02631579,0.5,1,1,1,0.0165293019512106
p2057,1,0.0166666666666667,,2,14,11,1,150,0,10,0.02631579,0.5,0,0,0,0.0165293019512106
p2058,1,0.0166666666666667,,2,11,9,2,253,0.239219175,7,0.02631579,1,1,1,1,0.0165293019512106
p206,1,0.0166666666666667,,2,13,11,1,150,0,10,0.02631579,0.5,0,0,0,0.0165293019512106
p2060,1,0.0166666666666667,,2,22,15,1,150,0,14,0.02631579,0.5,1,1,1,0.0165293019512106
p2061,1,0.0166666666666667,,1,1,1,1,150,1,5,0.02631579,1,0,0,0,0.0165293019512106
p2062,1,0.0166666666666667,,2,12,11,2,82,0.185309,9,0.02631579,1,0,0,0,0.0165293019512106
p2063,3,0.05,17.6833333333333,4,92,43,3,373.333333333333,0,29.3333333333333,0.0526315783333333,0.75,1,1,1,0.048790164169432
p2064,1,0.0166666666666667,,2,12,11,1,10,,10,0.02631579,0.5,1,1,0,0.0165293019512106
p2065,1,0.0166666666666667,,2,5,5,1,150,0,4.9225,0.02631579,0.5,1,0,0,0.0165293019512106
p2066,1,0.0166666666666667,,2,10,9,2,168.5,0.033300425,9,0.02631579,1,0,0,0,0.0165293019512106
p2069,1,0.0166666666666667,,2,77,41,1,150,0,41,0.02631579,0.5,0,0,0,0.0165293019512106
p2070,1,0.0166666666666667,,2,22,16,1,150,0,10,0.02631579,0.5,0,0,0,0.0165293019512106
p2071,1,0.0166666666666667,,2,10,9,1,150,0,8,0.02631579,0.5,0,0,0,0.0165293019512106
p2072,3,0.05,25.1166666666667,3,69,57,2,375,0,41.3333333333333,0.0526315783333333,0.666666666666667,1,1,1,0.048790164169432
p2073,3,0.05,21.2916666666667,5,137,44,6,447.5,0.00039847466,16.3333333333333,0.0526315783333333,1.2,1,1,1,0.048790164169432
p2074,1,0.0166666666666667,,2,12,11,1,150,0,9,0.02631579,0.5,1,1,0,0.0165293019512106
p2076,3,0.05,20.325,4,95,45,3,475,0,30.6666666666667,0.0526315783333333,0.75,1,1,1,0.048790164169432
p2077,3,0.05,19.625,4,94,45,3,475,0,30.6666666666667,0.0526315783333333,0.75,1,1,1,0.048790164169432
p2078,1,0.0166666666666667,,2,18,16,1,60,0,14,0.02631579,0.5,1,1,1,0.0165293019512106
p2079,2,0.0333333333333333,36.45,2,7,6,2,375,0.5,24,0.039473685,1,0,0,0,0.0327898228229909
p208,1,0.0166666666666667,,2,7,6,2,136,0.0064372745,6,0.02631579,1,0,0,0,0.0165293019512106
p2080,2,0.0333333333333333,43.6666666666667,3,66,52,2,375,0,30,0.039473685,0.666666666666667,1,1,1,0.0327898228229909
p2081,1,0.0166666666666667,,2,10,9,2,212.5,0.37765163,8,0.02631579,1,0,0,0,0.0165293019512106
p2082,4,0.0666666666666667,11.8666666666667,5,93,42,6,221.916666666667,0.0504923725,25.5,0.0328947375,1.2,1,1,1,0.0645385211375712
p2083,2,0.0333333333333333,12.6833333333333,3,23,16,3,217,0.0679941766666667,11.5,0.039473685,1,0,0,0,0.0327898228229909
p2084,1,0.0166666666666667,,2,14,12,1,150,0,11,0.02631579,0.5,0,0,0,0.0165293019512106
p2085,1,0.0166666666666667,,2,15,14,1,150,0,14,0.02631579,0.5,1,1,1,0.0165293019512106
p2086,1,0.0166666666666667,,2,11,10,2,206,0.14397381,10,0.02631579,1,0,0,0,0.0165293019512106
p2088,3,0.05,19.9666666666667,4,103,48,3,475,0,33,0.0526315783333333,0.75,0,0,0,0.048790164169432
p2089,0,0,,1,1,1,1,14,0.2400571,,,1,1,1,1,0
p2090,1,0.0166666666666667,,2,21,19,1,150,0,19,0.02631579,0.5,0,0,0,0.0165293019512106
p2091,3,0.05,25.375,4,91,58,4,214,0.106951185,30.6666666666667,0.0526315783333333,1,1,1,1,0.048790164169432
p2092,1,0.0166666666666667,,2,30,21,1,150,0,21,0.02631579,0.5,0,0,0,0.0165293019512106
p2093,0,0,,1,1,1,1,4,0.18471123,,,1,0,0,0,0
p2094,1,0.0166666666666667,,2,15,13,1,150,0,12,0.02631579,0.5,1,1,1,0.0165293019512106
p2095,1,0.0166666666666667,,2,10,8,1,150,0,8,0.02631579,0.5,0,0,0,0.0165293019512106
p2096,1,0.0166666666666667,,2,19,16,1,150,0,15,0.02631579,0.5,1,0,0,0.0165293019512106
p2097,1,0.0166666666666667,,2,18,12,1,150,0,12,0.02631579,0.5,1,1,1,0.0165293019512106
p2098,1,0.0166666666666667,,2,18,16,1,150,0,15,0.02631579,0.5,1,1,1,0.0165293019512106
p2099,3,0.05,25.8916666666667,3,62,55,2,350,0,38.6666666666667,0.0526315783333333,0.666666666666667,1,1,1,0.048790164169432
p21,1,0.0166666666666667,,2,10,9,2,184,0.08182816,8,0.02631579,1,0,0,0,0.0165293019512106
p210,2,0.0333333333333333,38.2833333333333,2,6,5,1,150,0,24,0.039473685,0.5,0,0,0,0.0327898228229909
p2100,1,0.0166666666666667,,2,11,9,2,31,0.14986792,8,0.02631579,1,0,0,0,0.0165293019512106
p2102,2,0.0333333333333333,16.2,4,50,26,3,158.333333333333,0,17.5,0.02631579,0.75,1,0,0,0.0327898228229909
p2103,3,0.05,21.95,4,108,51,3,475,0,35.3333333333333,0.0526315783333333,0.75,1,1,1,0.048790164169432
p2104,1,0.0166666666666667,,2,25,18,1,150,0,17,0.02631579,0.5,1,1,1,0.0165293019512106
p2105,1,0.0166666666666667,,2,8,7,1,150,0,7,0.02631579,0.5,1,1,1,0.0165293019512106
p2106,1,0.0166666666666667,,2,12,10,1,150,0,9,0.02631579,0.5,0,0,0,0.0165293019512106
p2108,1,0.0166666666666667,,1,1,1,1,150,1,9,0.02631579,1,1,1,0,0.0165293019512106
p2109,1,0.0166666666666667,,2,6,5,1,150,0,5,0.02631579,0.5,1,1,1,0.0165293019512106
p211,11,0.183333333333333,4.64333333333333,6,151.280000000001,53,6,8260.32948996292,0,41.3333333333333,0.129561403322221,0.916666666666667,1,1,0,0.168335314819215
p2110,4,0.0666666666666667,9.67777777777778,5,80,35,4,662.5,0,19,0.06578947375,0.8,1,1,1,0.0645385211375712
p2113,1,0.0166666666666667,,2,8,7,2,223.5,0.182137,7,0.02631579,1,1,1,1,0.0165293019512106
p2114,1,0.0166666666666667,,2,15,12,2,71,0.10203421,11,0.02631579,1,1,1,1,0.0165293019512106
p2116,0,0,,1,2,2,1,40,0.880102,,,1,1,1,1,0
p2117,2,0.0333333333333333,43.25,3,61,52,2,375,0,30.5,0.039473685,0.666666666666667,1,1,0,0.0327898228229909
p2119,1,0.0166666666666667,,2,8,7,2,307,0.38371098,7,0.02631579,1,0,0,0,0.0165293019512106
p212,1,0.0166666666666667,,2,17,13,2,113.5,0.19843696,12,0.02631579,1,0,0,0,0.0165293019512106
p2120,3,0.05,21.7083333333333,4,107,51,4,525,0,35,0.0526315783333333,1,1,1,1,0.048790164169432
p2121,1,0.0166666666666667,,2,22,18,2,172.5,0.086597265,17,0.02631579,1,1,0,0,0.0165293019512106
p2122,1,0.0166666666666667,,2,48,29,1,150,0,26,0.02631579,0.5,1,1,1,0.0165293019512106
p2123,1,0.0166666666666667,,2,38,24,1,150,0,21,0.02631579,0.5,0,0,0,0.0165293019512106
p2124,2,0.0333333333333333,49.1666666666667,2,10,9,1,150,0,33.5,0.039473685,0.5,1,1,1,0.0327898228229909
p2125,2,0.0333333333333333,19,3,48,31,3,212.333333333333,0.08411646,24.5,0.039473685,1,1,1,1,0.0327898228229909
p2126,1,0.0166666666666667,,2,12,9,1,150,0,9,0.02631579,0.5,1,1,0,0.0165293019512106
p2127,2,0.0333333333333333,40.4666666666667,2,8,6,2,375,0.5,26,0.039473685,1,1,1,1,0.0327898228229909
p2128,1,0.0166666666666667,,2,26,19,1,15,,17,0,0.5,1,1,1,0.0165293019512106
p2129,1,0.0166666666666667,,2,11,10,1,150,0,10,0.02631579,0.5,1,1,1,0.0165293019512106
p213,1,0.0166666666666667,,1,1,1,1,150,1,9,0.02631579,1,1,0,0,0.0165293019512106
p2130,1,0.0166666666666667,,2,12,11,1,150,0,11,0.02631579,0.5,1,1,1,0.0165293019512106
p2132,1,0.0166666666666667,,2,13,10,2,199,0.13876739,8,0.02631579,1,0,0,0,0.0165293019512106
p2133,1,0.0166666666666667,,2,12,11,2,178,0.09898477,10,0.02631579,1,1,1,1,0.0165293019512106
p2134,1,0.0166666666666667,,2,45,27,1,150,0,27,0.02631579,0.5,1,1,1,0.0165293019512106
p2135,1,0.0166666666666667,,2,13,12,1,150,0,9,0.02631579,0.5,1,0,0,0.0165293019512106
p2136,2,0.0333333333333333,5.05,3,22,14,3,231.333333333333,0.29774799,10.5,0.013157895,1,0,0,0,0.0327898228229909
p2137,0,0,,1,1,1,0,,,,,0,0,0,0,0
p2138,1,0.0166666666666667,,2,13,11,1,150,0,10,0.02631579,0.5,1,1,0,0.0165293019512106
p2139,2,0.0333333333333333,39.3666666666667,3,56,47,2,375,0,26.5,0.039473685,0.666666666666667,0,0,0,0.0327898228229909
p214,1,0.0166666666666667,,2,5,5,2,177,0.06895019,5,0.02631579,1,0,0,0,0.0165293019512106
p2140,1,0.0166666666666667,,2,31,30,1,150,0,29,0.02631579,0.5,0,0,0,0.0165293019512106
p2141,1,0.0166666666666667,,2,8,6,2,204.5,0.204339235,6,0.02631579,1,1,1,1,0.0165293019512106
p2142,1,0.0166666666666667,,2,13,12,1,60,0,9,0.02631579,0.5,1,1,1,0.0165293019512106
p2143,1,0.0166666666666667,,2,10,9,2,150,0.00141051215,8,0.02631579,1,0,0,0,0.0165293019512106
p2144,2,0.0333333333333333,46.75,3,61,54,3,450,0,30.5,0.039473685,1,1,1,1,0.0327898228229909
p2145,1,0.0166666666666667,,2,21,18,2,176.5,0.097652085,16,0.02631579,1,1,1,1,0.0165293019512106
p2146,1,0.0166666666666667,,2,7,6,1,150,0,5,0.02631579,0.5,0,0,0,0.0165293019512106
p2147,1,0.0166666666666667,,2,9,8,1,125,0,7,0.02631579,0.5,1,1,1,0.0165293019512106
p2148,2,0.0333333333333333,40.3166666666667,2,9,7,2,375,0.5,26,0.039473685,1,0,0,0,0.0327898228229909
p215,1,0.0166666666666667,,2,8,8,1,150,0,7,0.02631579,0.5,0,0,0,0.0165293019512106
p2150,2,0.0333333333333333,44.25,3,67,59,2,362.5,0,28.5,0.039473685,0.666666666666667,1,1,1,0.0327898228229909
p2151,1,0.0166666666666667,,2,5,5,2,169.5,0.17512852,5,0.02631579,1,1,1,1,0.0165293019512106
p2152,3,0.05,25.7416666666667,4,123,59,3,221.666666666667,0,40.3333333333333,0.0526315783333333,0.75,1,1,1,0.048790164169432
p2153,1,0.0166666666666667,,2,12,10,2,77.5,0.0329854975,9,0.02631579,1,0,0,0,0.0165293019512106
p2154,1,0.0166666666666667,,2,6,6,2,246.5,0.2806454,5,0.02631579,1,0,0,0,0.0165293019512106
p2155,1,0.0166666666666667,,2,14,12,1,150,0,11,0.02631579,0.5,1,1,1,0.0165293019512106
p2156,3,0.05,19.0166666666667,4,93,44,3,458.333333333333,0,30.3333333333333,0.0526315783333333,0.75,0,0,0,0.048790164169432
p2157,1,0.0166666666666667,,2,11,9,2,158.5,0.03256126,8,0.02631579,1,0,0,0,0.0165293019512106
p2158,0,0,,1,2,2,0,,,,,0,1,1,1,0
p2159,1,0.0166666666666667,,2,16,14,2,260.5,0.29119757,13,0.02631579,1,0,0,0,0.0165293019512106
p216,2,0.0333333333333333,43.0833333333333,3,57,47,3,342.333333333333,0.333333333333333,30.5,0.039473685,1,1,1,1,0.0327898228229909
p2160,1,0.0166666666666667,,2,11,10,2,180,0.059542435,10,0.02631579,1,0,0,0,0.0165293019512106
p2161,0,0,,1,0,0,0,,,,,0,1,1,1,0
p2163,1,0.0166666666666667,,2,5,4,2,245,0.2048264,4.9225,0.02631579,1,1,1,1,0.0165293019512106
p2164,1,0.0166666666666667,,1,2,2,1,150,1,11,0.02631579,1,0,0,0,0.0165293019512106
p2166,1,0.0166666666666667,,2,9,8,2,157.5,0.032712215,6,0.02631579,1,0,0,0,0.0165293019512106
p2167,0,0,,1,2,2,1,47,0.09485408,,,1,0,0,0,0
p2168,2,0.0333333333333333,9.73333333333333,2,14,12,2,90,0.5,17,0.013157895,1,0,0,0,0.0327898228229909
p2169,1,0.0166666666666667,,2,14,12,2,177,0.058541945,12,0.02631579,1,1,1,1,0.0165293019512106
p217,2,0.0333333333333333,50.0833333333333,2,8,7,2,362.5,0.5,32,0.039473685,1,1,1,1,0.0327898228229909
p2170,1,0.0166666666666667,,1,1,1,1,150,1,12,0.02631579,1,0,0,0,0.0165293019512106
p2171,1,0.0166666666666667,,1,1,1,1,150,1,6,0.02631579,1,0,0,0,0.0165293019512106
p2172,1,0.0166666666666667,,2,12,11,1,150,0,10,0.02631579,0.5,1,1,1,0.0165293019512106
p2173,2,0.0333333333333333,25.75,3,45,33,3,148.333333333333,0.0788733066666667,23,0.039473685,1,1,1,1,0.0327898228229909
p2174,1,0.0166666666666667,,2,12,10,1,150,0,9,0.02631579,0.5,0,0,0,0.0165293019512106
p2175,3,0.05,21.725,3,55,47,3,475,0.333333333333333,33.6666666666667,0.0526315783333333,1,0,0,0,0.048790164169432
p2176,0,0,,1,2,2,0,,,,,0,1,1,1,0
p2177,2,0.0333333333333333,12.8666666666667,3,51,30,2,157.5,0,22.5,0.02631579,0.666666666666667,0,0,0,0.0327898228229909
p2178,1,0.0166666666666667,,2,7,6,1,150,0,6,0.02631579,0.5,1,1,1,0.0165293019512106
p2179,1,0.0166666666666667,,2,13,11,1,150,0,11,0.02631579,0.5,1,1,1,0.0165293019512106
p218,1,0.0166666666666667,,1,2,2,1,150,1,10,0.02631579,1,1,1,0,0.0165293019512106
p2180,1,0.0166666666666667,,2,5,4,2,211,0.15854597,4.9225,0.02631579,1,0,0,0,0.0165293019512106
p2181,3,0.05,24.6,4,120,57,3,8260.32948996292,0,38.6666666666667,0.0526315783333333,0.75,1,1,1,0.048790164169432
p2183,1,0.0166666666666667,,2,8,7,2,292,0.375251085,7,0.02631579,1,1,1,0,0.0165293019512106
p2184,2,0.0333333333333333,51.05,3,66,57,2,375,0,31.5,0.039473685,0.666666666666667,0,0,0,0.0327898228229909
p2185,2,0.0333333333333333,35.5,2,9,7,2,330,0.5,25,0.039473685,1,1,0,0,0.0327898228229909
p2186,1,0.0166666666666667,,2,10,9,2,191,0.12724477,9,0.02631579,1,1,1,1,0.0165293019512106
p2187,2,0.0333333333333333,36.2666666666667,2,5,5,2,375,0.5,23,0.039473685,1,0,0,0,0.0327898228229909
p2188,1,0.0166666666666667,,2,14,11,1,150,0,10,0.02631579,0.5,0,0,0,0.0165293019512106
p2189,1,0.0166666666666667,,2,5,5,2,196,0.15661945,4.9225,0.02631579,1,1,1,1,0.0165293019512106
p219,1,0.0166666666666667,,2,9,8,2,176,0.08423301,8,0.02631579,1,1,1,1,0.0165293019512106
p2190,1,0.0166666666666667,,2,11,11,1,150,0,10,0.02631579,0.5,1,1,1,0.0165293019512106
p2192,2,0.0333333333333333,9.65,3,25,17,2,157.5,,11,0.02631579,0.666666666666667,0,0,0,0.0327898228229909
p2193,4,0.0666666666666667,14.3055555555556,5,118,50,4,371.25,0,29,0.03947368375,0.8,0,0,0,0.0645385211375712
p2194,3,0.05,24.9,4,117,56,3,475,0,38.6666666666667,0.0526315783333333,0.75,1,1,1,0.048790164169432
p2195,1,0.0166666666666667,,2,8,7,2,92,0.044206625,6,0.02631579,1,1,1,1,0.0165293019512106
p2196,0,0,,1,56,56,0,,,,,0,0,0,0,0
p2197,2,0.0333333333333333,48.8333333333333,3,70,59,2,375,0,33.5,0.039473685,0.666666666666667,1,1,0,0.0327898228229909
p2198,1,0.0166666666666667,,2,10,9,1,150,0,8,0.02631579,0.5,1,0,0,0.0165293019512106
p2199,3,0.05,24.3583333333333,4,114,55,3,475,0,37.6666666666667,0.0526315783333333,0.75,1,1,1,0.048790164169432
p22,3,0.05,16.3833333333333,4,80,38,3,365,0,26.3333333333333,0.0526315783333333,0.75,1,0,0,0.048790164169432
p220,1,0.0166666666666667,,2,11,11,1,150,0,11,0.02631579,0.5,1,1,1,0.0165293019512106
p2200,1,0.0166666666666667,,2,5,5,2,216,0.1347291,5,0.02631579,1,1,1,1,0.0165293019512106
p2201,1,0.0166666666666667,,2,20,17,1,60,0,9,0.02631579,0.5,1,0,0,0.0165293019512106
p2204,3,0.05,21.6666666666667,4,123,54,3,315,0,39,0.0526315783333333,0.75,1,1,1,0.048790164169432
p2205,3,0.05,20.95,4,111,51,3,475,0,36,0.0526315783333333,0.75,1,1,1,0.048790164169432
p2206,1,0.0166666666666667,,2,18,15,1,150,0,12,0.02631579,0.5,1,1,1,0.0165293019512106
p2207,1,0.0166666666666667,,2,14,12,2,119.5,0.04116832,11,0.02631579,1,1,1,1,0.0165293019512106
p2208,3,0.05,21.6916666666667,4,76,50,4,344.5,0.08635576,25.3333333333333,0.0526315783333333,1,1,1,1,0.048790164169432
p2209,1,0.0166666666666667,,2,15,14,1,150,0,14,0.02631579,0.5,1,1,0,0.0165293019512106
p221,1,0.0166666666666667,,2,23,21,1,150,0,21,0.02631579,0.5,0,0,0,0.0165293019512106
p2210,1,0.0166666666666667,,2,11,10,1,150,0,10,0.02631579,0.5,1,1,1,0.0165293019512106
p2211,5,0.0833333333333333,2.7375,6,68,17,6,8260.32948996292,0.166598983333333,12.4,0.078947369,1,0,0,0,0.0800427076735364
p2212,3,0.05,22.35,5,151.280000000001,54,4,452,0,34.3333333333333,0.0526315783333333,0.8,0,0,0,0.048790164169432
p2213,1,0.0166666666666667,,2,8,7,2,183.5,0.254202575,6,0.02631579,1,0,0,0,0.0165293019512106
p2214,1,0.0166666666666667,,2,11,10,1,150,0,9,0.02631579,0.5,1,1,1,0.0165293019512106
p2215,1,0.0166666666666667,,2,15,11,1,150,0,11,0.02631579,0.5,1,1,1,0.0165293019512106
p2216,3,0.05,22.75,4,107,52,3,465,0,35.3333333333333,0.0526315783333333,0.75,1,1,1,0.048790164169432
p2218,1,0.0166666666666667,,1,1,1,1,150,1,7,0.02631579,1,0,0,0,0.0165293019512106
p2219,2,0.0333333333333333,39.8,2,8,7,2,375,0.5,27,0.039473685,1,0,0,0,0.0327898228229909
p222,3,0.05,26.375,3,66,57,2,375,0,41,0.0526315783333333,0.666666666666667,0,0,0,0.048790164169432
p2220,1,0.0166666666666667,,2,12,11,1,150,0,11,0.02631579,0.5,1,1,1,0.0165293019512106
p2221,1,0.0166666666666667,,2,17,15,2,200,0.10344574,14,0.02631579,1,1,1,1,0.0165293019512106
p2222,1,0.0166666666666667,,1,1,1,1,150,1,5,0.02631579,1,0,0,0,0.0165293019512106
p2223,1,0.0166666666666667,,2,8,8,1,10,0,7,0.02631579,0.5,1,1,1,0.0165293019512106
p2224,0,0,,1,1,1,1,2,0.45733994,,,1,0,0,0,0
p2225,1,0.0166666666666667,,1,1,1,1,150,1,6,0.02631579,1,1,1,1,0.0165293019512106
p2226,1,0.0166666666666667,,2,11,10,2,187,0.10301937,9,0.02631579,1,1,1,1,0.0165293019512106
p2228,1,0.0166666666666667,,1,1,1,1,150,1,8,0.02631579,1,0,0,0,0.0165293019512106
p2229,3,0.05,19.9666666666667,3,53,45,3,431.666666666667,0.333333333333333,32,0.0526315783333333,1,0,0,0,0.048790164169432
p2230,1,0.0166666666666667,,2,13,12,2,203,0.16549441,10,0.02631579,1,1,1,1,0.0165293019512106
p2231,2,0.0333333333333333,10.8833333333333,3,45,27,2,90,0,20.5,0.013157895,0.666666666666667,0,0,0,0.0327898228229909
p2232,1,0.0166666666666667,,2,15,14,2,156,0,13,0.02631579,1,0,0,0,0.0165293019512106
p2233,1,0.0166666666666667,,2,9,7,2,186,0.22554603,6,0.02631579,1,0,0,0,0.0165293019512106
p2234,3,0.05,17.2083333333333,4,94,43,3,458.333333333333,0,30.3333333333333,0.0526315783333333,0.75,1,1,1,0.048790164169432
p2235,3,0.05,22.9083333333333,4,124,57,3,385,0,39,0.0526315783333333,0.75,1,1,1,0.048790164169432
p2236,1,0.0166666666666667,,2,8,8,1,150,0,7,0.02631579,0.5,0,0,0,0.0165293019512106
p2237,1,0.0166666666666667,,2,16,15,1,150,0,14,0.02631579,0.5,0,0,0,0.0165293019512106
p2238,1,0.0166666666666667,,2,15,14,2,150,0.0048463235,13,0.02631579,1,1,1,1,0.0165293019512106
p2239,2,0.0333333333333333,49.45,3,70,59,2,375,0,33.5,0.039473685,0.666666666666667,1,1,1,0.0327898228229909
p224,2,0.0333333333333333,49.5666666666667,3,67,57,2,375,0,32,0.039473685,0.666666666666667,1,1,1,0.0327898228229909
p2240,1,0.0166666666666667,,1,1,1,1,150,1,8,0.02631579,1,0,0,0,0.0165293019512106
p2242,3,0.05,18.925,4,95,45,3,435,0,30.3333333333333,0.0526315783333333,0.75,1,0,0,0.048790164169432
p2244,1,0.0166666666666667,,2,6,5,1,150,0,5,0.02631579,0.5,0,0,0,0.0165293019512106
p2245,3,0.05,21.3166666666667,4,96,47,3,475,0,31.6666666666667,0.0526315783333333,0.75,0,0,0,0.048790164169432
p2246,1,0.0166666666666667,,2,40,38,2,75,0,38,0.02631579,1,0,0,0,0.0165293019512106
p2247,1,0.0166666666666667,,1,1,1,1,150,1,7,0.02631579,1,0,0,0,0.0165293019512106
p2248,1,0.0166666666666667,,2,10,9,2,151.5,0.0177750385,8,0.02631579,1,1,1,1,0.0165293019512106
p2249,1,0.0166666666666667,,2,13,10,1,150,0,9,0.02631579,0.5,0,0,0,0.0165293019512106
p225,2,0.0333333333333333,8.98333333333333,3,34,21,3,89,0.0453556833333333,15.5,0.013157895,1,0,0,0,0.0327898228229909
p2250,3,0.05,24.7083333333333,4,117,56,3,475,0,38.6666666666667,0.0526315783333333,0.75,0,0,0,0.048790164169432
p2252,1,0.0166666666666667,,2,21,18,1,150,0,13,0.02631579,0.5,1,1,1,0.0165293019512106
p2253,3,0.05,15.9166666666667,4,57,37,4,344.5,0.050372905,18.3333333333333,0.0526315783333333,1,1,1,1,0.048790164169432
p2254,1,0.0166666666666667,,2,8,7,2,210,0.38643395,7,0.02631579,1,0,0,0,0.0165293019512106
p2255,1,0.0166666666666667,,1,1,1,1,150,1,7,0.02631579,1,0,0,0,0.0165293019512106
p2256,1,0.0166666666666667,,1,26,26,1,150,1,33,0.02631579,1,1,1,1,0.0165293019512106
p2257,1,0.0166666666666667,,2,13,11,2,112,0.03280337,11,0.02631579,1,0,0,0,0.0165293019512106
p2258,1,0.0166666666666667,,1,1,1,1,150,1,8,0.02631579,1,1,0,0,0.0165293019512106
p2259,1,0.0166666666666667,,2,8,8,1,150,0,7,0.02631579,0.5,1,1,1,0.0165293019512106
p226,2,0.0333333333333333,49.15,3,72,59,2,145,0,34,0.039473685,0.666666666666667,0,0,0,0.0327898228229909
p2260,1,0.0166666666666667,,2,13,10,1,150,0,10,0.02631579,0.5,1,1,0,0.0165293019512106
p2261,1,0.0166666666666667,,2,8,7,1,150,0,7,0.02631579,0.5,1,1,0,0.0165293019512106
p2262,1,0.0166666666666667,,2,12,10,2,169.5,0.039195555,10,0.02631579,1,0,0,0,0.0165293019512106
p2263,1,0.0166666666666667,,1,27,27,2,205,0.24241154,27,0.02631579,2,0,0,0,0.0165293019512106
p2264,3,0.05,17.325,4,88,41,3,460,0,28.6666666666667,0.0526315783333333,0.75,0,0,0,0.048790164169432
p2265,1,0.0166666666666667,,2,19,18,1,150,0,18,0.02631579,0.5,0,0,0,0.0165293019512106
p2266,2,0.0333333333333333,37.2666666666667,2,22,13,2,375,0.5,31.5,0.039473685,1,1,1,0,0.0327898228229909
p2267,1,0.0166666666666667,,2,3,3,2,1461.5,0.20317669,4.9225,0.129561403322221,1,0,0,0,0.0165293019512106
p2268,1,0.0166666666666667,,2,12,11,1,150,0,10,0.02631579,0.5,1,1,1,0.0165293019512106
p2269,2,0.0333333333333333,47.7166666666667,3,71,59,2,235,0,33.5,0.039473685,0.666666666666667,0,0,0,0.0327898228229909
p227,1,0.0166666666666667,,2,11,10,1,150,0,9,0.02631579,0.5,0,0,0,0.0165293019512106
p2270,1,0.0166666666666667,,2,39,26,1,35,0,23,0.02631579,0.5,1,1,0,0.0165293019512106
p2271,3,0.05,26.075,4,125,59,3,391.666666666667,0,40.3333333333333,0.0526315783333333,0.75,1,1,1,0.048790164169432
p2272,1,0.0166666666666667,,2,8,7,2,150,0,6,0.02631579,1,1,1,1,0.0165293019512106
p2273,1,0.0166666666666667,,2,9,8,1,10,0,6,0.02631579,0.5,0,0,0,0.0165293019512106
p2274,3,0.05,25.2083333333333,4,123,58,3,475,0,40,0.0526315783333333,0.75,0,0,0,0.048790164169432
p2275,1,0.0166666666666667,,2,17,16,1,150,0,15,0.02631579,0.5,0,0,0,0.0165293019512106
p2276,2,0.0333333333333333,7.05,3,35,20,2,90,0,15.5,0.013157895,0.666666666666667,0,0,0,0.0327898228229909
p2277,1,0.0166666666666667,,2,8,8,1,150,0,6,0.02631579,0.5,0,0,0,0.0165293019512106
p2278,1,0.0166666666666667,,2,9,9,2,152,0.005885934,8,0.02631579,1,0,0,0,0.0165293019512106
p2279,1,0.0166666666666667,,2,9,8,1,150,0,8,0.02631579,0.5,0,0,0,0.0165293019512106
p228,1,0.0166666666666667,,2,1,1,1,150,1,6,0.02631579,0.5,1,0,0,0.0165293019512106
p2280,1,0.0166666666666667,,2,8,7,2,278.5,0.3648515,7,0.02631579,1,0,0,0,0.0165293019512106
p2281,1,0.0166666666666667,,2,55,31,2,119.5,0.052135175,29,0.02631579,1,0,0,0,0.0165293019512106
p2282,1,0.0166666666666667,,2,19,17,1,150,0,10,0.02631579,0.5,1,1,1,0.0165293019512106
p2283,1,0.0166666666666667,,2,11,11,1,150,0,10,0.02631579,0.5,1,1,1,0.0165293019512106
p2284,3,0.05,23.1333333333333,3,22,14,3,310,0.5,24,0.03508772,1,1,1,1,0.048790164169432
p2285,1,0.0166666666666667,,2,7,6,2,254.5,0.20850751,6,0.02631579,1,0,0,0,0.0165293019512106
p2286,1,0.0166666666666667,,2,9,8,2,150,0.00602614275,6,0.02631579,1,1,1,1,0.0165293019512106
p2287,1,0.0166666666666667,,2,8,7,1,150,0,7,0.02631579,0.5,1,1,1,0.0165293019512106
p2289,4,0.0666666666666667,15.25,4,41,19,4,262.5,0.5,22.25,0.0328947375,1,1,1,1,0.0645385211375712
p229,1,0.0166666666666667,,2,10,9,1,135,0,7,0.02631579,0.5,1,1,1,0.0165293019512106
p2290,1,0.0166666666666667,,1,1,1,1,60,1,8,0.02631579,1,0,0,0,0.0165293019512106
p2291,1,0.0166666666666667,,2,11,9,2,215.5,0.2508066,8,0.02631579,1,0,0,0,0.0165293019512106
p2292,1,0.0166666666666667,,2,11,9,1,150,0,8,0.02631579,0.5,1,1,1,0.0165293019512106
p2293,1,0.0166666666666667,,2,12,7,2,83.5,0.3412769,6,0.02631579,1,1,1,1,0.0165293019512106
p2294,2,0.0333333333333333,48.1166666666667,3,62,55,2,375,0,29.5,0.039473685,0.666666666666667,0,0,0,0.0327898228229909
p2295,1,0.0166666666666667,,2,6,6,2,115,0.20179546,6,0.02631579,1,1,1,1,0.0165293019512106
p2296,1,0.0166666666666667,,2,11,10,1,150,0,10,0.02631579,0.5,0,0,0,0.0165293019512106
p2298,1,0.0166666666666667,,1,3,3,1,150,1,8,0.02631579,1,1,1,1,0.0165293019512106
p2299,3,0.05,21.6833333333333,4,110,52,3,415,0,35.6666666666667,0.0526315783333333,0.75,1,1,1,0.048790164169432
p23,3,0.05,15.5833333333333,4,78,38,3,475,0,25,0.0526315783333333,0.75,0,0,0,0.048790164169432
p230,1,0.0166666666666667,,2,11,10,3,115.333333333333,0.0334862266666667,9,0.02631579,1.5,0,0,0,0.0165293019512106
p2300,1,0.0166666666666667,,2,18,12,1,150,0,11,0.02631579,0.5,1,1,0,0.0165293019512106
p2301,1,0.0166666666666667,,1,1,1,1,150,1,7,0.02631579,1,0,0,0,0.0165293019512106
p2302,1,0.0166666666666667,,2,15,14,2,208.5,0.2000572,12,0.02631579,1,0,0,0,0.0165293019512106
p2303,1,0.0166666666666667,,2,16,13,2,171,0.06965435,12,0.02631579,1,1,1,1,0.0165293019512106
p2304,1,0.0166666666666667,,2,12,9,2,150,0,8,0.02631579,1,0,0,0,0.0165293019512106
p2305,1,0.0166666666666667,,2,8,8,1,150,0,8,0.02631579,0.5,0,0,0,0.0165293019512106
p2306,4,0.0666666666666667,5.35555555555556,5,20,11,6,8260.32948996292,0.0544845066666667,4.9225,0.06578947375,1.2,0,0,0,0.0645385211375712
p2307,1,0.0166666666666667,,2,9,8,2,185.5,0.16768985,7,0.02631579,1,0,0,0,0.0165293019512106
p2308,1,0.0166666666666667,,2,13,10,1,150,0,9,0.02631579,0.5,1,1,1,0.0165293019512106
p2309,1,0.0166666666666667,,2,12,11,2,175.5,0.0594758725,6,0.02631579,1,1,1,1,0.0165293019512106
p231,1,0.0166666666666667,,1,1,1,1,150,1,6,0.02631579,1,0,0,0,0.0165293019512106
p2311,1,0.0166666666666667,,1,1,1,1,150,1,4.9225,0.02631579,1,0,0,0,0.0165293019512106
p2312,1,0.0166666666666667,,2,24,18,1,150,0,18,0.02631579,0.5,0,0,0,0.0165293019512106
p2313,3,0.05,21.975,3,29,22,4,235.75,0.337731205,26.6666666666667,0.0526315783333333,1.33333333333333,1,1,1,0.048790164169432
p2314,3,0.05,22.2916666666667,4,108,52,3,415,0,35.3333333333333,0.0526315783333333,0.75,1,1,0,0.048790164169432
p2315,2,0.0333333333333333,38.2166666666667,2,9,7,2,375,0.5,26,0.039473685,1,1,1,1,0.0327898228229909
p2316,1,0.0166666666666667,,2,8,7,1,150,0,7,0.02631579,0.5,0,0,0,0.0165293019512106
p2317,1,0.0166666666666667,,2,10,9,1,150,0,7,0.02631579,0.5,1,1,1,0.0165293019512106
p2318,0,0,,1,0,0,0,,,,,0,0,0,0,0
p2319,1,0.0166666666666667,,2,7,6,2,188.5,0.10273525,6,0.02631579,1,0,0,0,0.0165293019512106
p2320,0,0,,1,49,49,0,,,,,0,0,0,0,0
p2321,1,0.0166666666666667,,2,14,11,1,60,0,9,0.02631579,0.5,1,1,1,0.0165293019512106
p2322,3,0.05,21.9083333333333,4,83,42,2,637.5,0,28.6666666666667,0.0526315783333333,0.5,1,0,0,0.048790164169432
p2323,2,0.0333333333333333,38.4666666666667,3,58,46,4,356.75,0.25423836,29,0.039473685,1.33333333333333,0,0,0,0.0327898228229909
p2324,1,0.0166666666666667,,2,17,12,1,60,0,11,0.02631579,0.5,1,1,1,0.0165293019512106
p2325,1,0.0166666666666667,,1,1,1,1,150,1,13,0.02631579,1,0,0,0,0.0165293019512106
p2326,1,0.0166666666666667,,2,51,49,1,150,0,14,0.02631579,0.5,1,1,1,0.0165293019512106
p2327,2,0.0333333333333333,44.25,2,9,8,2,330,0.5,30,0.039473685,1,0,0,0,0.0327898228229909
p2328,3,0.05,20.175,4,102,48,4,442.5,0,33,0.0526315783333333,1,1,1,1,0.048790164169432
p2329,2,0.0333333333333333,48.6,3,72,59,2,292.5,0,34,0.039473685,0.666666666666667,0,0,0,0.0327898228229909
p233,1,0.0166666666666667,,2,11,10,1,150,0,8,0.02631579,0.5,0,0,0,0.0165293019512106
p2330,3,0.05,21.3583333333333,4,107,50,3,475,0,35,0.0526315783333333,0.75,1,1,1,0.048790164169432
p2331,2,0.0333333333333333,5.8,3,23,14,2,90,0,10,0.013157895,0.666666666666667,1,1,0,0.0327898228229909
p2332,1,0.0166666666666667,,2,14,13,1,150,0,12,0.02631579,0.5,0,0,0,0.0165293019512106
p2333,2,0.0333333333333333,49.5166666666667,2,11,10,1,150,0,34,0.039473685,0.5,1,1,1,0.0327898228229909
p2334,2,0.0333333333333333,49.8666666666667,2,8,7,2,375,0.5,31,0.039473685,1,1,1,1,0.0327898228229909
p2335,1,0.0166666666666667,,2,10,9,2,151,0.016516473,9,0.02631579,1,1,0,0,0.0165293019512106
p2336,1,0.0166666666666667,,2,7,7,2,246,0.206749705,7,0.02631579,1,0,0,0,0.0165293019512106
p2337,1,0.0166666666666667,,2,8,8,1,150,0,7,0.02631579,0.5,1,0,0,0.0165293019512106
p2338,1,0.0166666666666667,,2,9,8,2,240.5,0.28012635,7,0.02631579,1,1,1,1,0.0165293019512106
p2339,3,0.05,16.7583333333333,4,87,40,3,441.666666666667,0,28,0.0526315783333333,0.75,0,0,0,0.048790164169432
p234,1,0.0166666666666667,,2,11,10,1,150,0,9,0.02631579,0.5,1,1,1,0.0165293019512106
p2340,1,0.0166666666666667,,2,28,27,1,100,0,12,0.02631579,0.5,0,0,0,0.0165293019512106
p2341,1,0.0166666666666667,,2,17,14,1,150,0,14,0.02631579,0.5,0,0,0,0.0165293019512106
p2342,1,0.0166666666666667,,1,1,1,1,150,1,12,0.02631579,1,0,0,0,0.0165293019512106
p2343,1,0.0166666666666667,,2,11,10,1,150,0,10,0.02631579,0.5,0,0,0,0.0165293019512106
p2344,0,0,,1,1,1,1,0,0.17760567,,,1,0,0,0,0
p2345,1,0.0166666666666667,,2,10,9,1,125,0,7,0.02631579,0.5,0,0,0,0.0165293019512106
p2346,1,0.0166666666666667,,2,23,21,1,150,0,19,0.02631579,0.5,1,0,0,0.0165293019512106
p2347,3,0.05,21.1333333333333,3,55,46,3,475,0.333333333333333,33,0.0526315783333333,1,1,1,1,0.048790164169432
p2348,1,0.0166666666666667,,2,16,14,2,75,0.00343275465,13,0.02631579,1,1,1,1,0.0165293019512106
p235,1,0.0166666666666667,,2,10,10,2,140.5,0.05808811,9,0.02631579,1,0,0,0,0.0165293019512106
p2350,1,0.0166666666666667,,2,11,10,2,139.5,0.2610904,10,0.02631579,1,1,1,1,0.0165293019512106
p2351,3,0.05,22.3833333333333,4,106,51,3,408.333333333333,0,34,0.0526315783333333,0.75,0,0,0,0.048790164169432
p2352,1,0.0166666666666667,,2,22,20,1,150,0,19,0.02631579,0.5,1,1,1,0.0165293019512106
p2353,1,0.0166666666666667,,2,17,15,1,150,0,7,0.02631579,0.5,1,1,1,0.0165293019512106
p2354,1,0.0166666666666667,,1,1,1,1,150,1,7,0.02631579,1,1,1,0,0.0165293019512106
p2355,0,0,,1,1,1,1,5,0.17090178,,,1,1,1,1,0
p2356,1,0.0166666666666667,,1,1,1,1,150,1,7,0.02631579,1,1,1,1,0.0165293019512106
p2357,2,0.0333333333333333,40.9833333333333,2,7,6,2,375,0.5,25.5,0.039473685,1,0,0,0,0.0327898228229909
p2358,3,0.05,18.3166666666667,4,90,42,3,475,0,29,0.0526315783333333,0.75,1,0,0,0.048790164169432
p2359,1,0.0166666666666667,,2,6,5,2,303.5,0.41517967,4.9225,0.02631579,1,0,0,0,0.0165293019512106
p2360,3,0.05,23.95,4,117,56,3,400,0,38,0.0526315783333333,0.75,1,0,0,0.048790164169432
p2361,2,0.0333333333333333,7.53333333333333,2,65,37,2,90,0.5,40,0.013157895,1,1,0,0,0.0327898228229909
p2362,1,0.0166666666666667,,2,16,14,1,150,0,14,0.02631579,0.5,0,0,0,0.0165293019512106
p2363,3,0.05,17.8916666666667,4,86,41,3,475,0,28.3333333333333,0.0526315783333333,0.75,1,0,0,0.048790164169432
p2365,3,0.05,19.6166666666667,4,100,47,3,441.666666666667,0,31.6666666666667,0.0526315783333333,0.75,1,1,1,0.048790164169432
p2366,1,0.0166666666666667,,2,21,13,1,150,0,13,0.02631579,0.5,1,1,1,0.0165293019512106
p2367,1,0.0166666666666667,,2,5,5,2,131,0.099681675,4.9225,0.02631579,1,0,0,0,0.0165293019512106
p2368,1,0.0166666666666667,,2,8,7,2,130.5,0.04537886,7,0.02631579,1,1,1,1,0.0165293019512106
p2369,1,0.0166666666666667,,2,10,9,1,150,0,8,0.02631579,0.5,0,0,0,0.0165293019512106
p237,3,0.05,19.6583333333333,4,97,46,3,475,0,32,0.0526315783333333,0.75,1,1,1,0.048790164169432
p2370,1,0.0166666666666667,,2,14,13,1,150,0,11,0.02631579,0.5,0,0,0,0.0165293019512106
p2371,0,0,,1,1,1,1,26,0.679949,,,1,0,0,0,0
p2372,1,0.0166666666666667,,2,8,7,2,146,0.29505645,6,0.02631579,1,1,1,1,0.0165293019512106
p2374,1,0.0166666666666667,,1,5,5,1,150,1,10,0.02631579,1,1,1,1,0.0165293019512106
p2376,1,0.0166666666666667,,2,50,29,1,60,0,27,0.02631579,0.5,1,1,1,0.0165293019512106
p2377,1,0.0166666666666667,,2,9,8,2,166,0.062004067,8,0.02631579,1,1,1,1,0.0165293019512106
p2378,3,0.05,22.8,4,129,57,3,290,0,40.3333333333333,0.0526315783333333,0.75,1,1,1,0.048790164169432
p2379,1,0.0166666666666667,,2,8,7,2,183.5,0.15961265,6,0.02631579,1,1,1,1,0.0165293019512106
p238,0,0,,1,0,0,1,30,0.71921974,,,1,0,0,0,0
p2380,1,0.0166666666666667,,2,18,13,1,150,0,13,0.02631579,0.5,1,1,0,0.0165293019512106
p2381,1,0.0166666666666667,,2,10,10,1,150,0,9,0.02631579,0.5,0,0,0,0.0165293019512106
p2382,1,0.0166666666666667,,2,12,11,2,129.5,0.2073496,10,0.02631579,1,0,0,0,0.0165293019512106
p2383,1,0.0166666666666667,,2,1,1,1,150,1,8,0.02631579,0.5,1,1,1,0.0165293019512106
p2384,1,0.0166666666666667,,2,8,8,1,60,0,7,0.02631579,0.5,0,0,0,0.0165293019512106
p2385,1,0.0166666666666667,,2,8,8,2,181.5,0.14552717,7,0.02631579,1,1,1,1,0.0165293019512106
p2386,3,0.05,24.375,4,116,55,3,475,0,37.6666666666667,0.0526315783333333,0.75,1,0,0,0.048790164169432
p2387,1,0.0166666666666667,,2,24,19,1,150,0,17,0.02631579,0.5,1,1,1,0.0165293019512106
p2388,1,0.0166666666666667,,2,15,13,1,60,0,12,0.02631579,0.5,1,1,1,0.0165293019512106
p2389,3,0.05,20.1,4,98,46,3,475,0,31.6666666666667,0.0526315783333333,0.75,1,1,1,0.048790164169432
p239,1,0.0166666666666667,,1,2,2,1,150,1,9,0.02631579,1,1,1,1,0.0165293019512106
p2390,1,0.0166666666666667,,2,12,10,3,153.333333333333,0.20492641,9,0.02631579,1.5,1,0,0,0.0165293019512106
p2392,3,0.05,15.4,4,74,35,3,475,0,24,0.0526315783333333,0.75,0,0,0,0.048790164169432
p2393,1,0.0166666666666667,,2,8,7,2,214,0.17018467,6,0.02631579,1,1,1,1,0.0165293019512106
p2394,3,0.05,20.275,5,151.280000000001,52,4,312,0,35,0.0526315783333333,0.8,1,1,1,0.048790164169432
p2395,1,0.0166666666666667,,2,10,9,2,207.5,0.259819715,8,0.02631579,1,1,1,1,0.0165293019512106
p2396,2,0.0333333333333333,33.75,3,46,38,3,289.666666666667,0.137644786666667,24,0.039473685,1,0,0,0,0.0327898228229909
p2397,1,0.0166666666666667,,2,27,26,1,15,,26,0,0.5,0,0,0,0.0165293019512106
p24,3,0.05,22.1333333333333,3,59,50,3,475,0.333333333333333,35.6666666666667,0.0526315783333333,1,1,1,0,0.048790164169432
p240,1,0.0166666666666667,,1,2,2,1,150,1,8,0.02631579,1,0,0,0,0.0165293019512106
p2400,1,0.0166666666666667,,2,10,9,2,257.5,0.24660684,8,0.02631579,1,1,1,1,0.0165293019512106
p2401,2,0.0333333333333333,42.5833333333333,2,7,7,2,285,0.5,27.5,0.039473685,1,1,1,1,0.0327898228229909
p2402,1,0.0166666666666667,,2,15,13,2,161.5,0.10902307,12,0.02631579,1,1,1,1,0.0165293019512106
p2403,1,0.0166666666666667,,2,10,9,1,150,0,8,0.02631579,0.5,0,0,0,0.0165293019512106
p2404,3,0.05,26.55,4,124,59,3,245,0,40.3333333333333,0.0526315783333333,0.75,0,0,0,0.048790164169432
p2405,1,0.0166666666666667,,2,12,11,2,239.5,0.40365547,10,0.02631579,1,1,1,1,0.0165293019512106
p2406,1,0.0166666666666667,,1,1,1,1,150,1,13,0.02631579,1,1,1,1,0.0165293019512106
p2407,1,0.0166666666666667,,2,15,11,2,150,0,10,0.02631579,1,0,0,0,0.0165293019512106
p2408,1,0.0166666666666667,,2,14,11,1,15,,10,0,0.5,1,1,1,0.0165293019512106
p2409,3,0.05,23.7,4,120,57,3,415,0,39,0.0526315783333333,0.75,0,0,0,0.048790164169432
p241,10,0.166666666666667,2.82037037037037,6,90,27,6,258.0002144,0.1,10,0.129561403322221,1,0,0,0,0.154150679827258
p2410,1,0.0166666666666667,,2,22,21,1,150,0,21,0.02631579,0.5,0,0,0,0.0165293019512106
p2411,2,0.0333333333333333,48.0333333333333,3,71,59,2,285,0,35,0.039473685,0.666666666666667,0,0,0,0.0327898228229909
p2412,1,0.0166666666666667,,2,7,6,1,150,0,6,0.02631579,0.5,0,0,0,0.0165293019512106
p2413,1,0.0166666666666667,,2,14,12,2,216,0.160140065,12,0.02631579,1,1,1,1,0.0165293019512106
p2414,1,0.0166666666666667,,2,63,41,2,151,0.00772387675,40,0.02631579,1,0,0,0,0.0165293019512106
p2415,1,0.0166666666666667,,1,2,2,1,150,1,7,0.02631579,1,0,0,0,0.0165293019512106
p2416,2,0.0333333333333333,50.6166666666667,4,88,59,3,304,0,33.5,0.039473685,0.75,0,0,0,0.0327898228229909
p2417,1,0.0166666666666667,,2,20,14,2,231.5,0.337720215,14,0.02631579,1,1,1,1,0.0165293019512106
p2418,3,0.05,23.6166666666667,3,60,52,3,475,0.333333333333333,37,0.0526315783333333,1,1,1,1,0.048790164169432
p2419,1,0.0166666666666667,,2,25,23,1,150,0,14,0.02631579,0.5,1,1,0,0.0165293019512106
p242,1,0.0166666666666667,,1,18,18,1,150,1,26,0.02631579,1,0,0,0,0.0165293019512106
p2420,1,0.0166666666666667,,2,29,18,1,150,0,18,0.02631579,0.5,1,1,0,0.0165293019512106
p2421,1,0.0166666666666667,,2,9,8,1,150,0,7,0.02631579,0.5,0,0,0,0.0165293019512106
p2422,2,0.0333333333333333,49.6833333333333,2,11,9,1,150,0,33,0.039473685,0.5,1,1,1,0.0327898228229909
p2423,2,0.0333333333333333,13.4666666666667,3,25,18,4,312.5,0.2538782125,13,0.039473685,1.33333333333333,1,1,1,0.0327898228229909
p2424,3,0.05,20.3083333333333,3,51,44,3,415,0.333333333333333,31.6666666666667,0.0526315783333333,1,1,1,1,0.048790164169432
p2425,1,0.0166666666666667,,2,10,9,2,170,0.13807963,8,0.02631579,1,1,1,1,0.0165293019512106
p2426,1,0.0166666666666667,,2,16,16,1,150,0,16,0.02631579,0.5,1,1,1,0.0165293019512106
p2427,2,0.0333333333333333,51.4333333333333,2,8,7,1,150,0,32.5,0.039473685,0.5,1,1,1,0.0327898228229909
p2428,1,0.0166666666666667,,2,15,12,1,150,0,12,0.02631579,0.5,1,1,0,0.0165293019512106
p2429,1,0.0166666666666667,,2,7,7,1,150,0,6,0.02631579,0.5,1,1,1,0.0165293019512106
p243,3,0.05,19.35,3,50,42,3,365,0.333333333333333,30.6666666666667,0.0526315783333333,1,0,0,0,0.048790164169432
p2430,1,0.0166666666666667,,1,2,2,1,150,1,6,0.02631579,1,0,0,0,0.0165293019512106
p2431,1,0.0166666666666667,,2,26,16,1,150,0,16,0.02631579,0.5,1,1,1,0.0165293019512106
p2432,1,0.0166666666666667,,2,6,6,2,175.5,0.0538223275,5,0.02631579,1,0,0,0,0.0165293019512106
p2433,0,0,,1,0,0,1,30,0.7033048,,,1,0,0,0,0
p2434,3,0.05,22.4,3,62,52,2,375,0,38,0.0526315783333333,0.666666666666667,1,0,0,0.048790164169432
p2435,2,0.0333333333333333,47.8833333333333,3,67,57,2,375,0,31,0.039473685,0.666666666666667,1,1,1,0.0327898228229909
p2436,1,0.0166666666666667,,2,10,9,1,150,0,8,0.02631579,0.5,1,0,0,0.0165293019512106
p2437,1,0.0166666666666667,,2,16,15,1,150,0,15,0.02631579,0.5,0,0,0,0.0165293019512106
p2438,1,0.0166666666666667,,2,6,5,1,150,0,5,0.02631579,0.5,1,1,1,0.0165293019512106
p2439,1,0.0166666666666667,,2,13,12,2,152,0.005634973,12,0.02631579,1,0,0,0,0.0165293019512106
p244,0,0,,1,1,1,1,11,0.28662345,,,1,1,1,1,0
p2440,1,0.0166666666666667,,2,16,14,1,150,0,13,0.02631579,0.5,1,1,1,0.0165293019512106
p2441,2,0.0333333333333333,38.8666666666667,2,9,7,2,375,0.5,26.5,0.039473685,1,1,1,1,0.0327898228229909
p2442,0,0,,1,2,2,1,30,0.8550034,,,1,1,0,0,0
p2443,2,0.0333333333333333,49.6,2,8,7,2,375,0.5,32,0.039473685,1,1,1,1,0.0327898228229909
p2444,2,0.0333333333333333,37.9666666666667,2,8,7,2,350,0.5,25,0.039473685,1,1,0,0,0.0327898228229909
p2445,1,0.0166666666666667,,2,17,16,1,150,0,15,0.02631579,0.5,1,1,1,0.0165293019512106
p2446,1,0.0166666666666667,,2,10,9,1,0,0,7,0.02631579,0.5,1,1,0,0.0165293019512106
p2447,1,0.0166666666666667,,2,14,12,1,150,0,9,0.02631579,0.5,0,0,0,0.0165293019512106
p2448,1,0.0166666666666667,,1,1,1,1,150,1,11,0.02631579,1,0,0,0,0.0165293019512106
p2449,1,0.0166666666666667,,1,2,2,1,150,1,8,0.02631579,1,1,1,0,0.0165293019512106
p245,0,0,,1,1,1,1,1,0.16264684,,,1,0,0,0,0
p2450,1,0.0166666666666667,,2,10,9,1,60,0,8,0.02631579,0.5,1,1,1,0.0165293019512106
p2451,1,0.0166666666666667,,2,6,5,1,150,0,4.9225,0.02631579,0.5,1,1,1,0.0165293019512106
p2452,1,0.0166666666666667,,1,1,1,1,150,1,9,0.02631579,1,0,0,0,0.0165293019512106
p2453,1,0.0166666666666667,,2,6,6,2,300.5,0.39785015,6,0.02631579,1,0,0,0,0.0165293019512106
p2454,3,0.05,20.3333333333333,3,50,43,3,441.666666666667,0.333333333333333,31,0.0526315783333333,1,1,1,1,0.048790164169432
p2455,3,0.05,21.2916666666667,4,112,51,3,475,0,36,0.0526315783333333,0.75,1,1,1,0.048790164169432
p2456,3,0.05,20.2583333333333,4,98,47,4,525,0.00446967925,31.6666666666667,0.0526315783333333,1,1,1,0,0.048790164169432
p2458,1,0.0166666666666667,,2,8,7,2,210.5,0.125945165,7,0.02631579,1,1,1,1,0.0165293019512106
p2459,2,0.0333333333333333,46.8,2,13,11,1,150,0,34.5,0.039473685,0.5,0,0,0,0.0327898228229909
p246,1,0.0166666666666667,,2,15,14,2,209.5,0.13875291,14,0.02631579,1,0,0,0,0.0165293019512106
p2460,2,0.0333333333333333,39.9333333333333,2,11,10,2,375,0.5,29,0.039473685,1,1,1,0,0.0327898228229909
p2461,1,0.0166666666666667,,2,8,7,2,236,0.33090168,6,0.02631579,1,1,1,1,0.0165293019512106
p2463,1,0.0166666666666667,,2,9,8,2,180,0.09136192,7,0.02631579,1,0,0,0,0.0165293019512106
p2464,3,0.05,25.4083333333333,3,67,57,2,292.5,0,41,0.0526315783333333,0.666666666666667,1,1,1,0.048790164169432
p2465,1,0.0166666666666667,,2,16,13,2,156,0.008467299,13,0.02631579,1,0,0,0,0.0165293019512106
p2466,1,0.0166666666666667,,2,9,8,1,150,0,8,0.02631579,0.5,1,0,0,0.0165293019512106
p2467,1,0.0166666666666667,,1,1,1,1,1235.0004,1,6,0.129561403322221,1,1,1,1,0.0165293019512106
p2468,1,0.0166666666666667,,2,8,8,2,158.5,0.0192591285,7,0.02631579,1,0,0,0,0.0165293019512106
p2469,2,0.0333333333333333,11.7333333333333,3,51,25,3,191,0.0687963366666667,22,0.039473685,1,0,0,0,0.0327898228229909
p247,1,0.0166666666666667,,2,8,7,1,150,0,7,0.02631579,0.5,1,1,1,0.0165293019512106
p2470,1,0.0166666666666667,,1,1,1,1,150,1,9,0.02631579,1,1,1,1,0.0165293019512106
p2472,1,0.0166666666666667,,1,1,1,0,,,9,0.02631579,0,0,0,0,0.0165293019512106
p2473,2,0.0333333333333333,48.6166666666667,3,65,56,2,375,0,31.5,0.039473685,0.666666666666667,1,1,0,0.0327898228229909
p2474,3,0.05,26.0333333333333,4,120,58,3,268.333333333333,0,38.3333333333333,0.0526315783333333,0.75,0,0,0,0.048790164169432
p2475,46,0.766666666666667,1.22777777777778,6,151.280000000001,59,6,8260.32948996292,0.0263157894736842,29.5434782608696,0.129561403322221,0.956521739130435,1,1,1,0.569094531889967
p2476,1,0.0166666666666667,,2,10,10,1,150,0,8,0.02631579,0.5,1,1,1,0.0165293019512106
p2477,1,0.0166666666666667,,2,13,11,1,150,0,11,0.02631579,0.5,0,0,0,0.0165293019512106
p2478,2,0.0333333333333333,41.9166666666667,2,8,7,2,285,0.5,27,0.039473685,1,0,0,0,0.0327898228229909
p2479,0,0,,1,1,1,1,31,0.6065567,,,1,0,0,0,0
p248,0,0,,1,2,2,1,0,0.012801165,,,1,0,0,0,0
p2480,1,0.0166666666666667,,2,8,8,2,108,0.0052063085,8,0.02631579,1,1,1,1,0.0165293019512106
p2481,0,0,,1,3,3,0,,,,,0,1,1,0,0
p2482,1,0.0166666666666667,,2,7,7,2,150,0.00059268445,6,0.02631579,1,1,1,1,0.0165293019512106
p2484,1,0.0166666666666667,,2,13,12,2,212.5,0.39611635,10,0.02631579,1,1,1,1,0.0165293019512106
p2485,1,0.0166666666666667,,2,17,16,2,272,0.3411503,15,0.02631579,1,0,0,0,0.0165293019512106
p2486,2,0.0333333333333333,46.7833333333333,2,12,9,2,375,0.5,32,0.039473685,1,0,0,0,0.0327898228229909
p2487,1,0.0166666666666667,,2,7,6,2,163.5,0.20989418,6,0.02631579,1,1,1,1,0.0165293019512106
p2488,3,0.05,25.975,3,65,57,2,375,0,40.6666666666667,0.0526315783333333,0.666666666666667,0,0,0,0.048790164169432
p2489,2,0.0333333333333333,48.9666666666667,2,15,13,1,10,0,35,0.039473685,0.5,0,0,0,0.0327898228229909
p249,1,0.0166666666666667,,2,13,10,1,35,0,9,0.02631579,0.5,0,0,0,0.0165293019512106
p2491,3,0.05,20.75,4,117,52,3,475,0,36.6666666666667,0.0526315783333333,0.75,1,1,0,0.048790164169432
p2492,5,0.0833333333333333,3.57083333333333,6,83,21,6,8260.32948996292,0.00145783144,16,0.068421052,1,0,0,0,0.0800427076735364
p2493,2,0.0333333333333333,41.7,2,7,6,2,375,0.5,26.5,0.039473685,1,1,0,0,0.0327898228229909
p2494,0,0,,1,1,1,1,21,0.57958966,,,1,0,0,0,0
p2495,1,0.0166666666666667,,2,11,10,1,150,0,8,0.02631579,0.5,0,0,0,0.0165293019512106
p2496,1,0.0166666666666667,,2,24,21,1,150,0,20,0.02631579,0.5,1,0,0,0.0165293019512106
p2497,1,0.0166666666666667,,2,11,9,2,249,0.310677825,8,0.02631579,1,1,1,1,0.0165293019512106
p2498,1,0.0166666666666667,,2,17,15,1,150,0,13,0.02631579,0.5,1,1,1,0.0165293019512106
p2499,0,0,,1,54,54,0,,,,,0,0,0,0,0
p25,1,0.0166666666666667,,2,4,4,2,255.5,0.29290425,4.9225,0.02631579,1,0,0,0,0.0165293019512106
p250,3,0.05,19.6416666666667,4,100,47,3,400,0,31.3333333333333,0.0526315783333333,0.75,1,1,1,0.048790164169432
p2500,1,0.0166666666666667,,2,9,8,2,237,0.27083175,8,0.02631579,1,1,1,1,0.0165293019512106
p2501,1,0.0166666666666667,,2,9,8,2,205,0.176495375,8,0.02631579,1,0,0,0,0.0165293019512106
p2502,1,0.0166666666666667,,1,5,5,1,150,1,11,0.02631579,1,1,1,1,0.0165293019512106
p2503,2,0.0333333333333333,39.95,2,7,6,2,375,0.5,26,0.039473685,1,1,1,0,0.0327898228229909
p2504,1,0.0166666666666667,,2,13,11,1,150,0,11,0.02631579,0.5,0,0,0,0.0165293019512106
p2505,1,0.0166666666666667,,2,10,8,2,188.5,0.1443793,7,0.02631579,1,1,1,0,0.0165293019512106
p2506,1,0.0166666666666667,,2,14,13,2,172,0.1698511,12,0.02631579,1,1,1,1,0.0165293019512106
p2507,0,0,,1,1,1,1,5.75,0.77131724,,,1,0,0,0,0
p2508,2,0.0333333333333333,48.7666666666667,2,12,10,1,365,1,33.5,0.039473685,0.5,1,1,1,0.0327898228229909
p2509,2,0.0333333333333333,48.9833333333333,2,7,6,2,375,0.5,30.5,0.039473685,1,0,0,0,0.0327898228229909
p251,46,0.766666666666667,1.22407407407407,6,151.280000000001,58,6,8260.32948996292,0.0263157894736842,29.6086956521739,0.129561403322221,0.978260869565217,1,1,1,0.569094531889967
p2510,4,0.0666666666666667,17.95,5,130,59,4,662.5,0,32,0.06578947375,0.8,1,1,0,0.0645385211375712
p2513,1,0.0166666666666667,,1,1,1,1,150,1,7,0.02631579,1,0,0,0,0.0165293019512106
p2514,3,0.05,24.1333333333333,4,126,58,3,475,0,41.3333333333333,0.0526315783333333,0.75,0,0,0,0.048790164169432
p2515,1,0.0166666666666667,,2,20,17,1,150,0,16,0.02631579,0.5,1,1,1,0.0165293019512106
p2516,2,0.0333333333333333,46.8666666666667,3,62,55,2,277.5,0,30.5,0.039473685,0.666666666666667,1,1,1,0.0327898228229909
p2517,1,0.0166666666666667,,1,1,1,1,150,1,9,0.02631579,1,0,0,0,0.0165293019512106
p2518,1,0.0166666666666667,,2,10,9,2,163.5,0.05289175,9,0.02631579,1,1,1,1,0.0165293019512106
p2519,3,0.05,23.5333333333333,4,113,54,3,415,0,37.6666666666667,0.0526315783333333,0.75,1,1,1,0.048790164169432
p252,1,0.0166666666666667,,2,1,1,2,155,0.51109054,9,0.02631579,1,1,1,1,0.0165293019512106
p2520,2,0.0333333333333333,14.4166666666667,3,56,31,2,157.5,,23.5,0.02631579,0.666666666666667,1,1,1,0.0327898228229909
p2521,1,0.0166666666666667,,1,1,1,1,150,1,7,0.02631579,1,0,0,0,0.0165293019512106
p2523,1,0.0166666666666667,,1,5,5,1,150,1,13,0.02631579,1,1,1,1,0.0165293019512106
p2525,4,0.0666666666666667,15.3888888888889,5,151.280000000001,52,4,528.125,0,37.75,0.059210525,0.8,1,0,0,0.0645385211375712
p2526,1,0.0166666666666667,,2,37,21,2,180,0.041098658,21,0.02631579,1,1,1,1,0.0165293019512106
p2527,3,0.05,22.6,4,110,53,4,501.75,0.0209715325,35.3333333333333,0.0526315783333333,1,0,0,0,0.048790164169432
p2528,1,0.0166666666666667,,2,6,6,2,280.5,0.3629959,6,0.02631579,1,1,1,0,0.0165293019512106
p2529,1,0.0166666666666667,,1,2,2,1,150,1,7,0.02631579,1,1,1,1,0.0165293019512106
p2530,2,0.0333333333333333,43.5833333333333,2,10,9,2,375,0.5,30,0.039473685,1,0,0,0,0.0327898228229909
p2531,0,0,,2,6,4,2,13.25,0.88886476,,,1,0,0,0,0
p2534,1,0.0166666666666667,,2,12,10,2,45.25,0.12002646,9,0,1,1,1,1,0.0165293019512106
p2535,1,0.0166666666666667,,2,12,10,2,258.5,0.36722857,9,0.02631579,1,1,1,1,0.0165293019512106
p2536,1,0.0166666666666667,,2,12,11,2,121.5,0.070458345,10,0.02631579,1,1,1,0,0.0165293019512106
p2537,1,0.0166666666666667,,2,13,11,2,226,0.2288205,10,0.02631579,1,1,1,1,0.0165293019512106
p2538,2,0.0333333333333333,43.45,3,59,51,2,375,0,28.5,0.039473685,0.666666666666667,1,0,0,0.0327898228229909
p2539,1,0.0166666666666667,,2,85,53,1,150,0,41.3333333333333,0.02631579,0.5,1,1,1,0.0165293019512106
p254,1,0.0166666666666667,,2,10,9,2,154,0.061077765,9,0.02631579,1,0,0,0,0.0165293019512106
p2540,3,0.05,19.6083333333333,4,97,46,3,385,0,31.3333333333333,0.0526315783333333,0.75,1,1,1,0.048790164169432
p2541,2,0.0333333333333333,50.8166666666667,3,67,59,2,342.5,0,32.5,0.039473685,0.666666666666667,1,1,1,0.0327898228229909
p2542,1,0.0166666666666667,,2,10,9,1,150,0,8,0.02631579,0.5,0,0,0,0.0165293019512106
p2544,1,0.0166666666666667,,2,16,13,2,215.5,0.09759712,13,0.02631579,1,0,0,0,0.0165293019512106
p2545,1,0.0166666666666667,,2,11,10,1,60,0,8,0.02631579,0.5,1,1,1,0.0165293019512106
p2547,1,0.0166666666666667,,2,22,19,2,218,0.20102245,18,0.02631579,1,1,0,0,0.0165293019512106
p2549,1,0.0166666666666667,,2,6,5,2,165.5,0.019269008,4.9225,0.02631579,1,0,0,0,0.0165293019512106
p255,1,0.0166666666666667,,2,25,19,1,150,0,18,0.02631579,0.5,1,1,0,0.0165293019512106
p2551,1,0.0166666666666667,,2,27,24,1,150,0,20,0.02631579,0.5,1,1,1,0.0165293019512106
p2552,1,0.0166666666666667,,2,18,16,1,150,0,16,0.02631579,0.5,1,1,1,0.0165293019512106
p2553,1,0.0166666666666667,,2,16,14,1,150,0,14,0.02631579,0.5,0,0,0,0.0165293019512106
p2554,2,0.0333333333333333,50.55,2,6,6,2,285,0.5,31,0.039473685,1,0,0,0,0.0327898228229909
p2555,2,0.0333333333333333,31.65,2,6,5,2,187.5,0.5,20.5,0.039473685,1,0,0,0,0.0327898228229909
p2556,1,0.0166666666666667,,2,27,25,1,150,0,23,0.02631579,0.5,1,1,1,0.0165293019512106
p2557,2,0.0333333333333333,41.1166666666667,3,60,50,2,375,0,28.5,0.039473685,0.666666666666667,0,0,0,0.0327898228229909
p2558,2,0.0333333333333333,41.6666666666667,3,57,49,2,292.5,0,27.5,0.039473685,0.666666666666667,1,1,1,0.0327898228229909
p2559,1,0.0166666666666667,,1,3,3,0,,,13,0.02631579,0,0,0,0,0.0165293019512106
p256,1,0.0166666666666667,,2,21,18,2,211.5,0.149530215,17,0.02631579,1,1,1,1,0.0165293019512106
p2560,1,0.0166666666666667,,2,12,9,1,150,0,9,0.02631579,0.5,1,1,1,0.0165293019512106
p2561,1,0.0166666666666667,,2,44,31,1,150,0,29,0.02631579,0.5,0,0,0,0.0165293019512106
p2562,1,0.0166666666666667,,2,23,16,1,60,0,15,0.02631579,0.5,0,0,0,0.0165293019512106
p2564,1,0.0166666666666667,,1,1,1,1,150,1,7,0.02631579,1,1,0,0,0.0165293019512106
p2565,0,0,,1,2,2,0,,,,,0,0,0,0,0
p2566,1,0.0166666666666667,,2,14,11,1,150,0,11,0.02631579,0.5,1,1,1,0.0165293019512106
p2567,1,0.0166666666666667,,2,5,5,2,184,0.084339125,5,0.02631579,1,0,0,0,0.0165293019512106
p2568,1,0.0166666666666667,,2,15,11,2,313.5,0.40554705,9,0.02631579,1,0,0,0,0.0165293019512106
p2569,1,0.0166666666666667,,2,8,8,2,190.5,0.121506935,8,0.02631579,1,1,1,1,0.0165293019512106
p257,3,0.05,23.0916666666667,4,113,54,3,458.333333333333,0,36.6666666666667,0.0526315783333333,0.75,1,0,0,0.048790164169432
p2570,1,0.0166666666666667,,2,12,11,2,144,0.081786005,10,0.02631579,1,1,1,1,0.0165293019512106
p2571,2,0.0333333333333333,10,3,50,28,2,90,0,22,0.013157895,0.666666666666667,1,1,1,0.0327898228229909
p2572,1,0.0166666666666667,,2,11,9,1,150,0,8,0.02631579,0.5,1,1,1,0.0165293019512106
p2573,1,0.0166666666666667,,2,10,7,1,150,0,7,0.02631579,0.5,1,0,0,0.0165293019512106
p2574,1,0.0166666666666667,,4,18,16,2,151.5,0.0309494715,15,0.02631579,0.5,0,0,0,0.0165293019512106
p2575,1,0.0166666666666667,,2,10,10,1,150,0,9,0.02631579,0.5,0,0,0,0.0165293019512106
p2577,3,0.05,26.875,3,63,56,2,375,0,39.6666666666667,0.0526315783333333,0.666666666666667,0,0,0,0.048790164169432
p2578,2,0.0333333333333333,43.8,2,10,9,2,375,0.5,30,0.039473685,1,0,0,0,0.0327898228229909
p2579,3,0.05,23.725,4,115,55,3,475,0,36.3333333333333,0.0526315783333333,0.75,0,0,0,0.048790164169432
p258,1,0.0166666666666667,,2,25,16,1,150,0,16,0.02631579,0.5,1,1,0,0.0165293019512106
p2580,1,0.0166666666666667,,2,30,20,1,150,0,20,0.02631579,0.5,0,0,0,0.0165293019512106
p2581,1,0.0166666666666667,,2,11,10,1,150,0,10,0.02631579,0.5,0,0,0,0.0165293019512106
p2582,3,0.05,18.9833333333333,4,92,44,3,475,0,30.3333333333333,0.0526315783333333,0.75,1,1,1,0.048790164169432
p2583,3,0.05,23.1583333333333,4,123,57,4,525,0,40,0.0526315783333333,1,0,0,0,0.048790164169432
p2584,1,0.0166666666666667,,2,10,8,1,110,0,7,0.02631579,0.5,1,1,1,0.0165293019512106
p2585,0,0,,1,1,1,1,5.5,0.01029004,,,1,1,1,1,0
p2586,1,0.0166666666666667,,1,1,1,1,150,1,4.9225,0.02631579,1,0,0,0,0.0165293019512106
p2587,1,0.0166666666666667,,2,11,10,2,8260.32948996292,0.0955783,7,0.02631579,1,0,0,0,0.0165293019512106
p2588,1,0.0166666666666667,,2,14,11,1,60,0,10,0.02631579,0.5,1,1,1,0.0165293019512106
p2589,2,0.0333333333333333,7.3,2,15,12,2,157.5,1,14.5,0.02631579,1,1,1,1,0.0327898228229909
p259,1,0.0166666666666667,,2,23,20,1,150,0,19,0.02631579,0.5,0,0,0,0.0165293019512106
p2590,3,0.05,19.3833333333333,3,52,43,3,475,0.333333333333333,31,0.0526315783333333,1,0,0,0,0.048790164169432
p2591,1,0.0166666666666667,,2,59,59,1,1425,0,41.3333333333333,0.129561403322221,0.5,1,1,1,0.0165293019512106
p2592,3,0.05,18.3,4,113,48,3,475,0,35.3333333333333,0.0526315783333333,0.75,1,0,0,0.048790164169432
p2593,2,0.0333333333333333,34.0666666666667,2,17,10,2,272.5,0.5,27,0.039473685,1,1,0,0,0.0327898228229909
p2594,1,0.0166666666666667,,2,7,6,2,189,0.12846343,6,0.02631579,1,1,1,1,0.0165293019512106
p2595,1,0.0166666666666667,,2,9,8,1,150,0,7,0.02631579,0.5,1,1,1,0.0165293019512106
p2596,1,0.0166666666666667,,2,13,11,2,16.875,0.027519526,10,0,1,0,0,0,0.0165293019512106
p2597,3,0.05,17.0666666666667,4,65,41,5,447.6,0.159633486,21,0.0526315783333333,1.25,1,1,1,0.048790164169432
p2598,1,0.0166666666666667,,2,11,10,1,75,0,9,0.02631579,0.5,1,1,1,0.0165293019512106
p2599,1,0.0166666666666667,,2,11,10,1,150,0,10,0.02631579,0.5,1,1,1,0.0165293019512106
p26,1,0.0166666666666667,,2,12,11,2,155.5,0.0195216275,11,0.02631579,1,0,0,0,0.0165293019512106
p260,1,0.0166666666666667,,2,11,9,2,150,0,8,0.02631579,1,1,1,0,0.0165293019512106
p2600,1,0.0166666666666667,,1,1,1,1,150,1,12,0.02631579,1,1,1,0,0.0165293019512106
p2601,1,0.0166666666666667,,2,11,8,2,203.5,0.2047919,8,0.02631579,1,1,1,1,0.0165293019512106
p2602,0,0,,1,14,14,1,0,0,,,1,1,1,1,0
p2603,1,0.0166666666666667,,2,15,14,1,150,0,7,0.02631579,0.5,0,0,0,0.0165293019512106
p2604,1,0.0166666666666667,,2,14,12,1,150,0,11,0.02631579,0.5,0,0,0,0.0165293019512106
p2605,2,0.0333333333333333,45.2666666666667,2,9,8,2,375,0.5,30.5,0.039473685,1,0,0,0,0.0327898228229909
p2606,1,0.0166666666666667,,2,9,8,1,150,0,8,0.02631579,0.5,1,1,1,0.0165293019512106
p2607,1,0.0166666666666667,,2,10,9,2,125.5,0.3820309,9,0.02631579,1,1,1,1,0.0165293019512106
p2608,1,0.0166666666666667,,2,20,17,2,251.5,0.249476435,17,0.02631579,1,0,0,0,0.0165293019512106
p2609,1,0.0166666666666667,,2,24,18,1,150,0,17,0.02631579,0.5,0,0,0,0.0165293019512106
p2610,1,0.0166666666666667,,2,12,9,2,176,0.151092785,8,0.02631579,1,0,0,0,0.0165293019512106
p2611,1,0.0166666666666667,,2,20,18,1,135,0,14,0.02631579,0.5,0,0,0,0.0165293019512106
p2612,0,0,,1,1,1,1,177.75,0.946326,,,1,0,0,0,0
p2613,1,0.0166666666666667,,2,18,17,2,101,0.2800175,13,0.02631579,1,0,0,0,0.0165293019512106
p2614,1,0.0166666666666667,,2,22,18,2,173.5,0.20113991,15,0.02631579,1,1,1,1,0.0165293019512106
p2615,1,0.0166666666666667,,2,4,3,1,60,1,8,0.02631579,0.5,0,0,0,0.0165293019512106
p2616,1,0.0166666666666667,,2,5,4,2,156.5,0.0084984115,4.9225,0.02631579,1,0,0,0,0.0165293019512106
p2617,1,0.0166666666666667,,2,8,8,2,207,0.2650465,7,0.02631579,1,0,0,0,0.0165293019512106
p2619,1,0.0166666666666667,,2,21,17,1,150,0,17,0.02631579,0.5,1,1,1,0.0165293019512106
p262,1,0.0166666666666667,,2,9,8,1,35,0,7,0.02631579,0.5,1,1,1,0.0165293019512106
p2621,0,0,,1,1,1,1,4,0.2593184,,,1,0,0,0,0
p2622,1,0.0166666666666667,,2,52,32,2,206,0.207495765,32,0.02631579,1,0,0,0,0.0165293019512106
p2624,3,0.05,23.9,4,106,54,3,475,0,34.6666666666667,0.0526315783333333,0.75,1,1,1,0.048790164169432
p2625,1,0.0166666666666667,,2,7,6,1,150,0,6,0.02631579,0.5,0,0,0,0.0165293019512106
p2626,0,0,,1,2,2,1,5.5,0.6730582,,,1,0,0,0,0
p2627,1,0.0166666666666667,,2,19,14,5,112.8,0.267218785,8,0.05263158,2.5,1,1,0,0.0165293019512106
p2629,1,0.0166666666666667,,2,10,10,2,213,0.112609705,9,0.02631579,1,1,1,1,0.0165293019512106
p263,1,0.0166666666666667,,2,56,51,1,150,0,41.3333333333333,0.02631579,0.5,1,1,1,0.0165293019512106
p2631,1,0.0166666666666667,,2,8,7,1,150,0,6,0.02631579,0.5,1,0,0,0.0165293019512106
p2632,0,0,,1,1,1,1,3,0.3537435,,,1,1,1,1,0
p2633,1,0.0166666666666667,,2,13,12,2,150.5,0.219518365,12,0.02631579,1,1,1,1,0.0165293019512106
p2634,2,0.0333333333333333,9.11666666666667,2,26,21,2,156.25,1,23,0.02631579,1,0,0,0,0.0327898228229909
p2635,1,0.0166666666666667,,1,1,1,1,150,1,7,0.02631579,1,0,0,0,0.0165293019512106
p2636,3,0.05,23.4666666666667,4,109,53,3,458.333333333333,0,35.3333333333333,0.0526315783333333,0.75,1,1,1,0.048790164169432
p2637,1,0.0166666666666667,,2,19,14,1,150,0,14,0.02631579,0.5,1,1,1,0.0165293019512106
p2639,1,0.0166666666666667,,1,1,1,1,150,1,6,0.02631579,1,0,0,0,0.0165293019512106
p264,1,0.0166666666666667,,2,16,14,1,150,0,14,0.02631579,0.5,0,0,0,0.0165293019512106
p2640,3,0.05,20.3916666666667,4,96,46,3,385,0,31.3333333333333,0.0526315783333333,0.75,1,1,1,0.048790164169432
p2641,1,0.0166666666666667,,2,6,6,2,253.5,0.32005793,5,0.02631579,1,1,1,1,0.0165293019512106
p2642,1,0.0166666666666667,,2,44,39,1,5,0,34,0.02631579,0.5,0,0,0,0.0165293019512106
p2643,1,0.0166666666666667,,2,31,26,2,244,0.24519585,26,0.02631579,1,1,1,1,0.0165293019512106
p2644,2,0.0333333333333333,19.95,3,18,9,3,154.166666666667,0,18,0.02631579,1,1,1,0,0.0327898228229909
p2645,1,0.0166666666666667,,2,11,9,1,150,0,9,0.02631579,0.5,0,0,0,0.0165293019512106
p2646,2,0.0333333333333333,43.7166666666667,2,9,8,2,292.5,0.5,28.5,0.039473685,1,1,1,1,0.0327898228229909
p2647,2,0.0333333333333333,28.5333333333333,3,45,36,2,375,0,21,0.039473685,0.666666666666667,1,0,0,0.0327898228229909
p2648,1,0.0166666666666667,,2,9,8,2,142,0.102372735,7,0.02631579,1,0,0,0,0.0165293019512106
p265,3,0.05,21.325,4,105,49,3,475,0,34,0.0526315783333333,0.75,1,1,1,0.048790164169432
p2650,1,0.0166666666666667,,2,21,20,1,150,0,20,0.02631579,0.5,1,1,1,0.0165293019512106
p2651,2,0.0333333333333333,43.0333333333333,2,9,8,2,375,0.5,29.5,0.039473685,1,0,0,0,0.0327898228229909
p2652,1,0.0166666666666667,,2,26,21,2,97.5,0.15640126,15,0.02631579,1,1,1,0,0.0165293019512106
p2653,1,0.0166666666666667,,2,20,20,2,46.875,0.58127964,18,0,1,0,0,0,0.0165293019512106
p2654,1,0.0166666666666667,,2,14,12,2,156,0.008282698,11,0.02631579,1,0,0,0,0.0165293019512106
p2655,1,0.0166666666666667,,1,2,2,1,150,1,11,0.02631579,1,0,0,0,0.0165293019512106
p2656,3,0.05,23.4833333333333,3,62,53,3,405,0.333333333333333,37.6666666666667,0.0526315783333333,1,0,0,0,0.048790164169432
p2657,2,0.0333333333333333,41.0666666666667,3,55,48,3,452.666666666667,0.009463949,27.5,0.039473685,1,0,0,0,0.0327898228229909
p2658,1,0.0166666666666667,,2,9,8,1,150,0,7,0.02631579,0.5,0,0,0,0.0165293019512106
p2659,1,0.0166666666666667,,2,14,13,1,150,0,13,0.02631579,0.5,1,1,0,0.0165293019512106
p266,1,0.0166666666666667,,1,1,1,1,150,1,8,0.02631579,1,0,0,0,0.0165293019512106
p2660,1,0.0166666666666667,,2,19,15,1,150,0,14,0.02631579,0.5,1,1,0,0.0165293019512106
p2661,1,0.0166666666666667,,1,1,1,1,150,1,6,0.02631579,1,1,1,1,0.0165293019512106
p2662,3,0.05,25.1083333333333,4,82,56,4,367.5,0.0989519575,29,0.0526315783333333,1,1,1,1,0.048790164169432
p2663,1,0.0166666666666667,,1,1,1,1,150,1,5,0.02631579,1,0,0,0,0.0165293019512106
p2664,1,0.0166666666666667,,2,15,12,1,100,0,11,0.02631579,0.5,1,1,1,0.0165293019512106
p2665,2,0.0333333333333333,50.1166666666667,2,11,10,1,150,0,34,0.039473685,0.5,1,1,0,0.0327898228229909
p2667,1,0.0166666666666667,,3,22,17,3,164,0.27671405,17,0.02631579,1,1,1,1,0.0165293019512106
p2668,1,0.0166666666666667,,2,11,10,2,158,0.03295474,9,0.02631579,1,0,0,0,0.0165293019512106
p2669,2,0.0333333333333333,30.6833333333333,3,51,41,2,330,0,24.5,0.039473685,0.666666666666667,1,0,0,0.0327898228229909
p267,1,0.0166666666666667,,2,9,8,2,248,0.22266406,7,0.02631579,1,0,0,0,0.0165293019512106
p2670,3,0.05,22.9166666666667,4,108,52,3,325,0,35,0.0526315783333333,0.75,0,0,0,0.048790164169432
p2671,1,0.0166666666666667,,1,2,2,1,150,1,8,0.02631579,1,1,0,0,0.0165293019512106
p2672,0,0,,1,2,2,1,91.25,0.21305668,,,1,0,0,0,0
p2673,1,0.0166666666666667,,2,16,13,1,150,0,12,0.02631579,0.5,1,1,1,0.0165293019512106
p2674,3,0.05,25.85,4,122,58,3,475,0,40,0.0526315783333333,0.75,0,0,0,0.048790164169432
p2675,1,0.0166666666666667,,2,36,23,1,150,0,22,0.02631579,0.5,1,1,1,0.0165293019512106
p2676,2,0.0333333333333333,46.2666666666667,3,61,53,2,375,0,29,0.039473685,0.666666666666667,1,0,0,0.0327898228229909
p2677,3,0.05,20.8583333333333,4,107,50,3,475,0,34.6666666666667,0.0526315783333333,0.75,0,0,0,0.048790164169432
p2678,2,0.0333333333333333,8.33333333333333,2,89,51,1,15,0,41.3333333333333,0.013157895,0.5,1,0,0,0.0327898228229909
p2679,1,0.0166666666666667,,2,16,13,1,10,0,12,0.02631579,0.5,0,0,0,0.0165293019512106
p268,1,0.0166666666666667,,2,14,12,1,150,0,11,0.02631579,0.5,1,1,1,0.0165293019512106
p2680,4,0.0666666666666667,17.6888888888889,5,151.280000000001,58,4,485,0,37.75,0.06578947375,0.8,1,1,1,0.0645385211375712
p2681,38,0.633333333333333,1.39324324324324,6,151.280000000001,49,6,5904.32545675676,0,24.2368421052632,0.129561403322221,0.973684210526316,1,0,0,0.490622916448471
p2683,3,0.05,18.2083333333333,4,93,43,3,475,0,30,0.0526315783333333,0.75,1,0,0,0.048790164169432
p2684,1,0.0166666666666667,,2,8,7,2,247,0.2919388,7,0.02631579,1,0,0,0,0.0165293019512106
p2685,2,0.0333333333333333,51.7,3,68,59,2,375,0,33,0.039473685,0.666666666666667,1,1,1,0.0327898228229909
p2686,1,0.0166666666666667,,1,1,1,1,50,1,5,0.02631579,1,1,1,1,0.0165293019512106
p2687,1,0.0166666666666667,,2,14,12,1,15,,11,0,0.5,1,1,1,0.0165293019512106
p2688,2,0.0333333333333333,15.9166666666667,2,15,13,2,90,0.5,20,0.013157895,1,1,1,1,0.0327898228229909
p2689,1,0.0166666666666667,,2,26,25,1,150,0,23,0.02631579,0.5,1,1,0,0.0165293019512106
p269,3,0.05,18.5666666666667,4,93,44,3,415,0,29.6666666666667,0.0526315783333333,0.75,1,1,1,0.048790164169432
p2690,1,0.0166666666666667,,2,11,10,2,232,0.2673695,10,0.02631579,1,1,0,0,0.0165293019512106
p2691,0,0,,1,4,4,0,,,,,0,0,0,0,0
p2692,1,0.0166666666666667,,2,10,9,1,150,0,9,0.02631579,0.5,1,1,1,0.0165293019512106
p2693,3,0.05,18.7,3,45,40,3,441.666666666667,0.333333333333333,29,0.0526315783333333,1,0,0,0,0.048790164169432
p2694,3,0.05,25.1666666666667,4,122,58,3,475,0,40.3333333333333,0.0526315783333333,0.75,1,1,0,0.048790164169432
p2695,1,0.0166666666666667,,1,2,2,2,75,0.5,10,0.02631579,2,0,0,0,0.0165293019512106
p2696,2,0.0333333333333333,46.3833333333333,3,74,58,2,350,0,34.5,0.039473685,0.666666666666667,0,0,0,0.0327898228229909
p2697,1,0.0166666666666667,,1,1,1,1,150,1,7,0.02631579,1,0,0,0,0.0165293019512106
p2698,3,0.05,24.1916666666667,4,121,57,3,475,0,39.6666666666667,0.0526315783333333,0.75,0,0,0,0.048790164169432
p2699,3,0.05,22.9666666666667,4,85,57,3,265,0,27.3333333333333,0.02631579,0.75,1,0,0,0.048790164169432
p27,1,0.0166666666666667,,1,1,1,1,135,1,12,0.02631579,1,0,0,0,0.0165293019512106
p270,1,0.0166666666666667,,2,16,12,1,50,0,10,0.02631579,0.5,1,1,1,0.0165293019512106
p2700,1,0.0166666666666667,,2,10,10,1,150,0,8,0.02631579,0.5,1,1,1,0.0165293019512106
p2701,1,0.0166666666666667,,2,12,11,1,150,0,11,0.02631579,0.5,1,1,1,0.0165293019512106
p2702,1,0.0166666666666667,,1,5,5,1,150,1,18,0.02631579,1,1,1,1,0.0165293019512106
p2703,1,0.0166666666666667,,2,18,14,1,150,0,14,0.02631579,0.5,0,0,0,0.0165293019512106
p2704,1,0.0166666666666667,,2,12,9,1,150,0,9,0.02631579,0.5,0,0,0,0.0165293019512106
p2705,2,0.0333333333333333,50.0666666666667,3,69,59,2,375,0,33,0.039473685,0.666666666666667,1,0,0,0.0327898228229909
p2706,1,0.0166666666666667,,2,14,13,2,22.625,0.0614605,12,0,1,1,0,0,0.0165293019512106
p2707,1,0.0166666666666667,,2,34,23,1,15,,21,0,0.5,1,1,0,0.0165293019512106
p2708,1,0.0166666666666667,,1,4,4,1,150,1,20,0.02631579,1,1,1,1,0.0165293019512106
p2709,4,0.0666666666666667,16.1555555555556,5,151.280000000001,58,4,513.75,0,38.25,0.05263157875,0.8,1,1,1,0.0645385211375712
p271,0,0,,1,0,0,1,0,0.023519285,,,1,1,0,0,0
p2710,1,0.0166666666666667,,2,11,9,2,174.5,0.09776853,8,0.02631579,1,0,0,0,0.0165293019512106
p2711,1,0.0166666666666667,,2,10,9,1,150,0,8,0.02631579,0.5,1,1,1,0.0165293019512106
p2712,1,0.0166666666666667,,2,8,7,2,182.5,0.12979014,7,0.02631579,1,0,0,0,0.0165293019512106
p2713,1,0.0166666666666667,,2,11,9,1,150,0,8,0.02631579,0.5,0,0,0,0.0165293019512106
p2714,1,0.0166666666666667,,2,11,10,2,144,0.144003885,9,0.02631579,1,1,1,1,0.0165293019512106
p2715,1,0.0166666666666667,,2,14,11,1,60,0,10,0.02631579,0.5,0,0,0,0.0165293019512106
p2716,1,0.0166666666666667,,2,11,9,1,150,0,8,0.02631579,0.5,0,0,0,0.0165293019512106
p2717,1,0.0166666666666667,,2,7,6,2,248,0.4032573,5,0.02631579,1,1,1,1,0.0165293019512106
p2718,1,0.0166666666666667,,1,1,1,1,150,1,6,0.02631579,1,1,1,1,0.0165293019512106
p2719,1,0.0166666666666667,,2,11,10,2,252.5,0.2730994,8,0.02631579,1,1,1,1,0.0165293019512106
p272,1,0.0166666666666667,,2,22,21,1,150,0,20,0.02631579,0.5,1,1,1,0.0165293019512106
p2720,1,0.0166666666666667,,2,13,11,1,35,0,10,0.02631579,0.5,0,0,0,0.0165293019512106
p2721,1,0.0166666666666667,,2,8,7,2,283.5,0.33052808,6,0.02631579,1,1,0,0,0.0165293019512106
p2722,1,0.0166666666666667,,2,8,7,1,150,0,7,0.02631579,0.5,1,1,1,0.0165293019512106
p2723,3,0.05,21.95,3,56,48,3,475,0.333333333333333,34.6666666666667,0.0526315783333333,1,1,1,1,0.048790164169432
p2724,3,0.05,18.6416666666667,4,91,43,3,441.666666666667,0,29.6666666666667,0.0526315783333333,0.75,0,0,0,0.048790164169432
p2725,1,0.0166666666666667,,2,9,8,2,256,0.2799567,8,0.02631579,1,1,1,1,0.0165293019512106
p2726,1,0.0166666666666667,,1,1,1,1,150,1,6,0.02631579,1,0,0,0,0.0165293019512106
p2727,1,0.0166666666666667,,2,10,9,1,150,0,8,0.02631579,0.5,1,1,1,0.0165293019512106
p2728,1,0.0166666666666667,,2,11,10,1,150,0,9,0.02631579,0.5,1,1,1,0.0165293019512106
p2729,1,0.0166666666666667,,2,13,10,1,150,0,10,0.02631579,0.5,1,1,0,0.0165293019512106
p273,1,0.0166666666666667,,2,9,8,2,88,0.13646838,7,0.02631579,1,0,0,0,0.0165293019512106
p2730,1,0.0166666666666667,,2,10,9,2,165,0.099580355,8,0.02631579,1,0,0,0,0.0165293019512106
p2731,0,0,,1,1,1,1,16.5,0.19806598,,,1,0,0,0,0
p2732,3,0.05,21.5,4,100,49,3,441.666666666667,0,32.3333333333333,0.0526315783333333,0.75,0,0,0,0.048790164169432
p2734,1,0.0166666666666667,,2,24,17,1,150,0,15,0.02631579,0.5,1,1,0,0.0165293019512106
p2735,1,0.0166666666666667,,1,1,1,1,100,1,7,0.02631579,1,0,0,0,0.0165293019512106
p2736,2,0.0333333333333333,47.5333333333333,3,70,59,2,375,0,33,0.039473685,0.666666666666667,1,1,1,0.0327898228229909
p2737,1,0.0166666666666667,,1,16,16,1,150,1,26,0.02631579,1,0,0,0,0.0165293019512106
p2738,1,0.0166666666666667,,2,17,16,1,15,,16,0,0.5,0,0,0,0.0165293019512106
p2739,1,0.0166666666666667,,2,12,10,2,172,0.054798395,8,0.02631579,1,0,0,0,0.0165293019512106
p2740,1,0.0166666666666667,,2,10,9,2,152,0.003071785,8,0.02631579,1,0,0,0,0.0165293019512106
p2741,3,0.05,19.8,4,93,45,4,392.5,0.0572615825,30.6666666666667,0.0526315783333333,1,0,0,0,0.048790164169432
p2742,1,0.0166666666666667,,2,40,23,1,150,0,23,0.02631579,0.5,0,0,0,0.0165293019512106
p2743,1,0.0166666666666667,,2,8,6,2,161.5,0.012683984,6,0.02631579,1,1,0,0,0.0165293019512106
p2745,1,0.0166666666666667,,2,8,7,2,257.5,0.2078851,5,0.02631579,1,0,0,0,0.0165293019512106
p2747,1,0.0166666666666667,,2,8,7,1,150,0,7,0.02631579,0.5,1,1,0,0.0165293019512106
p2748,2,0.0333333333333333,34,2,10,7,2,375,0.5,24,0.039473685,1,0,0,0,0.0327898228229909
p2749,1,0.0166666666666667,,2,8,7,1,60,0,6,0.02631579,0.5,1,1,1,0.0165293019512106
p275,1,0.0166666666666667,,2,14,12,2,210,0.24689335,11,0.02631579,1,1,1,0,0.0165293019512106
p2750,1,0.0166666666666667,,2,39,36,1,150,0,35,0.02631579,0.5,0,0,0,0.0165293019512106
p2751,2,0.0333333333333333,38.0833333333333,3,51,44,2,375,0,24,0.039473685,0.666666666666667,1,0,0,0.0327898228229909
p2752,1,0.0166666666666667,,2,19,16,1,150,0,16,0.02631579,0.5,1,1,0,0.0165293019512106
p2753,1,0.0166666666666667,,1,1,1,1,150,1,9,0.02631579,1,1,1,1,0.0165293019512106
p2754,1,0.0166666666666667,,2,7,6,2,137,0.038549005,6,0.02631579,1,1,1,0,0.0165293019512106
p2756,1,0.0166666666666667,,2,14,14,1,150,0,13,0.02631579,0.5,1,1,1,0.0165293019512106
p2757,5,0.0833333333333333,3.10416666666667,5,24,8,6,8260.32948996292,0.1724496595,5.4,0.078947369,1.2,0,0,0,0.0800427076735364
p2758,2,0.0333333333333333,48.3833333333333,3,69,58,2,350,0,33,0.039473685,0.666666666666667,1,1,1,0.0327898228229909
p2759,4,0.0666666666666667,17.5444444444444,5,151.280000000001,58,4,781.25,0,38,0.06578947375,0.8,0,0,0,0.0645385211375712
p276,1,0.0166666666666667,,2,26,24,1,150,0,23,0.02631579,0.5,1,1,1,0.0165293019512106
p2760,1,0.0166666666666667,,2,20,19,1,150,0,17,0.02631579,0.5,0,0,0,0.0165293019512106
p2761,1,0.0166666666666667,,2,20,18,1,150,0,12,0.02631579,0.5,1,1,1,0.0165293019512106
p2762,2,0.0333333333333333,35.8166666666667,3,49,42,3,485.333333333333,0.08041001,24,0.039473685,1,0,0,0,0.0327898228229909
p2763,3,0.05,19.05,4,95,45,3,475,0,31,0.0526315783333333,0.75,1,1,0,0.048790164169432
p2764,1,0.0166666666666667,,2,10,8,1,150,0,7,0.02631579,0.5,0,0,0,0.0165293019512106
p2765,1,0.0166666666666667,,1,2,2,1,150,1,15,0.02631579,1,1,1,0,0.0165293019512106
p2766,1,0.0166666666666667,,2,10,8,2,192.5,0.23143299,7,0.02631579,1,1,1,0,0.0165293019512106
p2767,1,0.0166666666666667,,1,1,1,0,,,7,0.02631579,0,1,1,1,0.0165293019512106
p2768,1,0.0166666666666667,,2,10,9,1,150,0,8,0.02631579,0.5,1,1,1,0.0165293019512106
p277,1,0.0166666666666667,,2,94,54,1,150,0,41.3333333333333,0.02631579,0.5,0,0,0,0.0165293019512106
p2770,1,0.0166666666666667,,2,17,14,1,150,0,14,0.02631579,0.5,1,1,1,0.0165293019512106
p2771,1,0.0166666666666667,,2,8,7,2,151.5,0.003501141,7,0.02631579,1,1,1,1,0.0165293019512106
p2773,1,0.0166666666666667,,2,12,11,1,150,0,8,0.02631579,0.5,1,1,0,0.0165293019512106
p2774,1,0.0166666666666667,,2,11,9,1,150,0,8,0.02631579,0.5,1,1,1,0.0165293019512106
p2775,1,0.0166666666666667,,2,12,10,1,150,0,9,0.02631579,0.5,1,1,1,0.0165293019512106
p2776,1,0.0166666666666667,,2,52,33,1,150,0,30,0.02631579,0.5,1,1,1,0.0165293019512106
p2777,1,0.0166666666666667,,2,9,8,1,150,0,7,0.02631579,0.5,1,1,1,0.0165293019512106
p2778,1,0.0166666666666667,,2,17,11,2,191,0.10649518,11,0.02631579,1,1,1,1,0.0165293019512106
p2779,1,0.0166666666666667,,2,16,11,2,180.5,0.0559507125,11,0.02631579,1,1,1,1,0.0165293019512106
p278,1,0.0166666666666667,,2,12,11,1,125,0,10,0.02631579,0.5,1,0,0,0.0165293019512106
p2780,1,0.0166666666666667,,1,1,1,1,150,1,6,0.02631579,1,0,0,0,0.0165293019512106
p2781,1,0.0166666666666667,,2,8,7,1,150,0,6,0.02631579,0.5,1,1,1,0.0165293019512106
p2783,0,0,,1,1,1,1,6,0.6141875,,,1,0,0,0,0
p2785,3,0.05,21.15,5,113,51,4,354,0,35.6666666666667,0.0526315783333333,0.8,0,0,0,0.048790164169432
p2786,1,0.0166666666666667,,2,9,8,2,135,0.05955851,7,0.02631579,1,0,0,0,0.0165293019512106
p2787,1,0.0166666666666667,,2,10,8,2,240.5,0.188673065,7,0.02631579,1,1,0,0,0.0165293019512106
p2788,3,0.05,12.9833333333333,2,75,42,2,8260.32948996292,0,41.3333333333333,0.129561403322221,1,1,1,1,0.048790164169432
p2789,1,0.0166666666666667,,2,14,13,1,150,0,12,0.02631579,0.5,0,0,0,0.0165293019512106
p279,0,0,,1,1,1,1,11,0.15926754,,,1,1,1,1,0
p2790,1,0.0166666666666667,,2,16,12,1,150,0,11,0.02631579,0.5,0,0,0,0.0165293019512106
p2791,1,0.0166666666666667,,2,14,11,1,150,0,10,0.02631579,0.5,0,0,0,0.0165293019512106
p2792,1,0.0166666666666667,,2,11,10,2,123,0.072724415,9,0.02631579,1,1,1,1,0.0165293019512106
p2793,0,0,,1,0,0,1,18,0.573597,,,1,0,0,0,0
p2794,1,0.0166666666666667,,2,12,11,1,150,0,10,0.02631579,0.5,1,1,1,0.0165293019512106
p2795,1,0.0166666666666667,,2,8,8,1,150,0,6,0.02631579,0.5,1,1,0,0.0165293019512106
p2796,1,0.0166666666666667,,2,16,15,1,150,0,14,0.02631579,0.5,0,0,0,0.0165293019512106
p2797,3,0.05,26.5083333333333,3,66,57,2,285,0,40.6666666666667,0.0526315783333333,0.666666666666667,1,1,1,0.048790164169432
p2798,2,0.0333333333333333,47.5,2,11,10,2,375,0.5,32.5,0.039473685,1,0,0,0,0.0327898228229909
p2799,0,0,,1,1,1,1,5,0.4254363,,,1,0,0,0,0
p28,1,0.0166666666666667,,2,23,20,1,150,0,19,0.02631579,0.5,1,1,1,0.0165293019512106
p280,3,0.05,19.9416666666667,4,100,47,3,375,0,32.6666666666667,0.0526315783333333,0.75,0,0,0,0.048790164169432
p2800,2,0.0333333333333333,33.2166666666667,4,92,42,4,8260.32948996292,0.0689287233333333,24.5,0.039473685,1,0,0,0,0.0327898228229909
p2801,1,0.0166666666666667,,2,9,8,2,161.5,0.019338021,8,0.02631579,1,0,0,0,0.0165293019512106
p2802,1,0.0166666666666667,,1,1,1,1,150,1,7,0.02631579,1,0,0,0,0.0165293019512106
p2803,1,0.0166666666666667,,2,12,11,1,150,0,10,0.02631579,0.5,1,0,0,0.0165293019512106
p2804,1,0.0166666666666667,,2,10,9,1,150,0,8,0.02631579,0.5,1,1,1,0.0165293019512106
p2805,1,0.0166666666666667,,2,10,9,2,260,0.30846725,8,0.02631579,1,1,1,1,0.0165293019512106
p2806,1,0.0166666666666667,,2,8,7,2,249,0.3045272,7,0.02631579,1,1,1,1,0.0165293019512106
p2807,1,0.0166666666666667,,2,25,19,2,166.5,0.03658933,18,0.02631579,1,1,1,0,0.0165293019512106
p2808,1,0.0166666666666667,,2,11,10,1,0,0,9,0.02631579,0.5,0,0,0,0.0165293019512106
p2809,2,0.0333333333333333,51.9,2,9,8,2,285,0.5,33,0.039473685,1,1,1,1,0.0327898228229909
p281,1,0.0166666666666667,,2,9,8,1,150,0,7,0.02631579,0.5,0,0,0,0.0165293019512106
p2810,1,0.0166666666666667,,2,19,14,1,150,0,13,0.02631579,0.5,1,0,0,0.0165293019512106
p2811,31,0.516666666666667,1.85666666666667,6,151.280000000001,59,6,8260.32948996292,0,31.0967741935484,0.129561403322221,0.96875,0,0,0,0.416514944294749
p2812,3,0.05,20.5166666666667,4,93,45,3,415,0,30.6666666666667,0.0526315783333333,0.75,0,0,0,0.048790164169432
p2813,1,0.0166666666666667,,2,12,10,1,135,0,9,0.02631579,0.5,1,1,0,0.0165293019512106
p2814,0,0,,1,1,1,1,11,0.28041613,,,1,1,1,0,0
p2815,1,0.0166666666666667,,2,6,6,2,209.5,0.14584039,6,0.02631579,1,1,1,1,0.0165293019512106
p2816,2,0.0333333333333333,37.3666666666667,2,7,7,2,292.5,0.5,25,0.039473685,1,1,1,1,0.0327898228229909
p2817,1,0.0166666666666667,,2,17,14,1,60,0,12,0.02631579,0.5,0,0,0,0.0165293019512106
p2818,2,0.0333333333333333,52.7333333333333,2,8,7,1,150,0,33,0.039473685,0.5,1,1,1,0.0327898228229909
p2819,1,0.0166666666666667,,2,7,6,2,215.5,0.1626411,6,0.02631579,1,1,1,1,0.0165293019512106
p282,2,0.0333333333333333,39.0333333333333,2,8,7,2,375,0.5,25.5,0.039473685,1,1,1,1,0.0327898228229909
p2820,1,0.0166666666666667,,2,19,15,1,0,0,11,0.02631579,0.5,1,1,1,0.0165293019512106
p2821,3,0.05,18.8333333333333,4,112,50,3,475,0,36,0.0526315783333333,0.75,1,1,1,0.048790164169432
p2822,1,0.0166666666666667,,2,11,8,2,318,0.45861587,8,0.02631579,1,1,1,1,0.0165293019512106
p2823,1,0.0166666666666667,,2,11,9,2,201.5,0.1289739,8,0.02631579,1,0,0,0,0.0165293019512106
p2824,1,0.0166666666666667,,2,20,16,1,150,0,16,0.02631579,0.5,0,0,0,0.0165293019512106
p2825,1,0.0166666666666667,,1,2,2,1,150,1,9,0.02631579,1,0,0,0,0.0165293019512106
p2826,1,0.0166666666666667,,2,7,6,2,233.5,0.23682493,6,0.02631579,1,1,1,0,0.0165293019512106
p2828,0,0,,1,0,0,0,,,,,0,0,0,0,0
p2829,1,0.0166666666666667,,2,18,14,1,150,0,13,0.02631579,0.5,1,1,1,0.0165293019512106
p283,1,0.0166666666666667,,2,20,18,1,90,0,16,0.02631579,0.5,1,1,1,0.0165293019512106
p2830,1,0.0166666666666667,,2,6,5,2,175.5,0.046969245,5,0.02631579,1,1,1,1,0.0165293019512106
p2831,1,0.0166666666666667,,2,9,8,1,150,0,8,0.02631579,0.5,0,0,0,0.0165293019512106
p2832,3,0.05,19.8083333333333,4,77,47,4,299.5,0.0644883375,25.6666666666667,0.0526315783333333,1,1,1,1,0.048790164169432
p2833,1,0.0166666666666667,,1,0,0,1,150,1,6,0.02631579,1,0,0,0,0.0165293019512106
p2834,2,0.0333333333333333,5.96666666666667,3,23,14,2,90,0,10,0.013157895,0.666666666666667,0,0,0,0.0327898228229909
p2835,1,0.0166666666666667,,1,2,2,1,150,1,8,0.02631579,1,0,0,0,0.0165293019512106
p2836,1,0.0166666666666667,,2,6,6,2,142.5,0.079555735,6,0.02631579,1,1,1,1,0.0165293019512106
p2837,2,0.0333333333333333,37.6833333333333,2,8,7,2,260,0.5,24,0.039473685,1,1,1,1,0.0327898228229909
p2838,1,0.0166666666666667,,2,12,11,2,43,0.076465,10,0.02631579,1,1,1,1,0.0165293019512106
p2839,3,0.05,24.65,4,120,58,3,378.333333333333,0,39,0.0526315783333333,0.75,0,0,0,0.048790164169432
p284,1,0.0166666666666667,,2,15,13,1,150,0,12,0.02631579,0.5,1,1,1,0.0165293019512106
p2841,1,0.0166666666666667,,1,1,1,1,150,1,10,0.02631579,1,0,0,0,0.0165293019512106
p2842,1,0.0166666666666667,,2,10,9,2,205.5,0.113051825,9,0.02631579,1,0,0,0,0.0165293019512106
p2843,1,0.0166666666666667,,2,12,11,1,150,0,11,0.02631579,0.5,0,0,0,0.0165293019512106
p2845,1,0.0166666666666667,,2,16,14,1,150,0,8,0.02631579,0.5,1,1,1,0.0165293019512106
p2846,1,0.0166666666666667,,2,11,10,1,150,0,9,0.02631579,0.5,1,1,1,0.0165293019512106
p2847,2,0.0333333333333333,7.58333333333333,3,39,23,3,115,0,18.5,0.013157895,1,1,1,0,0.0327898228229909
p2848,2,0.0333333333333333,47.3833333333333,3,59,54,2,292.5,0,28.5,0.039473685,0.666666666666667,1,1,1,0.0327898228229909
p2849,0,0,,1,1,1,1,4,0.24488342,,,1,0,0,0,0
p285,1,0.0166666666666667,,2,20,14,1,150,0,14,0.02631579,0.5,0,0,0,0.0165293019512106
p2850,1,0.0166666666666667,,2,11,9,1,150,0,8,0.02631579,0.5,1,0,0,0.0165293019512106
p2851,0,0,,1,0,0,1,6,0.22207089,,,1,0,0,0,0
p2852,1,0.0166666666666667,,2,22,20,1,150,0,14,0.02631579,0.5,1,1,1,0.0165293019512106
p2854,1,0.0166666666666667,,2,16,15,1,75,0,8,0.02631579,0.5,0,0,0,0.0165293019512106
p2855,1,0.0166666666666667,,2,8,7,1,150,0,7,0.02631579,0.5,1,1,1,0.0165293019512106
p2856,1,0.0166666666666667,,2,5,5,2,205,0.1846516,5,0.02631579,1,0,0,0,0.0165293019512106
p2857,1,0.0166666666666667,,2,15,13,2,95.5,0.20244694,10,0.02631579,1,1,1,0,0.0165293019512106
p2858,0,0,,1,2,2,1,28,0.12800872,,,1,0,0,0,0
p2859,2,0.0333333333333333,41.2166666666667,2,3,2,1,150,0,21.5,0.039473685,0.5,1,1,1,0.0327898228229909
p286,1,0.0166666666666667,,2,7,6,2,298.5,0.3757014,6,0.02631579,1,1,1,1,0.0165293019512106
p2860,3,0.05,25.2666666666667,4,121,57,3,475,0,39.3333333333333,0.0526315783333333,0.75,1,1,1,0.048790164169432
p2861,0,0,,1,1,1,1,21,0.45193896,,,1,0,0,0,0
p2862,1,0.0166666666666667,,2,9,8,1,150,0,8,0.02631579,0.5,0,0,0,0.0165293019512106
p2863,3,0.05,25.4083333333333,3,64,56,2,375,0,40,0.0526315783333333,0.666666666666667,0,0,0,0.048790164169432
p2864,1,0.0166666666666667,,2,15,13,2,280.5,0.33599925,12,0.02631579,1,1,1,1,0.0165293019512106
p2866,1,0.0166666666666667,,1,1,1,1,150,1,7,0.02631579,1,0,0,0,0.0165293019512106
p2867,2,0.0333333333333333,35.2666666666667,3,48,42,2,375,0,22.5,0.039473685,0.666666666666667,1,1,1,0.0327898228229909
p2868,2,0.0333333333333333,50.7666666666667,3,71,59,2,375,0,33.5,0.039473685,0.666666666666667,1,1,1,0.0327898228229909
p2869,1,0.0166666666666667,,2,11,10,1,150,0,10,0.02631579,0.5,1,1,1,0.0165293019512106
p2870,2,0.0333333333333333,38.3,3,54,46,2,325,0,25,0.039473685,0.666666666666667,0,0,0,0.0327898228229909
p2871,1,0.0166666666666667,,2,9,8,1,150,0,7,0.02631579,0.5,1,1,1,0.0165293019512106
p2872,1,0.0166666666666667,,2,10,9,1,150,0,8,0.02631579,0.5,0,0,0,0.0165293019512106
p2873,1,0.0166666666666667,,2,9,8,2,184,0.15526931,7,0.02631579,1,0,0,0,0.0165293019512106
p2874,2,0.0333333333333333,8.61666666666667,3,19,12,4,260.25,0.17929116,9.5,0.039473685,1.33333333333333,1,1,1,0.0327898228229909
p2875,1,0.0166666666666667,,2,16,15,2,37.75,0.07624201,13,0,1,0,0,0,0.0165293019512106
p2877,1,0.0166666666666667,,2,9,9,2,226.5,0.2195248,9,0.02631579,1,1,1,1,0.0165293019512106
p2878,3,0.05,24.9083333333333,3,65,56,2,375,0,40.6666666666667,0.0526315783333333,0.666666666666667,1,1,1,0.048790164169432
p2879,1,0.0166666666666667,,2,10,9,1,150,0,9,0.02631579,0.5,1,0,0,0.0165293019512106
p288,1,0.0166666666666667,,2,15,12,1,75,0,10,0.02631579,0.5,1,1,1,0.0165293019512106
p2880,1,0.0166666666666667,,1,1,1,1,150,1,9,0.02631579,1,1,1,0,0.0165293019512106
p2881,1,0.0166666666666667,,2,23,17,2,197.5,0.21971436,16,0.02631579,1,1,1,1,0.0165293019512106
p2882,1,0.0166666666666667,,2,13,12,1,150,0,11,0.02631579,0.5,1,0,0,0.0165293019512106
p2883,1,0.0166666666666667,,2,10,9,1,150,0,8,0.02631579,0.5,0,0,0,0.0165293019512106
p2884,2,0.0333333333333333,49.3666666666667,2,11,9,2,317.5,0.5,33,0.039473685,1,0,0,0,0.0327898228229909
p2885,3,0.05,25.1583333333333,3,68,55,2,375,0,39.3333333333333,0.0526315783333333,0.666666666666667,1,1,1,0.048790164169432
p2887,1,0.0166666666666667,,1,1,1,1,8260.32948996292,1,4.9225,0.02631579,1,0,0,0,0.0165293019512106
p2888,3,0.05,24.1416666666667,4,123,57,3,475,0,40,0.0526315783333333,0.75,1,1,1,0.048790164169432
p2889,3,0.05,23.625,4,119,56,3,475,0,38.3333333333333,0.0526315783333333,0.75,0,0,0,0.048790164169432
p289,1,0.0166666666666667,,2,18,14,1,150,0,12,0.02631579,0.5,0,0,0,0.0165293019512106
p2890,1,0.0166666666666667,,2,7,6,2,212,0.24268748,6,0.02631579,1,0,0,0,0.0165293019512106
p2891,1,0.0166666666666667,,1,0,0,1,150,1,25,0.02631579,1,1,1,1,0.0165293019512106
p2892,1,0.0166666666666667,,2,16,14,1,150,0,14,0.02631579,0.5,1,1,1,0.0165293019512106
p2893,1,0.0166666666666667,,2,8,7,2,150.5,0.28359285,6,0.02631579,1,0,0,0,0.0165293019512106
p2894,1,0.0166666666666667,,2,10,9,1,150,0,9,0.02631579,0.5,1,1,1,0.0165293019512106
p2895,2,0.0333333333333333,5.65,2,10,8,2,7.5,0.5,10,0.013157895,1,1,1,1,0.0327898228229909
p2896,1,0.0166666666666667,,2,16,15,1,150,0,14,0.02631579,0.5,1,1,0,0.0165293019512106
p2897,0,0,,1,5,5,1,14,0.31193036,,,1,0,0,0,0
p2898,1,0.0166666666666667,,2,7,7,2,180,0.09931813,7,0.02631579,1,0,0,0,0.0165293019512106
p2899,1,0.0166666666666667,,2,28,25,2,166.5,0.04168548,25,0.02631579,1,1,1,1,0.0165293019512106
p290,1,0.0166666666666667,,2,12,10,1,150,0,9,0.02631579,0.5,0,0,0,0.0165293019512106
p2900,1,0.0166666666666667,,2,9,8,1,150,0,6,0.02631579,0.5,1,1,1,0.0165293019512106
p2901,1,0.0166666666666667,,2,11,10,2,200,0.186970085,10,0.02631579,1,0,0,0,0.0165293019512106
p2902,1,0.0166666666666667,,2,8,7,2,162,0.13891509,6,0.02631579,1,0,0,0,0.0165293019512106
p2903,1,0.0166666666666667,,2,9,8,2,75,0.06171195,8,0.02631579,1,0,0,0,0.0165293019512106
p2904,1,0.0166666666666667,,2,12,11,2,62.5,0.048564147,8,0.02631579,1,0,0,0,0.0165293019512106
p2905,1,0.0166666666666667,,2,9,7,2,242.5,0.21794896,7,0.02631579,1,1,1,1,0.0165293019512106
p2906,1,0.0166666666666667,,2,6,6,2,194,0.06939102,5,0.02631579,1,1,1,0,0.0165293019512106
p2907,2,0.0333333333333333,51.7166666666667,2,12,10,1,60,0,33,0.039473685,0.5,1,1,1,0.0327898228229909
p2908,1,0.0166666666666667,,2,7,6,1,150,0,6,0.02631579,0.5,0,0,0,0.0165293019512106
p2909,3,0.05,8.53333333333333,4,49,21,3,1101.66666666667,0,15,0.0526315783333333,0.75,1,1,0,0.048790164169432
p291,1,0.0166666666666667,,1,11,11,1,150,0,10,0.02631579,1,1,1,0,0.0165293019512106
p2910,1,0.0166666666666667,,2,13,10,2,209,0.21359414,10,0.02631579,1,0,0,0,0.0165293019512106
p2911,1,0.0166666666666667,,1,2,2,1,150,1,6,0.02631579,1,1,1,1,0.0165293019512106
p2913,3,0.05,25.4666666666667,3,67,56,2,330,0,41,0.0526315783333333,0.666666666666667,1,1,1,0.048790164169432
p2914,1,0.0166666666666667,,2,9,8,1,150,0,8,0.02631579,0.5,1,1,1,0.0165293019512106
p2916,2,0.0333333333333333,4.61666666666667,3,30,16,2,90,0,13.5,0.013157895,0.666666666666667,0,0,0,0.0327898228229909
p2917,3,0.05,24.4333333333333,4,123,57,3,475,0,39.6666666666667,0.0526315783333333,0.75,1,1,1,0.048790164169432
p2919,3,0.05,22.9,4,106,50,4,506.25,0.00237697025,35.3333333333333,0.0526315783333333,1,0,0,0,0.048790164169432
p292,1,0.0166666666666667,,1,1,1,1,150,1,7,0.02631579,1,1,1,1,0.0165293019512106
p2920,1,0.0166666666666667,,2,11,9,2,169.5,0.18090491,8,0.02631579,1,1,1,1,0.0165293019512106
p2921,0,0,,1,1,1,1,7,0.43892163,,,1,1,1,1,0
p2924,1,0.0166666666666667,,2,15,13,1,150,0,11,0.02631579,0.5,1,1,1,0.0165293019512106
p2925,0,0,,1,7,7,1,5,0.12894161,,,1,0,0,0,0
p2926,1,0.0166666666666667,,3,18,12,2,82.75,0,12,0.02631579,0.666666666666667,1,1,1,0.0165293019512106
p2927,1,0.0166666666666667,,2,15,13,1,150,0,12,0.02631579,0.5,1,1,1,0.0165293019512106
p2928,1,0.0166666666666667,,1,2,2,1,150,1,11,0.02631579,1,1,1,1,0.0165293019512106
p2929,3,0.05,24.3583333333333,4,119,57,3,458.333333333333,0,37.3333333333333,0.0526315783333333,0.75,0,0,0,0.048790164169432
p293,4,0.0666666666666667,11.5055555555556,4,103,45,3,633.333333333333,0,37.25,0.06578947375,0.75,1,1,0,0.0645385211375712
p2930,3,0.05,23.025,4,108,53,3,475,0,35,0.0526315783333333,0.75,0,0,0,0.048790164169432
p2931,2,0.0333333333333333,10.7,3,54,30,2,90,0,24.5,0.013157895,0.666666666666667,1,0,0,0.0327898228229909
p2933,1,0.0166666666666667,,2,12,11,2,181.5,0.1832843,10,0.02631579,1,1,1,1,0.0165293019512106
p2935,1,0.0166666666666667,,2,20,14,1,150,0,13,0.02631579,0.5,1,1,1,0.0165293019512106
p2936,1,0.0166666666666667,,1,1,1,1,150,1,8,0.02631579,1,0,0,0,0.0165293019512106
p2938,1,0.0166666666666667,,2,9,8,1,150,0,8,0.02631579,0.5,1,1,1,0.0165293019512106
p2939,1,0.0166666666666667,,2,9,8,2,154.5,0.24117404,7,0.02631579,1,0,0,0,0.0165293019512106
p294,1,0.0166666666666667,,2,25,23,2,184,0.07574538,23,0.02631579,1,1,1,1,0.0165293019512106
p2940,3,0.05,21.6166666666667,4,104,50,3,400,0,34,0.0526315783333333,0.75,1,1,1,0.048790164169432
p2941,1,0.0166666666666667,,2,16,13,1,150,0,13,0.02631579,0.5,0,0,0,0.0165293019512106
p2943,1,0.0166666666666667,,2,16,11,1,150,0,11,0.02631579,0.5,0,0,0,0.0165293019512106
p2944,3,0.05,18.0583333333333,4,95,44,3,415,0,30.3333333333333,0.0526315783333333,0.75,1,1,1,0.048790164169432
p2945,1,0.0166666666666667,,2,17,16,1,150,0,15,0.02631579,0.5,1,1,1,0.0165293019512106
p2947,1,0.0166666666666667,,1,1,1,1,60,1,6,0.02631579,1,1,0,0,0.0165293019512106
p2948,1,0.0166666666666667,,2,9,9,2,276.5,0.36632375,6,0.02631579,1,0,0,0,0.0165293019512106
p2949,1,0.0166666666666667,,2,13,12,1,150,0,11,0.02631579,0.5,1,1,1,0.0165293019512106
p295,1,0.0166666666666667,,2,7,6,2,208,0.124404355,6,0.02631579,1,0,0,0,0.0165293019512106
p2950,3,0.05,24.7,4,121,58,3,385,0,39.6666666666667,0.0526315783333333,0.75,0,0,0,0.048790164169432
p2951,1,0.0166666666666667,,2,9,8,1,150,0,7,0.02631579,0.5,1,1,0,0.0165293019512106
p2952,1,0.0166666666666667,,2,10,9,1,135,0,8,0.02631579,0.5,0,0,0,0.0165293019512106
p2953,0,0,,1,1,1,0,,,,,0,1,1,0,0
p2954,1,0.0166666666666667,,2,12,11,2,195.5,0.124112695,11,0.02631579,1,1,1,1,0.0165293019512106
p2955,0,0,,1,2,2,1,3,0.3088859,,,1,0,0,0,0
p2956,2,0.0333333333333333,41.0833333333333,2,9,8,2,285,0.5,26.5,0.039473685,1,1,1,1,0.0327898228229909
p2957,1,0.0166666666666667,,3,25,15,3,135.75,0.0581195966666667,14,0.02631579,1,1,1,1,0.0165293019512106
p2958,1,0.0166666666666667,,2,8,7,1,150,0,7,0.02631579,0.5,0,0,0,0.0165293019512106
p2959,1,0.0166666666666667,,2,15,12,1,150,0,11,0.02631579,0.5,1,0,0,0.0165293019512106
p296,2,0.0333333333333333,50.8833333333333,2,10,8,1,150,0,33.5,0.039473685,0.5,1,1,1,0.0327898228229909
p2960,2,0.0333333333333333,41.2166666666667,2,6,5,2,375,0.5,25.5,0.039473685,1,0,0,0,0.0327898228229909
p2961,2,0.0333333333333333,40.5833333333333,2,15,12,2,337.5,0.5,31.5,0.039473685,1,1,1,1,0.0327898228229909
p2962,1,0.0166666666666667,,2,7,7,1,150,0,6,0.02631579,0.5,0,0,0,0.0165293019512106
p2963,2,0.0333333333333333,19.6833333333333,3,39,26,4,259.25,0.1909686825,20,0.039473685,1.33333333333333,1,0,0,0.0327898228229909
p2964,0,0,,1,1,1,1,0,0.13258052,,,1,0,0,0,0
p2965,2,0.0333333333333333,44.6833333333333,3,76,58,2,222.5,0,35,0.039473685,0.666666666666667,0,0,0,0.0327898228229909
p2966,1,0.0166666666666667,,2,11,8,2,245,0.4251709,7,0.02631579,1,1,1,1,0.0165293019512106
p2967,1,0.0166666666666667,,1,1,1,1,150,1,16,0.02631579,1,0,0,0,0.0165293019512106
p2968,1,0.0166666666666667,,2,17,14,2,209.5,0.2466443,13,0.02631579,1,0,0,0,0.0165293019512106
p2969,1,0.0166666666666667,,2,13,11,2,170.5,0.06024289,10,0.02631579,1,0,0,0,0.0165293019512106
p297,1,0.0166666666666667,,2,7,6,2,164.5,0.0177941435,6,0.02631579,1,1,0,0,0.0165293019512106
p2970,2,0.0333333333333333,51.4666666666667,2,7,6,2,292.5,0.5,32,0.039473685,1,1,1,1,0.0327898228229909
p2971,2,0.0333333333333333,50.95,2,10,9,1,150,0,34,0.039473685,0.5,1,0,0,0.0327898228229909
p2972,1,0.0166666666666667,,2,9,8,2,167.5,0.26786098,8,0.02631579,1,1,1,0,0.0165293019512106
p2973,1,0.0166666666666667,,2,10,10,1,75,0,9,0.02631579,0.5,1,1,0,0.0165293019512106
p2974,1,0.0166666666666667,,2,7,7,2,205.5,0.15829909,6,0.02631579,1,0,0,0,0.0165293019512106
p2975,1,0.0166666666666667,,2,16,12,2,150,0,11,0.02631579,1,1,1,1,0.0165293019512106
p2976,1,0.0166666666666667,,2,9,8,2,20.5,0.07182333,8,0.02631579,1,0,0,0,0.0165293019512106
p2978,1,0.0166666666666667,,2,19,13,1,150,0,13,0.02631579,0.5,1,1,1,0.0165293019512106
p2979,1,0.0166666666666667,,2,11,10,2,156,0.0196074435,10,0.02631579,1,0,0,0,0.0165293019512106
p298,2,0.0333333333333333,43.55,2,11,9,2,375,0.5,30.5,0.039473685,1,1,1,1,0.0327898228229909
p2980,0,0,,1,1,1,1,22,0.5157599,,,1,0,0,0,0
p2981,1,0.0166666666666667,,1,1,1,1,150,1,7,0.02631579,1,1,1,0,0.0165293019512106
p2982,1,0.0166666666666667,,2,11,10,1,125,0,9,0.02631579,0.5,1,1,0,0.0165293019512106
p2983,1,0.0166666666666667,,2,9,9,2,17.25,0.020801324,9,0,1,0,0,0,0.0165293019512106
p2984,1,0.0166666666666667,,2,8,7,1,150,0,6,0.02631579,0.5,0,0,0,0.0165293019512106
p2985,1,0.0166666666666667,,2,7,6,2,156,0.0082706425,6,0.02631579,1,0,0,0,0.0165293019512106
p2986,2,0.0333333333333333,41.5,2,6,6,2,375,0.5,26.5,0.039473685,1,0,0,0,0.0327898228229909
p299,1,0.0166666666666667,,2,13,11,1,150,0,10,0.02631579,0.5,1,1,1,0.0165293019512106
p2990,2,0.0333333333333333,7.1,3,23,14,2,157.5,,9.5,0.02631579,0.666666666666667,1,1,1,0.0327898228229909
p2991,1,0.0166666666666667,,2,8,7,1,150,0,7,0.02631579,0.5,1,1,1,0.0165293019512106
p2992,1,0.0166666666666667,,2,27,19,1,150,0,17,0.02631579,0.5,1,1,1,0.0165293019512106
p2993,1,0.0166666666666667,,1,1,1,1,150,1,5,0.02631579,1,1,1,1,0.0165293019512106
p2994,3,0.05,16.1083333333333,4,86,39,4,550.75,0.071588665,27.6666666666667,0.0526315783333333,1,1,1,1,0.048790164169432
p2995,1,0.0166666666666667,,2,16,13,1,150,0,12,0.02631579,0.5,0,0,0,0.0165293019512106
p2996,1,0.0166666666666667,,2,42,41,1,150,0,40,0.02631579,0.5,1,1,0,0.0165293019512106
p2997,1,0.0166666666666667,,2,17,11,2,267.5,0.25869897,11,0.02631579,1,1,1,0,0.0165293019512106
p2998,1,0.0166666666666667,,2,19,18,2,165.5,0.0233309975,17,0.02631579,1,1,1,1,0.0165293019512106
p2999,1,0.0166666666666667,,3,6,5,2,10.75,0.38180873,4.9225,0,0.666666666666667,0,0,0,0.0165293019512106
p30,1,0.0166666666666667,,2,7,6,2,283,0.42847385,6,0.02631579,1,1,1,1,0.0165293019512106
p300,1,0.0166666666666667,,2,11,9,2,120,0.10345564,9,0.02631579,1,0,0,0,0.0165293019512106
p3000,7,0.116666666666667,5.96388888888889,6,151.280000000001,38,6,8260.32948996292,0.142857142857143,28,0.105263156428571,1,1,1,1,0.110348057168865
p3001,1,0.0166666666666667,,1,1,1,1,150,1,7,0.02631579,1,0,0,0,0.0165293019512106
p3002,3,0.05,21.4416666666667,4,107,50,3,458.333333333333,0,34,0.0526315783333333,0.75,1,1,1,0.048790164169432
p3003,3,0.05,23.5333333333333,3,9,8,3,475,0.666666666666667,19,0.0526315783333333,1,1,1,1,0.048790164169432
p3004,1,0.0166666666666667,,2,16,15,1,150,0,15,0.02631579,0.5,0,0,0,0.0165293019512106
p3006,1,0.0166666666666667,,1,1,1,1,150,1,7,0.02631579,1,0,0,0,0.0165293019512106
p3008,1,0.0166666666666667,,2,8,7,2,171,0.2644945,7,0.02631579,1,0,0,0,0.0165293019512106
p3009,1,0.0166666666666667,,2,7,7,2,96,0.112243845,6,0.02631579,1,1,1,1,0.0165293019512106
p301,1,0.0166666666666667,,2,13,11,2,150,0,11,0.02631579,1,1,1,1,0.0165293019512106
p3010,1,0.0166666666666667,,2,11,9,2,186.5,0.097314105,8,0.02631579,1,0,0,0,0.0165293019512106
p3011,1,0.0166666666666667,,1,1,1,1,150,1,7,0.02631579,1,0,0,0,0.0165293019512106
p3012,2,0.0333333333333333,44.85,2,13,10,2,375,0.5,31.5,0.039473685,1,1,0,0,0.0327898228229909
p3013,3,0.05,18.625,4,93,44,3,458.333333333333,0,30,0.0526315783333333,0.75,1,1,1,0.048790164169432
p3014,1,0.0166666666666667,,2,13,12,1,150,0,11,0.02631579,0.5,1,1,0,0.0165293019512106
p3015,1,0.0166666666666667,,2,12,10,2,259,0.254114865,9,0.02631579,1,0,0,0,0.0165293019512106
p3016,1,0.0166666666666667,,2,11,10,1,150,0,9,0.02631579,0.5,1,0,0,0.0165293019512106
p3017,1,0.0166666666666667,,2,15,12,1,150,0,11,0.02631579,0.5,1,0,0,0.0165293019512106
p3018,3,0.05,19.9916666666667,3,98,47,3,475,0,32,0.0526315783333333,1,0,0,0,0.048790164169432
p3019,1,0.0166666666666667,,2,37,34,1,150,0,34,0.02631579,0.5,0,0,0,0.0165293019512106
p302,1,0.0166666666666667,,2,13,12,1,150,0,12,0.02631579,0.5,0,0,0,0.0165293019512106
p3020,1,0.0166666666666667,,1,1,1,1,150,1,16,0.02631579,1,1,1,1,0.0165293019512106
p3021,1,0.0166666666666667,,2,10,9,2,155.5,0.2158294,8,0.02631579,1,0,0,0,0.0165293019512106
p3022,3,0.05,19.3083333333333,4,94,45,3,475,0,30.6666666666667,0.0526315783333333,0.75,1,0,0,0.048790164169432
p3023,1,0.0166666666666667,,2,13,10,2,142,0.317103685,9,0.02631579,1,0,0,0,0.0165293019512106
p3024,1,0.0166666666666667,,2,12,9,2,184.5,0.26554395,9,0.02631579,1,1,1,0,0.0165293019512106
p3025,1,0.0166666666666667,,2,9,8,1,50,0,8,0.02631579,0.5,1,1,1,0.0165293019512106
p3027,1,0.0166666666666667,,2,11,10,2,156,0.0087744565,9,0.02631579,1,0,0,0,0.0165293019512106
p3028,1,0.0166666666666667,,2,8,7,2,137,0.094576625,7,0.02631579,1,1,1,1,0.0165293019512106
p3029,1,0.0166666666666667,,2,10,9,1,150,0,8,0.02631579,0.5,0,0,0,0.0165293019512106
p303,2,0.0333333333333333,42.1166666666667,2,9,8,2,197.5,0.5,27,0.039473685,1,0,0,0,0.0327898228229909
p3030,3,0.05,18.25,4,88,42,3,475,0,28.3333333333333,0.0526315783333333,0.75,1,1,1,0.048790164169432
p3031,1,0.0166666666666667,,2,30,19,1,150,0,17,0.02631579,0.5,1,1,1,0.0165293019512106
p3032,1,0.0166666666666667,,2,13,11,1,150,0,11,0.02631579,0.5,1,0,0,0.0165293019512106
p3033,1,0.0166666666666667,,2,12,10,1,150,0,9,0.02631579,0.5,1,1,0,0.0165293019512106
p3034,1,0.0166666666666667,,2,8,7,2,158,0.01974805,6,0.02631579,1,0,0,0,0.0165293019512106
p3035,1,0.0166666666666667,,2,14,13,1,150,0,12,0.02631579,0.5,1,1,0,0.0165293019512106
p3036,1,0.0166666666666667,,2,7,6,2,177,0.0940221,6,0.02631579,1,1,1,1,0.0165293019512106
p3037,1,0.0166666666666667,,2,10,8,1,150,0,7,0.02631579,0.5,1,1,0,0.0165293019512106
p3038,3,0.05,19.6666666666667,4,100,47,3,475,0,32.3333333333333,0.0526315783333333,0.75,1,1,1,0.048790164169432
p3039,1,0.0166666666666667,,2,8,7,1,150,0,7,0.02631579,0.5,1,1,1,0.0165293019512106
p304,1,0.0166666666666667,,2,9,8,1,15,,7,0,0.5,0,0,0,0.0165293019512106
p3040,1,0.0166666666666667,,2,6,5,3,257,0.302920133333333,4.9225,0.02631579,1.5,1,1,1,0.0165293019512106
p3041,2,0.0333333333333333,16.6833333333333,4,101,50,4,67.75,0.05028803,27,0.039473685,1,1,1,0,0.0327898228229909
p3042,3,0.05,25.575,3,60,54,3,441.666666666667,0.333333333333333,38,0.0526315783333333,1,0,0,0,0.048790164169432
p3043,1,0.0166666666666667,,2,12,10,1,150,0,9,0.02631579,0.5,1,1,1,0.0165293019512106
p3044,2,0.0333333333333333,45.7333333333333,2,10,9,2,300,0.5,32,0.039473685,1,0,0,0,0.0327898228229909
p3045,1,0.0166666666666667,,2,18,18,1,150,0,7,0.02631579,0.5,1,0,0,0.0165293019512106
p3046,1,0.0166666666666667,,2,7,6,2,125.5,0.39151415,6,0.02631579,1,0,0,0,0.0165293019512106
p3047,3,0.05,18.125,4,91,43,4,525,0.000255952725,30,0.0526315783333333,1,0,0,0,0.048790164169432
p3048,1,0.0166666666666667,,2,14,11,1,150,0,11,0.02631579,0.5,0,0,0,0.0165293019512106
p3049,2,0.0333333333333333,49.4833333333333,2,9,8,2,267.5,0.5,32.5,0.039473685,1,1,1,1,0.0327898228229909
p305,1,0.0166666666666667,,2,15,13,1,150,0,13,0.02631579,0.5,0,0,0,0.0165293019512106
p3050,1,0.0166666666666667,,2,29,26,1,150,0,26,0.02631579,0.5,1,1,1,0.0165293019512106
p3051,2,0.0333333333333333,6.71666666666667,3,35,21,2,7.5,0,16.5,0.013157895,0.666666666666667,1,1,0,0.0327898228229909
p3052,1,0.0166666666666667,,2,17,16,2,113.5,0.020031275,12,0.02631579,1,1,1,1,0.0165293019512106
p3053,3,0.05,22.45,4,114,53,3,475,0,37,0.0526315783333333,0.75,1,1,1,0.048790164169432
p3054,1,0.0166666666666667,,2,7,7,1,150,0,7,0.02631579,0.5,1,0,0,0.0165293019512106
p3055,3,0.05,23.0333333333333,4,108,52,3,475,0,35,0.0526315783333333,0.75,0,0,0,0.048790164169432
p3056,1,0.0166666666666667,,2,37,35,2,119,0.054893295,34,0.02631579,1,1,1,1,0.0165293019512106
p3057,1,0.0166666666666667,,2,9,9,2,133.5,0.447613565,7,0.02631579,1,1,1,1,0.0165293019512106
p3058,2,0.0333333333333333,21.0833333333333,3,34,25,4,283.25,0.207106675,17.5,0.039473685,1.33333333333333,1,1,0,0.0327898228229909
p3059,3,0.05,17.6416666666667,4,83,40,4,545,0.05693785,27.6666666666667,0.0526315783333333,1,1,1,1,0.048790164169432
p3060,1,0.0166666666666667,,2,14,11,1,150,0,10,0.02631579,0.5,0,0,0,0.0165293019512106
p3061,2,0.0333333333333333,49.45,3,54,46,3,293,0.01224779,26.5,0.039473685,1,1,1,0,0.0327898228229909
p3062,1,0.0166666666666667,,1,3,3,1,150,1,7,0.02631579,1,0,0,0,0.0165293019512106
p3063,1,0.0166666666666667,,2,7,6,1,150,0,6,0.02631579,0.5,1,1,1,0.0165293019512106
p3064,1,0.0166666666666667,,2,11,9,1,150,0,8,0.02631579,0.5,0,0,0,0.0165293019512106
p3065,1,0.0166666666666667,,2,8,7,2,265,0.29837057,6,0.02631579,1,1,1,0,0.0165293019512106
p3066,1,0.0166666666666667,,2,14,12,1,150,0,12,0.02631579,0.5,0,0,0,0.0165293019512106
p3067,0,0,,1,2,2,1,25,0.3602043,,,1,1,1,1,0
p3068,2,0.0333333333333333,50.1333333333333,3,67,58,2,292.5,0,32,0.039473685,0.666666666666667,1,1,0,0.0327898228229909
p3069,2,0.0333333333333333,6.41666666666667,2,12,11,2,90,0.5,13.5,0.013157895,1,1,1,1,0.0327898228229909
p307,1,0.0166666666666667,,2,8,7,1,150,0,7,0.02631579,0.5,1,1,1,0.0165293019512106
p3071,1,0.0166666666666667,,1,0,0,1,150,1,5,0.02631579,1,0,0,0,0.0165293019512106
p3072,1,0.0166666666666667,,3,66,53,2,229,0,11,0.02631579,0.666666666666667,1,1,0,0.0165293019512106
p3073,1,0.0166666666666667,,2,10,9,1,150,0,9,0.02631579,0.5,1,1,0,0.0165293019512106
p3074,1,0.0166666666666667,,2,14,12,1,35,0,11,0.02631579,0.5,1,1,1,0.0165293019512106
p3075,1,0.0166666666666667,,2,13,12,1,150,0,11,0.02631579,0.5,0,0,0,0.0165293019512106
p3076,1,0.0166666666666667,,2,14,13,2,213.5,0.17155251,13,0.02631579,1,0,0,0,0.0165293019512106
p3077,1,0.0166666666666667,,2,7,6,2,184,0.073252305,5,0.02631579,1,1,1,1,0.0165293019512106
p3078,1,0.0166666666666667,,2,14,11,1,150,0,11,0.02631579,0.5,0,0,0,0.0165293019512106
p308,1,0.0166666666666667,,2,11,10,1,150,0,9,0.02631579,0.5,1,1,1,0.0165293019512106
p3080,1,0.0166666666666667,,2,9,9,2,123,0.040339775,9,0.02631579,1,1,1,0,0.0165293019512106
p3082,0,0,,1,1,1,1,1,0.059044607,,,1,0,0,0,0
p3083,4,0.0666666666666667,17.0166666666667,5,151.280000000001,58,4,461.25,0,41.25,0.059210525,0.8,0,0,0,0.0645385211375712
p3084,3,0.05,23.95,4,118,56,3,365,0,38.6666666666667,0.0526315783333333,0.75,0,0,0,0.048790164169432
p3085,1,0.0166666666666667,,1,1,1,1,150,1,4.9225,0.02631579,1,1,1,1,0.0165293019512106
p3086,1,0.0166666666666667,,2,11,9,2,250.5,0.276506485,8,0.02631579,1,1,1,1,0.0165293019512106
p3088,0,0,,1,16,16,1,1.75,0.016714778,,,1,1,1,1,0
p3089,3,0.05,23.4833333333333,3,64,54,3,415,0.333333333333333,38.6666666666667,0.0526315783333333,1,1,1,1,0.048790164169432
p3090,1,0.0166666666666667,,2,17,14,1,150,0,12,0.02631579,0.5,1,0,0,0.0165293019512106
p3091,1,0.0166666666666667,,2,11,10,3,90,0.00311364466666667,10,0.02631579,1.5,1,1,1,0.0165293019512106
p3092,0,0,,1,7,7,1,3,0.28572732,,,1,1,1,1,0
p3095,3,0.05,23.9916666666667,4,111,54,3,475,0,36.6666666666667,0.0526315783333333,0.75,1,1,0,0.048790164169432
p3096,1,0.0166666666666667,,2,14,12,2,208.5,0.38715628,11,0.02631579,1,1,1,1,0.0165293019512106
p3098,1,0.0166666666666667,,2,10,9,1,150,0,8,0.02631579,0.5,1,1,1,0.0165293019512106
p3099,2,0.0333333333333333,45.9666666666667,3,69,57,2,375,0,34,0.039473685,0.666666666666667,1,1,1,0.0327898228229909
p31,0,0,,1,1,1,1,10,0.31349257,,,1,0,0,0,0
p310,1,0.0166666666666667,,2,13,12,2,243.5,0.19542128,11,0.02631579,1,1,1,1,0.0165293019512106
p3100,1,0.0166666666666667,,2,9,9,1,150,0,8,0.02631579,0.5,0,0,0,0.0165293019512106
p3101,2,0.0333333333333333,34.9333333333333,3,55,43,2,375,0,25,0.039473685,0.666666666666667,1,1,0,0.0327898228229909
p3102,1,0.0166666666666667,,2,10,9,2,229.5,0.2816764,7,0.02631579,1,1,1,1,0.0165293019512106
p3103,1,0.0166666666666667,,2,7,6,2,214.5,0.28105455,5,0.02631579,1,0,0,0,0.0165293019512106
p3104,1,0.0166666666666667,,2,8,7,1,150,0,7,0.02631579,0.5,1,1,1,0.0165293019512106
p3105,1,0.0166666666666667,,1,0,0,1,150,1,13,0.02631579,1,0,0,0,0.0165293019512106
p3106,3,0.05,21.8833333333333,4,102,49,4,236.25,0,33.3333333333333,0.0526315783333333,1,0,0,0,0.048790164169432
p3107,3,0.05,25.15,4,126,59,3,338.333333333333,0,41.3333333333333,0.0526315783333333,0.75,0,0,0,0.048790164169432
p3108,1,0.0166666666666667,,1,1,1,1,15,1,12,0,1,0,0,0,0.0165293019512106
p3109,2,0.0333333333333333,44.5833333333333,2,6,6,2,375,0.5,27.5,0.039473685,1,0,0,0,0.0327898228229909
p311,4,0.0666666666666667,13.5666666666667,4,77,49,4,405,0,29.25,0.04605263125,1,1,1,1,0.0645385211375712
p3110,1,0.0166666666666667,,2,26,17,1,150,0,14,0.02631579,0.5,1,1,1,0.0165293019512106
p3111,1,0.0166666666666667,,2,12,10,1,150,0,9,0.02631579,0.5,1,1,1,0.0165293019512106
p3112,1,0.0166666666666667,,2,8,7,1,150,0,7,0.02631579,0.5,1,1,1,0.0165293019512106
p3113,1,0.0166666666666667,,2,11,10,1,150,0,9,0.02631579,0.5,0,0,0,0.0165293019512106
p3114,1,0.0166666666666667,,2,25,21,1,150,0,20,0.02631579,0.5,1,1,1,0.0165293019512106
p3115,1,0.0166666666666667,,2,9,8,2,189.625,0.1762137,8,0.02631579,1,1,1,1,0.0165293019512106
p3116,3,0.05,24.45,3,62,54,3,475,0.333333333333333,38.6666666666667,0.0526315783333333,1,0,0,0,0.048790164169432
p3117,1,0.0166666666666667,,2,6,6,2,221,0.246407865,5,0.02631579,1,1,1,1,0.0165293019512106
p3118,1,0.0166666666666667,,2,6,5,2,184,0.210129665,5,0.02631579,1,0,0,0,0.0165293019512106
p3119,1,0.0166666666666667,,2,8,8,1,150,0,7,0.02631579,0.5,1,1,1,0.0165293019512106
p312,0,0,,1,2,2,1,16,0.320237,,,1,0,0,0,0
p3120,1,0.0166666666666667,,2,14,13,1,150,0,13,0.02631579,0.5,0,0,0,0.0165293019512106
p3121,1,0.0166666666666667,,2,16,15,1,150,0,15,0.02631579,0.5,1,1,1,0.0165293019512106
p3122,0,0,,1,7,7,0,,,,,0,0,0,0,0
p3123,1,0.0166666666666667,,2,9,8,1,60,0,7,0.02631579,0.5,1,1,0,0.0165293019512106
p3124,1,0.0166666666666667,,1,3,3,1,150,1,10,0.02631579,1,1,1,1,0.0165293019512106
p3125,3,0.05,23,4,113,53,4,435,0.00385760675,37,0.0526315783333333,1,0,0,0,0.048790164169432
p3126,2,0.0333333333333333,42.25,2,9,8,2,330,0.5,28.5,0.039473685,1,1,1,1,0.0327898228229909
p3128,1,0.0166666666666667,,2,20,16,1,150,0,15,0.02631579,0.5,1,1,1,0.0165293019512106
p3129,0,0,,1,1,1,1,36.5,0.08086663,,,1,1,0,0,0
p313,1,0.0166666666666667,,2,6,5,2,168,0.034874645,5,0.02631579,1,0,0,0,0.0165293019512106
p3130,3,0.05,22.1416666666667,3,58,49,3,475,0.333333333333333,35.3333333333333,0.0526315783333333,1,1,1,1,0.048790164169432
p3131,1,0.0166666666666667,,2,7,7,2,148,0.106642225,6,0.02631579,1,0,0,0,0.0165293019512106
p3132,2,0.0333333333333333,49.5166666666667,2,11,9,1,150,0,33.5,0.039473685,0.5,1,1,0,0.0327898228229909
p3133,1,0.0166666666666667,,2,8,7,2,154,0.0164896215,6,0.02631579,1,0,0,0,0.0165293019512106
p3134,3,0.05,19.4166666666667,4,93,45,3,475,0,30,0.0526315783333333,0.75,0,0,0,0.048790164169432
p3135,1,0.0166666666666667,,1,0,0,1,150,1,13,0.02631579,1,0,0,0,0.0165293019512106
p3136,1,0.0166666666666667,,2,8,7,2,153.5,0.007878837,7,0.02631579,1,0,0,0,0.0165293019512106
p3137,1,0.0166666666666667,,2,10,9,2,117,0.0310080125,8,0.02631579,1,0,0,0,0.0165293019512106
p3138,1,0.0166666666666667,,2,13,11,2,273.5,0.28256875,10,0.02631579,1,0,0,0,0.0165293019512106
p3139,1,0.0166666666666667,,2,11,10,2,302,0.37675275,10,0.02631579,1,1,1,1,0.0165293019512106
p314,1,0.0166666666666667,,2,8,7,2,232.5,0.43314225,6,0.02631579,1,1,1,1,0.0165293019512106
p3140,2,0.0333333333333333,45.0666666666667,3,73,57,2,375,0,33.5,0.039473685,0.666666666666667,1,1,1,0.0327898228229909
p3141,1,0.0166666666666667,,1,1,1,1,150,1,5,0.02631579,1,1,1,1,0.0165293019512106
p3142,1,0.0166666666666667,,1,1,1,1,150,1,8,0.02631579,1,1,1,1,0.0165293019512106
p3143,1,0.0166666666666667,,2,6,6,2,231,0.1708881,6,0.02631579,1,0,0,0,0.0165293019512106
p3144,1,0.0166666666666667,,2,10,9,1,85,0,8,0.02631579,0.5,1,1,1,0.0165293019512106
p3145,1,0.0166666666666667,,2,7,7,1,150,0,6,0.02631579,0.5,1,1,1,0.0165293019512106
p3146,1,0.0166666666666667,,2,9,8,2,158,0.04902996,8,0.02631579,1,0,0,0,0.0165293019512106
p3148,1,0.0166666666666667,,2,13,12,1,150,0,11,0.02631579,0.5,1,1,1,0.0165293019512106
p3149,1,0.0166666666666667,,2,10,7,2,174,0.05006892,7,0.02631579,1,1,1,1,0.0165293019512106
p315,1,0.0166666666666667,,2,12,10,2,244.5,0.2519846,9,0.02631579,1,1,1,1,0.0165293019512106
p3150,1,0.0166666666666667,,3,37,20,4,174.375,0.20316286,14,0.02631579,1.33333333333333,1,1,0,0.0165293019512106
p3151,1,0.0166666666666667,,2,11,8,1,150,0,8,0.02631579,0.5,0,0,0,0.0165293019512106
p3152,1,0.0166666666666667,,2,8,7,2,104.5,0.08885166,6,0.02631579,1,0,0,0,0.0165293019512106
p3154,1,0.0166666666666667,,2,10,9,1,150,0,9,0.02631579,0.5,1,1,1,0.0165293019512106
p3155,1,0.0166666666666667,,2,16,15,2,156,0.008285652,14,0.02631579,1,1,1,0,0.0165293019512106
p3156,1,0.0166666666666667,,2,12,10,2,259,0.34543395,9,0.02631579,1,0,0,0,0.0165293019512106
p3157,2,0.0333333333333333,33.8833333333333,3,45,38,3,294.666666666667,0.165937866666667,23,0.039473685,1,0,0,0,0.0327898228229909
p3158,1,0.0166666666666667,,2,8,7,2,158.375,0.12345789,5,0.02631579,1,0,0,0,0.0165293019512106
p316,1,0.0166666666666667,,2,15,11,2,150,0,9,0.02631579,1,1,1,1,0.0165293019512106
p3160,0,0,,1,1,1,0,,,,,0,0,0,0,0
p3162,4,0.0666666666666667,9.13333333333333,5,82,33,4,662.5,0,20,0.06578947375,0.8,1,1,0,0.0645385211375712
p3163,1,0.0166666666666667,,2,14,12,1,150,0,11,0.02631579,0.5,1,1,1,0.0165293019512106
p3164,0,0,,1,1,1,1,3,0.04059394,,,1,0,0,0,0
p3165,1,0.0166666666666667,,2,9,8,2,184.5,0.13910958,7,0.02631579,1,1,1,1,0.0165293019512106
p3166,1,0.0166666666666667,,2,12,10,1,150,0,10,0.02631579,0.5,1,1,1,0.0165293019512106
p3167,2,0.0333333333333333,36.1833333333333,3,33,33,2,1366.8281,0.5,18,0.129561403322221,0.666666666666667,0,0,0,0.0327898228229909
p3168,3,0.05,18.9583333333333,4,95,43,3,475,0,29.6666666666667,0.0526315783333333,0.75,1,1,1,0.048790164169432
p317,1,0.0166666666666667,,1,1,1,1,150,1,7,0.02631579,1,0,0,0,0.0165293019512106
p3171,1,0.0166666666666667,,2,17,14,1,150,0,14,0.02631579,0.5,1,0,0,0.0165293019512106
p3172,1,0.0166666666666667,,2,10,9,2,244,0.28738385,7,0.02631579,1,1,0,0,0.0165293019512106
p3173,3,0.05,19.5,4,105,49,3,410,0,34,0.0526315783333333,0.75,1,1,0,0.048790164169432
p3174,1,0.0166666666666667,,2,11,10,1,150,0,10,0.02631579,0.5,1,1,1,0.0165293019512106
p3175,1,0.0166666666666667,,2,17,15,2,145.5,0.08153145,14,0.02631579,1,1,1,1,0.0165293019512106
p3176,1,0.0166666666666667,,2,30,29,1,150,0,29,0.02631579,0.5,0,0,0,0.0165293019512106
p3179,1,0.0166666666666667,,2,15,13,1,150,0,12,0.02631579,0.5,1,1,1,0.0165293019512106
p318,3,0.05,19.3666666666667,3,51,42,3,475,0.333333333333333,30,0.0526315783333333,1,1,1,1,0.048790164169432
p3180,1,0.0166666666666667,,2,16,15,2,155.5,0.008307781,15,0.02631579,1,1,1,1,0.0165293019512106
p3181,1,0.0166666666666667,,2,4,3,2,91.5,0.399998515,4.9225,0.02631579,1,1,1,1,0.0165293019512106
p3182,1,0.0166666666666667,,2,9,8,2,208.5,0.1813829,7,0.02631579,1,1,1,1,0.0165293019512106
p3183,1,0.0166666666666667,,1,1,1,1,150,,9,0.02631579,1,0,0,0,0.0165293019512106
p3184,1,0.0166666666666667,,2,7,7,2,161,0.03360792,7,0.02631579,1,1,1,0,0.0165293019512106
p3185,1,0.0166666666666667,,2,15,12,1,150,0,9,0.02631579,0.5,1,0,0,0.0165293019512106
p3186,3,0.05,22.875,4,115,54,3,458.333333333333,0,38,0.0526315783333333,0.75,1,1,1,0.048790164169432
p3187,2,0.0333333333333333,37.4666666666667,3,55,45,4,344,0.0401259135,25.5,0.039473685,1.33333333333333,1,1,0,0.0327898228229909
p3189,1,0.0166666666666667,,1,2,2,1,150,1,9,0.02631579,1,0,0,0,0.0165293019512106
p319,1,0.0166666666666667,,1,3,3,1,15,1,11,0,1,1,1,1,0.0165293019512106
p3190,1,0.0166666666666667,,2,12,10,1,150,0,9,0.02631579,0.5,1,1,1,0.0165293019512106
p3191,1,0.0166666666666667,,1,3,3,1,150,1,13,0.02631579,1,1,0,0,0.0165293019512106
p3192,3,0.05,20.1083333333333,4,100,47,3,475,0,32.6666666666667,0.0526315783333333,0.75,0,0,0,0.048790164169432
p3194,1,0.0166666666666667,,2,11,9,2,243.5,0.2265631,9,0.02631579,1,0,0,0,0.0165293019512106
p3195,1,0.0166666666666667,,2,11,10,1,150,0,10,0.02631579,0.5,0,0,0,0.0165293019512106
p3196,1,0.0166666666666667,,2,9,8,2,78.5,0.046957615,8,0.02631579,1,1,1,1,0.0165293019512106
p3197,1,0.0166666666666667,,2,8,7,1,150,0,6,0.02631579,0.5,0,0,0,0.0165293019512106
p3198,1,0.0166666666666667,,2,23,21,1,60,0,19,0.02631579,0.5,1,1,0,0.0165293019512106
p3199,3,0.05,23.65,4,117,55,3,365,0,38.6666666666667,0.0526315783333333,0.75,0,0,0,0.048790164169432
p32,1,0.0166666666666667,,2,10,9,1,150,0,8,0.02631579,0.5,1,0,0,0.0165293019512106
p320,1,0.0166666666666667,,2,12,11,1,150,0,11,0.02631579,0.5,1,1,1,0.0165293019512106
p3200,2,0.0333333333333333,52.55,3,65,59,2,375,0,32.5,0.039473685,0.666666666666667,1,1,1,0.0327898228229909
p3201,1,0.0166666666666667,,2,13,12,1,150,0,10,0.02631579,0.5,0,0,0,0.0165293019512106
p3203,1,0.0166666666666667,,2,15,13,2,177,0.161379875,12,0.02631579,1,0,0,0,0.0165293019512106
p3204,1,0.0166666666666667,,2,17,14,1,150,0,10,0.02631579,0.5,1,1,0,0.0165293019512106
p3205,1,0.0166666666666667,,2,5,4,2,80,0.220384075,4.9225,0.02631579,1,0,0,0,0.0165293019512106
p3206,1,0.0166666666666667,,2,7,6,1,150,0,5,0.02631579,0.5,1,0,0,0.0165293019512106
p3207,1,0.0166666666666667,,2,13,10,2,170,0.16422619,10,0.02631579,1,1,0,0,0.0165293019512106
p3208,1,0.0166666666666667,,2,21,20,1,150,0,19,0.02631579,0.5,1,1,1,0.0165293019512106
p3209,1,0.0166666666666667,,2,8,7,2,247.5,0.22008635,7,0.02631579,1,1,1,1,0.0165293019512106
p321,1,0.0166666666666667,,2,13,10,2,228.5,0.177248285,10,0.02631579,1,1,1,1,0.0165293019512106
p3210,1,0.0166666666666667,,2,7,6,2,281.5,0.36238742,6,0.02631579,1,1,1,1,0.0165293019512106
p3211,2,0.0333333333333333,3.78333333333333,3,21,12,3,140.666666666667,0.04551835,10,0.013157895,1,1,1,0,0.0327898228229909
p3212,1,0.0166666666666667,,2,11,9,2,213,0.10660907,8,0.02631579,1,1,1,0,0.0165293019512106
p3213,0,0,,1,3,3,1,26,0.6410647,,,1,1,1,1,0
p3214,1,0.0166666666666667,,2,8,7,2,232.5,0.193824635,7,0.02631579,1,1,1,1,0.0165293019512106
p3215,2,0.0333333333333333,50.5833333333333,3,67,58,2,337.5,0,32.5,0.039473685,0.666666666666667,0,0,0,0.0327898228229909
p3216,4,0.0666666666666667,14.4222222222222,5,137,50,4,8260.32948996292,0,33,0.06578947375,0.8,0,0,0,0.0645385211375712
p3217,1,0.0166666666666667,,2,24,20,1,60,0,19,0.02631579,0.5,0,0,0,0.0165293019512106
p3218,1,0.0166666666666667,,2,10,8,1,150,0,7,0.02631579,0.5,0,0,0,0.0165293019512106
p3219,1,0.0166666666666667,,1,0,0,1,150,1,9,0.02631579,1,0,0,0,0.0165293019512106
p322,1,0.0166666666666667,,2,19,17,2,184,0.10725967,16,0.02631579,1,0,0,0,0.0165293019512106
p3220,3,0.05,20.025,4,101,48,3,420,0,33,0.0526315783333333,0.75,1,1,1,0.048790164169432
p3221,0,0,,1,1,1,0,,,,,0,1,1,1,0
p3222,1,0.0166666666666667,,2,15,15,1,150,0,15,0.02631579,0.5,1,0,0,0.0165293019512106
p3223,1,0.0166666666666667,,2,45,26,2,158.5,0.044328325,26,0.02631579,1,1,1,0,0.0165293019512106
p3224,1,0.0166666666666667,,2,12,11,1,150,0,11,0.02631579,0.5,0,0,0,0.0165293019512106
p3225,1,0.0166666666666667,,2,18,15,1,150,0,14,0.02631579,0.5,1,1,1,0.0165293019512106
p3226,1,0.0166666666666667,,2,8,7,2,216,0.2654906,7,0.02631579,1,0,0,0,0.0165293019512106
p3227,1,0.0166666666666667,,2,11,8,2,165,0.072338455,8,0.02631579,1,1,1,1,0.0165293019512106
p3228,1,0.0166666666666667,,2,8,6,1,150,0,6,0.02631579,0.5,1,1,1,0.0165293019512106
p3229,1,0.0166666666666667,,2,16,13,1,110,0,11,0.02631579,0.5,1,1,1,0.0165293019512106
p323,1,0.0166666666666667,,2,8,7,1,150,0,7,0.02631579,0.5,1,1,1,0.0165293019512106
p3230,1,0.0166666666666667,,2,7,6,2,256.5,0.21783995,6,0.02631579,1,1,0,0,0.0165293019512106
p3231,1,0.0166666666666667,,2,15,12,1,150,0,11,0.02631579,0.5,0,0,0,0.0165293019512106
p3232,1,0.0166666666666667,,2,12,11,2,194,0.16121979,10,0.02631579,1,0,0,0,0.0165293019512106
p3233,1,0.0166666666666667,,1,2,2,1,150,1,7,0.02631579,1,1,1,1,0.0165293019512106
p3234,0,0,,1,2,2,0,,,,,0,0,0,0,0
p3235,3,0.05,24.525,3,66,54,3,475,0.333333333333333,40.3333333333333,0.0526315783333333,1,0,0,0,0.048790164169432
p3236,2,0.0333333333333333,33.1666666666667,3,43,38,2,375,0,20.5,0.039473685,0.666666666666667,0,0,0,0.0327898228229909
p3237,3,0.05,22.75,4,110,52,4,540,0.0455633225,36.3333333333333,0.0526315783333333,1,1,1,0,0.048790164169432
p3238,3,0.05,23.3,4,82,54,4,342,0.05065852,27.3333333333333,0.0526315783333333,1,0,0,0,0.048790164169432
p3239,1,0.0166666666666667,,2,11,10,1,150,0,10,0.02631579,0.5,0,0,0,0.0165293019512106
p3240,1,0.0166666666666667,,2,27,16,1,150,0,16,0.02631579,0.5,1,1,1,0.0165293019512106
p3241,1,0.0166666666666667,,2,14,13,1,150,0,13,0.02631579,0.5,1,1,1,0.0165293019512106
p3243,1,0.0166666666666667,,1,1,1,1,150,1,6,0.02631579,1,0,0,0,0.0165293019512106
p3244,1,0.0166666666666667,,2,7,7,1,75,0,7,0.02631579,0.5,1,1,1,0.0165293019512106
p3246,2,0.0333333333333333,41.9666666666667,3,57,49,2,375,0,28,0.039473685,0.666666666666667,1,1,1,0.0327898228229909
p3247,1,0.0166666666666667,,3,21,15,2,80,0,14,0.02631579,0.666666666666667,1,1,1,0.0165293019512106
p3248,2,0.0333333333333333,45.2166666666667,2,14,13,2,292.5,0.5,35.5,0.039473685,1,1,1,1,0.0327898228229909
p3249,1,0.0166666666666667,,2,14,12,1,150,0,11,0.02631579,0.5,1,1,1,0.0165293019512106
p325,1,0.0166666666666667,,2,14,12,1,150,0,12,0.02631579,0.5,0,0,0,0.0165293019512106
p3250,1,0.0166666666666667,,2,9,8,1,150,0,8,0.02631579,0.5,1,1,1,0.0165293019512106
p3251,3,0.05,20.9416666666667,3,55,47,2,375,0,33.6666666666667,0.0526315783333333,0.666666666666667,1,1,1,0.048790164169432
p3252,1,0.0166666666666667,,2,15,14,1,35,0,12,0.02631579,0.5,1,1,1,0.0165293019512106
p3253,1,0.0166666666666667,,2,25,19,1,15,,17,0,0.5,0,0,0,0.0165293019512106
p3254,1,0.0166666666666667,,2,17,16,1,150,0,16,0.02631579,0.5,1,1,1,0.0165293019512106
p3255,3,0.05,22.1833333333333,4,111,53,3,185,0,36,0.0526315783333333,0.75,0,0,0,0.048790164169432
p3256,1,0.0166666666666667,,2,9,8,1,150,0,7,0.02631579,0.5,0,0,0,0.0165293019512106
p3257,1,0.0166666666666667,,2,8,7,2,156,0.010253869,7,0.02631579,1,1,1,1,0.0165293019512106
p3258,2,0.0333333333333333,6.06666666666667,3,31,17,2,90,0,13,0.013157895,0.666666666666667,0,0,0,0.0327898228229909
p3259,1,0.0166666666666667,,1,2,2,1,150,1,8,0.02631579,1,0,0,0,0.0165293019512106
p326,3,0.05,23,4,117,54,3,475,0,38,0.0526315783333333,0.75,1,1,0,0.048790164169432
p3260,1,0.0166666666666667,,2,13,11,1,100,0,10,0.02631579,0.5,1,0,0,0.0165293019512106
p3261,1,0.0166666666666667,,2,8,7,1,150,0,6,0.02631579,0.5,0,0,0,0.0165293019512106
p3262,3,0.05,22.6666666666667,3,67,52,3,475,0.333333333333333,38.6666666666667,0.0526315783333333,1,1,1,0,0.048790164169432
p3263,1,0.0166666666666667,,2,19,14,1,150,0,13,0.02631579,0.5,1,1,1,0.0165293019512106
p3264,1,0.0166666666666667,,1,2,2,1,100,1,6,0.02631579,1,0,0,0,0.0165293019512106
p3265,3,0.05,24.5416666666667,3,58,52,3,375,0.333333333333333,37.6666666666667,0.0526315783333333,1,1,1,0,0.048790164169432
p3266,1,0.0166666666666667,,2,7,6,2,150,0.00040418525,5,0.02631579,1,0,0,0,0.0165293019512106
p3267,2,0.0333333333333333,47.8833333333333,3,71,59,2,75,0,33.5,0.039473685,0.666666666666667,1,1,1,0.0327898228229909
p3268,3,0.05,24.4416666666667,4,114,55,3,450,0,37.6666666666667,0.0526315783333333,0.75,1,1,0,0.048790164169432
p3269,1,0.0166666666666667,,1,2,2,1,150,1,9,0.02631579,1,0,0,0,0.0165293019512106
p327,2,0.0333333333333333,43.8333333333333,2,7,6,2,375,0.5,28,0.039473685,1,0,0,0,0.0327898228229909
p3270,1,0.0166666666666667,,2,14,12,1,150,0,11,0.02631579,0.5,1,1,1,0.0165293019512106
p3271,3,0.05,25.0583333333333,4,124,59,3,415,0,40.3333333333333,0.0526315783333333,0.75,1,1,1,0.048790164169432
p3272,1,0.0166666666666667,,2,21,16,1,150,0,16,0.02631579,0.5,1,1,0,0.0165293019512106
p3273,1,0.0166666666666667,,2,12,11,1,150,0,10,0.02631579,0.5,1,1,1,0.0165293019512106
p3274,0,0,,1,1,1,1,106,0.25208998,,,1,1,1,1,0
p3276,1,0.0166666666666667,,1,2,2,1,2400,1,4.9225,0.02631579,1,1,1,1,0.0165293019512106
p3277,1,0.0166666666666667,,2,10,10,2,139,0.117964125,10,0.02631579,1,1,0,0,0.0165293019512106
p3279,1,0.0166666666666667,,2,22,20,1,60,0,17,0.02631579,0.5,1,1,1,0.0165293019512106
p328,1,0.0166666666666667,,2,7,6,2,281,0.26094648,6,0.02631579,1,0,0,0,0.0165293019512106
p3280,1,0.0166666666666667,,1,1,1,1,150,1,8,0.02631579,1,0,0,0,0.0165293019512106
p3282,1,0.0166666666666667,,2,17,13,1,150,0,11,0.02631579,0.5,0,0,0,0.0165293019512106
p3283,2,0.0333333333333333,52.1,3,66,59,2,375,0,32,0.039473685,0.666666666666667,1,1,1,0.0327898228229909
p3284,1,0.0166666666666667,,2,19,18,1,150,0,18,0.02631579,0.5,1,1,0,0.0165293019512106
p3285,1,0.0166666666666667,,2,26,25,1,60,0,23,0.02631579,0.5,1,1,1,0.0165293019512106
p3286,2,0.0333333333333333,8.08333333333333,3,56,31,2,90,0,27,0.013157895,0.666666666666667,1,1,1,0.0327898228229909
p3287,1,0.0166666666666667,,2,25,17,1,0,0,14,0.02631579,0.5,1,1,1,0.0165293019512106
p329,1,0.0166666666666667,,2,7,6,1,150,0,6,0.02631579,0.5,1,1,1,0.0165293019512106
p3290,1,0.0166666666666667,,2,27,25,1,60,0,23,0.02631579,0.5,0,0,0,0.0165293019512106
p3291,1,0.0166666666666667,,2,9,7,2,237.5,0.16738405,6,0.02631579,1,0,0,0,0.0165293019512106
p3292,2,0.0333333333333333,6.68333333333333,3,46,24,2,90,0,20.5,0.013157895,0.666666666666667,0,0,0,0.0327898228229909
p3294,1,0.0166666666666667,,2,7,6,2,185,0.09324455,5,0.02631579,1,0,0,0,0.0165293019512106
p3296,1,0.0166666666666667,,2,5,5,2,171,0.05198197,5,0.02631579,1,0,0,0,0.0165293019512106
p3297,36,0.6,1.44571428571429,6,151.280000000001,59,6,8260.32948996292,0,31.6944444444444,0.129561403322221,0.972972972972973,0,0,0,0.470003629245736
p3298,1,0.0166666666666667,,2,17,15,1,150,0,14,0.02631579,0.5,0,0,0,0.0165293019512106
p3299,2,0.0333333333333333,32.1,3,43,37,2,375,0,21,0.039473685,0.666666666666667,1,1,1,0.0327898228229909
p33,2,0.0333333333333333,46.7833333333333,2,9,7,2,375,0.5,30.5,0.039473685,1,1,1,0,0.0327898228229909
p330,2,0.0333333333333333,36,3,55,45,3,439.333333333333,0.0774972333333333,26,0.039473685,1,1,1,1,0.0327898228229909
p3301,1,0.0166666666666667,,3,17,16,2,8260.32948996292,0.5,12,0.02631579,0.666666666666667,1,0,0,0.0165293019512106
p3302,1,0.0166666666666667,,1,2,2,1,150,1,6,0.02631579,1,1,1,1,0.0165293019512106
p3303,1,0.0166666666666667,,1,27,27,0,,,36,0,0,1,0,0,0.0165293019512106
p3304,2,0.0333333333333333,7.98333333333333,3,25,16,3,154.666666666667,0.040968935,12,0.02631579,1,1,0,0,0.0327898228229909
p3305,1,0.0166666666666667,,2,19,16,1,150,0,15,0.02631579,0.5,0,0,0,0.0165293019512106
p3308,1,0.0166666666666667,,2,5,4,2,158.5,0.02864118,4.9225,0.02631579,1,0,0,0,0.0165293019512106
p3309,1,0.0166666666666667,,1,1,1,1,150,1,5,0.02631579,1,0,0,0,0.0165293019512106
p331,0,0,,1,3,3,1,4,0.116081715,,,1,1,0,0,0
p3310,1,0.0166666666666667,,2,8,7,2,150,0,7,0.02631579,1,0,0,0,0.0165293019512106
p3312,1,0.0166666666666667,,1,1,1,1,150,1,8,0.02631579,1,0,0,0,0.0165293019512106
p3313,3,0.05,22.9,3,23,12,3,300,0.5,23.6666666666667,0.03508772,1,1,1,1,0.048790164169432
p3314,2,0.0333333333333333,10.0166666666667,3,25,15,4,250,0.1763440925,12,0.039473685,1.33333333333333,0,0,0,0.0327898228229909
p3315,0,0,,1,1,1,1,48.5,0.0728106,,,1,0,0,0,0
p3316,2,0.0333333333333333,49.75,2,9,7,1,150,0,31.5,0.039473685,0.5,0,0,0,0.0327898228229909
p3317,1,0.0166666666666667,,2,9,7,1,150,0,7,0.02631579,0.5,1,1,1,0.0165293019512106
p3318,1,0.0166666666666667,,1,1,1,1,150,1,5,0.02631579,1,0,0,0,0.0165293019512106
p3320,2,0.0333333333333333,43.25,2,22,13,2,375,0.5,34.5,0.039473685,1,1,1,0,0.0327898228229909
p3321,2,0.0333333333333333,53.0833333333333,2,8,7,1,150,0,32.5,0.039473685,0.5,1,1,1,0.0327898228229909
p3322,1,0.0166666666666667,,2,8,7,1,100,0,6,0.02631579,0.5,1,1,1,0.0165293019512106
p3323,1,0.0166666666666667,,2,28,20,2,137,0.12070909,19,0.02631579,1,0,0,0,0.0165293019512106
p3324,3,0.05,17.9416666666667,4,76,42,4,214.75,0.0509092425,24,0.02631579,1,1,0,0,0.048790164169432
p3325,1,0.0166666666666667,,1,1,1,1,150,1,10,0.02631579,1,0,0,0,0.0165293019512106
p3326,1,0.0166666666666667,,2,16,14,1,60,0,13,0.02631579,0.5,1,1,1,0.0165293019512106
p3327,0,0,,1,1,1,1,13,0.6674281,,,1,1,1,0,0
p3328,1,0.0166666666666667,,2,11,10,2,299.5,0.37883295,9,0.02631579,1,0,0,0,0.0165293019512106
p3329,1,0.0166666666666667,,2,10,9,1,150,0,9,0.02631579,0.5,1,1,1,0.0165293019512106
p333,1,0.0166666666666667,,2,7,6,2,138,0.08399347,5,0.02631579,1,1,1,1,0.0165293019512106
p3331,1,0.0166666666666667,,2,28,28,2,150,0.026891824,27,0.02631579,1,0,0,0,0.0165293019512106
p3332,1,0.0166666666666667,,2,21,16,1,150,0,16,0.02631579,0.5,1,0,0,0.0165293019512106
p3333,1,0.0166666666666667,,2,9,8,1,0,0,6,0.02631579,0.5,1,1,1,0.0165293019512106
p3334,1,0.0166666666666667,,2,20,16,2,202.5,0.065574875,15,0.02631579,1,1,1,0,0.0165293019512106
p3335,2,0.0333333333333333,34.8333333333333,2,9,8,2,375,0.5,22.5,0.039473685,1,0,0,0,0.0327898228229909
p3336,3,0.05,20.3333333333333,4,99,47,3,475,0,32.3333333333333,0.0526315783333333,0.75,1,1,1,0.048790164169432
p3337,3,0.05,23.3916666666667,4,112,54,3,385,0,36,0.0526315783333333,0.75,1,0,0,0.048790164169432
p3338,2,0.0333333333333333,19.6,3,37,26,4,255.75,0.21759692,18,0.039473685,1.33333333333333,0,0,0,0.0327898228229909
p3339,0,0,,1,1,1,1,11,0.348031,,,1,0,0,0,0
p334,3,0.05,24.5666666666667,4,126,59,3,460,0,40.3333333333333,0.0526315783333333,0.75,1,1,1,0.048790164169432
p3340,1,0.0166666666666667,,2,12,11,2,161.5,0.16383175,8,0.02631579,1,0,0,0,0.0165293019512106
p3341,1,0.0166666666666667,,2,8,7,1,150,0,6,0.02631579,0.5,1,1,1,0.0165293019512106
p3342,1,0.0166666666666667,,2,9,7,2,219.5,0.123794,7,0.02631579,1,0,0,0,0.0165293019512106
p3343,3,0.05,21.175,3,57,47,3,475,0.333333333333333,34.6666666666667,0.0526315783333333,1,1,1,1,0.048790164169432
p3344,1,0.0166666666666667,,2,10,9,1,150,0,8,0.02631579,0.5,1,1,1,0.0165293019512106
p3345,2,0.0333333333333333,47.8333333333333,3,71,58,2,250,0,33,0.039473685,0.666666666666667,1,1,0,0.0327898228229909
p3346,1,0.0166666666666667,,2,10,8,1,150,0,8,0.02631579,0.5,1,1,1,0.0165293019512106
p3348,2,0.0333333333333333,34.6333333333333,4,86,42,3,475,0,21.5,0.039473685,0.75,0,0,0,0.0327898228229909
p3349,2,0.0333333333333333,33.65,2,8,7,2,317.5,0.5,23,0.039473685,1,1,1,1,0.0327898228229909
p335,3,0.05,19.5416666666667,4,95,45,3,236.666666666667,0,31,0.0526315783333333,0.75,1,1,1,0.048790164169432
p3350,1,0.0166666666666667,,2,5,5,2,258.5,0.38935665,5,0.02631579,1,0,0,0,0.0165293019512106
p3351,3,0.05,22.4916666666667,4,112,52,3,475,0,36.3333333333333,0.0526315783333333,0.75,0,0,0,0.048790164169432
p3352,2,0.0333333333333333,46.8,2,14,11,2,375,0.5,33.5,0.039473685,1,0,0,0,0.0327898228229909
p3353,1,0.0166666666666667,,1,1,1,1,15,,7,0,1,0,0,0,0.0165293019512106
p3354,3,0.05,24.85,4,114,56,4,525,0.0094428565,36.6666666666667,0.0526315783333333,1,0,0,0,0.048790164169432
p3355,1,0.0166666666666667,,2,13,11,1,150,0,10,0.02631579,0.5,0,0,0,0.0165293019512106
p3356,1,0.0166666666666667,,3,53,30,3,151.25,0.103168433333333,29,0.02631579,1,1,1,0,0.0165293019512106
p3357,1,0.0166666666666667,,2,42,25,1,150,0,24,0.02631579,0.5,0,0,0,0.0165293019512106
p3358,1,0.0166666666666667,,2,7,6,2,196,0.08897396,5,0.02631579,1,0,0,0,0.0165293019512106
p3359,1,0.0166666666666667,,2,8,7,1,150,0,6,0.02631579,0.5,1,1,1,0.0165293019512106
p336,1,0.0166666666666667,,1,2,2,1,150,1,14,0.02631579,1,1,1,1,0.0165293019512106
p3360,1,0.0166666666666667,,2,18,16,1,150,0,15,0.02631579,0.5,1,1,1,0.0165293019512106
p3361,1,0.0166666666666667,,1,11,11,1,150,0,10,0.02631579,1,0,0,0,0.0165293019512106
p3362,2,0.0333333333333333,43.9833333333333,2,12,10,1,150,0,31,0.039473685,0.5,1,1,1,0.0327898228229909
p3363,1,0.0166666666666667,,2,11,9,2,163.5,0.34155565,9,0.02631579,1,1,1,1,0.0165293019512106
p3364,0,0,,1,1,1,0,,,,,0,1,1,0,0
p3365,3,0.05,21.9916666666667,4,105,50,3,475,0,34.3333333333333,0.0526315783333333,0.75,1,1,0,0.048790164169432
p3366,1,0.0166666666666667,,1,2,2,1,60,1,8,0.02631579,1,1,1,1,0.0165293019512106
p3369,1,0.0166666666666667,,2,13,10,2,170,0.05443414,10,0.02631579,1,1,1,1,0.0165293019512106
p337,2,0.0333333333333333,53.7333333333333,3,67,59,2,360,0,32.5,0.039473685,0.666666666666667,1,1,1,0.0327898228229909
p3370,1,0.0166666666666667,,2,10,9,2,155,0.011605935,8,0.02631579,1,0,0,0,0.0165293019512106
p3371,1,0.0166666666666667,,2,14,13,1,150,0,13,0.02631579,0.5,1,1,1,0.0165293019512106
p3372,2,0.0333333333333333,39.8333333333333,2,11,9,2,375,0.5,29,0.039473685,1,0,0,0,0.0327898228229909
p3374,2,0.0333333333333333,47.4333333333333,3,67,57,2,285,0,32,0.039473685,0.666666666666667,1,1,1,0.0327898228229909
p3375,1,0.0166666666666667,,2,6,6,2,193,0.08683065,6,0.02631579,1,0,0,0,0.0165293019512106
p3376,2,0.0333333333333333,9.78333333333333,3,39,23,2,90,0,18,0.013157895,0.666666666666667,0,0,0,0.0327898228229909
p3377,0,0,,1,51,51,0,,,,,0,1,1,1,0
p3378,1,0.0166666666666667,,2,15,14,2,256,0.2724946,14,0.02631579,1,0,0,0,0.0165293019512106
p3379,1,0.0166666666666667,,2,9,7,2,8260.32948996292,0.499922125,6,0.02631579,1,0,0,0,0.0165293019512106
p338,0,0,,1,2,2,0,,,,,0,1,1,0,0
p3380,2,0.0333333333333333,51.3,2,6,5,2,375,0.5,30.5,0.039473685,1,1,1,1,0.0327898228229909
p3381,3,0.05,19.2083333333333,5,138,45,4,318.75,0,31,0.0526315783333333,0.8,0,0,0,0.048790164169432
p3382,3,0.05,18.05,4,83,39,4,1606.75,0.008495001,26,0.0526315783333333,1,1,1,1,0.048790164169432
p3383,1,0.0166666666666667,,2,8,8,2,130.5,0.082452595,7,0.02631579,1,1,1,1,0.0165293019512106
p3384,1,0.0166666666666667,,1,8,8,1,150,1,12,0.02631579,1,1,1,1,0.0165293019512106
p3385,1,0.0166666666666667,,2,12,10,1,150,0,9,0.02631579,0.5,0,0,0,0.0165293019512106
p3386,1,0.0166666666666667,,2,10,9,1,150,0,9,0.02631579,0.5,1,1,1,0.0165293019512106
p3387,1,0.0166666666666667,,1,2,2,1,150,1,6,0.02631579,1,1,1,1,0.0165293019512106
p3388,0,0,,1,2,2,1,59,0.6525217,,,1,1,1,1,0
p3389,1,0.0166666666666667,,1,2,2,1,150,1,13,0.02631579,1,1,1,1,0.0165293019512106
p339,1,0.0166666666666667,,2,16,12,2,210.5,0.102610305,11,0.02631579,1,1,1,1,0.0165293019512106
p3390,1,0.0166666666666667,,2,25,23,2,206,0.26617375,23,0.02631579,1,1,1,1,0.0165293019512106
p3391,0,0,,1,6,6,0,,,,,0,1,1,1,0
p3392,1,0.0166666666666667,,2,9,8,1,150,0,7,0.02631579,0.5,0,0,0,0.0165293019512106
p3393,1,0.0166666666666667,,2,11,10,1,150,0,9,0.02631579,0.5,1,1,0,0.0165293019512106
p3394,2,0.0333333333333333,47.8666666666667,3,69,58,2,375,0,33,0.039473685,0.666666666666667,1,1,1,0.0327898228229909
p3395,2,0.0333333333333333,33.3666666666667,2,6,5,2,342.5,0.5,21,0.039473685,1,1,1,1,0.0327898228229909
p3396,3,0.05,20.825,4,103,49,3,475,0,33.3333333333333,0.0526315783333333,0.75,1,1,1,0.048790164169432
p3397,1,0.0166666666666667,,2,9,8,1,150,0,8,0.02631579,0.5,1,1,1,0.0165293019512106
p3398,1,0.0166666666666667,,2,9,8,2,260.5,0.3503348,6,0.02631579,1,0,0,0,0.0165293019512106
p3399,3,0.05,18.8333333333333,4,88,43,3,475,0,28.3333333333333,0.0526315783333333,0.75,0,0,0,0.048790164169432
p34,1,0.0166666666666667,,1,3,3,1,150,1,9,0.02631579,1,1,1,0,0.0165293019512106
p340,1,0.0166666666666667,,2,8,7,2,150,0.011677295,7,0.02631579,1,0,0,0,0.0165293019512106
p3400,1,0.0166666666666667,,1,1,1,1,150,1,13,0.02631579,1,0,0,0,0.0165293019512106
p3402,3,0.05,19.975,4,101,47,3,475,0,32,0.0526315783333333,0.75,0,0,0,0.048790164169432
p3403,1,0.0166666666666667,,2,42,25,1,150,0,24,0.02631579,0.5,1,0,0,0.0165293019512106
p3404,0,0,,2,2,1,1,5.25,0.060199462,,,0.5,0,0,0,0
p3406,3,0.05,19.3083333333333,4,94,45,3,448.333333333333,0,30.6666666666667,0.0526315783333333,0.75,0,0,0,0.048790164169432
p3407,2,0.0333333333333333,8.31666666666667,3,22,14,4,239.25,0.15097841,11,0.039473685,1.33333333333333,1,1,1,0.0327898228229909
p3408,1,0.0166666666666667,,2,11,9,2,195,0.12601167,9,0.02631579,1,1,0,0,0.0165293019512106
p3409,3,0.05,23.425,4,117,56,3,395,0,37.6666666666667,0.0526315783333333,0.75,0,0,0,0.048790164169432
p341,3,0.05,17.475,4,90,42,3,475,0,29.3333333333333,0.0526315783333333,0.75,1,0,0,0.048790164169432
p3411,1,0.0166666666666667,,2,17,13,1,150,0,13,0.02631579,0.5,0,0,0,0.0165293019512106
p3412,1,0.0166666666666667,,2,12,11,2,167.5,0.3297913,9,0.02631579,1,1,0,0,0.0165293019512106
p3413,1,0.0166666666666667,,2,9,7,2,277,0.2870836,7,0.02631579,1,0,0,0,0.0165293019512106
p3414,1,0.0166666666666667,,2,19,15,1,150,0,14,0.02631579,0.5,0,0,0,0.0165293019512106
p3415,1,0.0166666666666667,,2,10,8,1,150,0,8,0.02631579,0.5,0,0,0,0.0165293019512106
p3416,1,0.0166666666666667,,2,11,10,1,150,0,9,0.02631579,0.5,0,0,0,0.0165293019512106
p3417,1,0.0166666666666667,,2,13,11,1,150,0,11,0.02631579,0.5,1,1,1,0.0165293019512106
p3418,2,0.0333333333333333,49.6166666666667,3,65,57,2,375,0,31.5,0.039473685,0.666666666666667,0,0,0,0.0327898228229909
p3419,1,0.0166666666666667,,2,38,26,2,159,0.130365415,22,0.02631579,1,0,0,0,0.0165293019512106
p342,0,0,,1,1,1,1,14,0.25288576,,,1,0,0,0,0
p3420,1,0.0166666666666667,,2,15,14,2,115.5,0.1757403,14,0.02631579,1,0,0,0,0.0165293019512106
p3421,3,0.05,23.9166666666667,4,115,55,3,475,0,37.3333333333333,0.0526315783333333,0.75,1,1,1,0.048790164169432
p3422,1,0.0166666666666667,,2,35,21,1,150,0,20,0.02631579,0.5,1,1,0,0.0165293019512106
p3423,1,0.0166666666666667,,2,7,6,2,250,0.3052173,6,0.02631579,1,1,1,1,0.0165293019512106
p3424,1,0.0166666666666667,,2,8,7,2,191.5,0.078591935,6,0.02631579,1,1,1,1,0.0165293019512106
p3425,1,0.0166666666666667,,2,11,9,1,150,0,9,0.02631579,0.5,0,0,0,0.0165293019512106
p3426,1,0.0166666666666667,,2,12,12,1,150,0,12,0.02631579,0.5,1,1,1,0.0165293019512106
p3428,3,0.05,23.4166666666667,4,109,52,3,475,0,35.3333333333333,0.0526315783333333,0.75,1,1,1,0.048790164169432
p3429,1,0.0166666666666667,,2,8,7,2,220,0.36117223,6,0.02631579,1,1,1,1,0.0165293019512106
p343,1,0.0166666666666667,,2,9,7,2,248,0.249405565,7,0.02631579,1,0,0,0,0.0165293019512106
p3430,1,0.0166666666666667,,2,55,33,2,192.5,0.120498335,32,0.02631579,1,1,1,1,0.0165293019512106
p3431,1,0.0166666666666667,,2,7,7,2,190.5,0.124739065,7,0.02631579,1,0,0,0,0.0165293019512106
p3432,1,0.0166666666666667,,2,9,8,2,289.5,0.45946872,8,0.02631579,1,1,1,0,0.0165293019512106
p3433,1,0.0166666666666667,,1,1,1,1,150,1,7,0.02631579,1,1,1,1,0.0165293019512106
p3434,1,0.0166666666666667,,2,11,11,1,150,0,11,0.02631579,0.5,1,1,0,0.0165293019512106
p3435,3,0.05,23.025,4,112,53,3,475,0,36.6666666666667,0.0526315783333333,0.75,1,1,1,0.048790164169432
p3436,1,0.0166666666666667,,2,11,10,2,212,0.17503665,10,0.02631579,1,1,1,0,0.0165293019512106
p3437,1,0.0166666666666667,,2,32,30,1,150,0,10,0.02631579,0.5,1,1,1,0.0165293019512106
p3438,1,0.0166666666666667,,2,15,12,1,150,0,10,0.02631579,0.5,1,1,1,0.0165293019512106
p3439,1,0.0166666666666667,,2,20,19,2,108,0.10755153,18,0.02631579,1,0,0,0,0.0165293019512106
p3440,0,0,,1,2,2,1,10,0.31087333,,,1,0,0,0,0
p3441,1,0.0166666666666667,,2,27,24,1,150,0,14,0.02631579,0.5,0,0,0,0.0165293019512106
p3442,3,0.05,20.4,4,99,47,3,475,0,32.3333333333333,0.0526315783333333,0.75,0,0,0,0.048790164169432
p3443,1,0.0166666666666667,,2,13,11,2,171,0.20573715,8,0.02631579,1,0,0,0,0.0165293019512106
p3444,0,0,,1,2,2,1,25.75,0.08379261,,,1,1,1,1,0
p3445,4,0.0666666666666667,1.06666666666667,5,25,8,5,1603.6,0.19999992,5.5,0.06578947375,1,0,0,0,0.0645385211375712
p3446,1,0.0166666666666667,,2,25,17,1,150,0,15,0.02631579,0.5,0,0,0,0.0165293019512106
p3447,1,0.0166666666666667,,2,5,5,2,297,0.39935747,5,0.02631579,1,0,0,0,0.0165293019512106
p3448,1,0.0166666666666667,,2,12,10,1,150,0,9,0.02631579,0.5,1,0,0,0.0165293019512106
p3449,1,0.0166666666666667,,2,25,23,1,150,0,22,0.02631579,0.5,1,0,0,0.0165293019512106
p345,1,0.0166666666666667,,2,12,12,1,15,0,11,0.02631579,0.5,0,0,0,0.0165293019512106
p3450,2,0.0333333333333333,8.33333333333333,3,40,23,2,90,0,18.5,0.013157895,0.666666666666667,1,1,0,0.0327898228229909
p3451,2,0.0333333333333333,48.8,3,67,57,2,375,0,32.5,0.039473685,0.666666666666667,0,0,0,0.0327898228229909
p3452,1,0.0166666666666667,,2,12,10,3,103,0.036897523,9,0.02631579,1.5,1,0,0,0.0165293019512106
p3453,0,0,,1,1,1,1,3,0.32066318,,,1,0,0,0,0
p3454,0,0,,1,1,1,1,0,0,,,1,0,0,0,0
p3455,1,0.0166666666666667,,1,2,2,1,150,1,9,0.02631579,1,1,1,1,0.0165293019512106
p3456,1,0.0166666666666667,,2,10,8,2,229,0.2622818,8,0.02631579,1,1,1,1,0.0165293019512106
p3457,1,0.0166666666666667,,2,9,9,2,204.5,0.173930585,8,0.02631579,1,1,1,1,0.0165293019512106
p3458,1,0.0166666666666667,,2,27,20,2,110,0.07710299,19,0.02631579,1,1,1,1,0.0165293019512106
p3459,3,0.05,26.2583333333333,4,120,58,3,475,0,39.6666666666667,0.0526315783333333,0.75,1,1,1,0.048790164169432
p346,1,0.0166666666666667,,2,4,4,2,132,0.0516389,4.9225,0.02631579,1,0,0,0,0.0165293019512106
p3460,1,0.0166666666666667,,2,10,9,1,150,0,8,0.02631579,0.5,0,0,0,0.0165293019512106
p3461,1,0.0166666666666667,,2,8,7,0,,,6,0.02631579,0,1,1,0,0.0165293019512106
p3462,3,0.05,17.1,4,92,42,3,400,0,29,0.0526315783333333,0.75,1,1,1,0.048790164169432
p3463,0,0,,1,1,1,1,28,0.7046349,,,1,1,1,1,0
p3464,1,0.0166666666666667,,1,1,1,2,75,0.5,7,0.02631579,2,1,0,0,0.0165293019512106
p3465,4,0.0666666666666667,15.1666666666667,4,73,51,4,371.25,0.25,31,0.03947368375,1,1,1,1,0.0645385211375712
p3466,1,0.0166666666666667,,1,1,1,1,150,1,8,0.02631579,1,1,1,1,0.0165293019512106
p3467,1,0.0166666666666667,,2,11,10,2,107,0.06409507,9,0.02631579,1,0,0,0,0.0165293019512106
p3468,1,0.0166666666666667,,2,23,19,1,60,0,14,0.02631579,0.5,0,0,0,0.0165293019512106
p3469,1,0.0166666666666667,,2,11,9,2,312,0.4035963,9,0.02631579,1,0,0,0,0.0165293019512106
p347,3,0.05,22.95,4,109,52,3,475,0,35.6666666666667,0.0526315783333333,0.75,0,0,0,0.048790164169432
p3472,1,0.0166666666666667,,2,22,15,2,101.5,0.072388915,15,0.02631579,1,0,0,0,0.0165293019512106
p3473,1,0.0166666666666667,,2,11,10,1,150,0,9,0.02631579,0.5,0,0,0,0.0165293019512106
p3475,1,0.0166666666666667,,2,16,14,1,150,0,13,0.02631579,0.5,1,1,1,0.0165293019512106
p3476,1,0.0166666666666667,,2,13,12,2,183,0.109000785,12,0.02631579,1,0,0,0,0.0165293019512106
p3477,2,0.0333333333333333,49.0666666666667,3,65,57,2,292.5,0,32.5,0.039473685,0.666666666666667,1,1,1,0.0327898228229909
p3478,1,0.0166666666666667,,1,1,1,1,150,1,9,0.02631579,1,0,0,0,0.0165293019512106
p3479,0,0,,1,1,1,1,14,0.62531,,,1,0,0,0,0
p348,0,0,,1,4,4,1,7,0.0917298,,,1,0,0,0,0
p3480,1,0.0166666666666667,,2,10,8,1,150,0,8,0.02631579,0.5,1,1,1,0.0165293019512106
p3481,0,0,,1,0,0,1,3,0.12552257,,,1,1,1,1,0
p3482,1,0.0166666666666667,,2,9,8,2,210.5,0.11502646,8,0.02631579,1,0,0,0,0.0165293019512106
p3483,0,0,,1,1,1,1,14.5,0.99572915,,,1,0,0,0,0
p3484,1,0.0166666666666667,,2,9,8,2,120,0.09674047,6,0.02631579,1,1,1,1,0.0165293019512106
p3485,1,0.0166666666666667,,2,7,7,2,234,0.24791047,6,0.02631579,1,0,0,0,0.0165293019512106
p3486,1,0.0166666666666667,,2,8,7,2,315.5,0.4515233,7,0.02631579,1,1,1,1,0.0165293019512106
p3487,1,0.0166666666666667,,1,1,1,1,150,1,7,0.02631579,1,0,0,0,0.0165293019512106
p3488,1,0.0166666666666667,,2,23,20,1,150,0,17,0.02631579,0.5,0,0,0,0.0165293019512106
p3489,1,0.0166666666666667,,2,26,16,1,150,0,15,0.02631579,0.5,0,0,0,0.0165293019512106
p349,1,0.0166666666666667,,2,9,8,2,192.5,0.141462075,8,0.02631579,1,1,1,1,0.0165293019512106
p3490,1,0.0166666666666667,,2,13,11,1,150,0,10,0.02631579,0.5,1,1,1,0.0165293019512106
p3492,1,0.0166666666666667,,2,16,14,1,150,0,14,0.02631579,0.5,1,1,1,0.0165293019512106
p3493,1,0.0166666666666667,,2,7,7,2,195,0.12211691,7,0.02631579,1,1,1,1,0.0165293019512106
p3494,1,0.0166666666666667,,2,16,15,2,227,0.3210315,9,0.02631579,1,0,0,0,0.0165293019512106
p3495,1,0.0166666666666667,,2,11,10,1,150,0,9,0.02631579,0.5,1,1,0,0.0165293019512106
p3496,1,0.0166666666666667,,3,24,15,3,116.666666666667,0.004624715,7,0.02631579,1,0,0,0,0.0165293019512106
p3497,1,0.0166666666666667,,2,10,9,2,134,0.1429556,8,0.02631579,1,0,0,0,0.0165293019512106
p3498,1,0.0166666666666667,,2,15,14,1,150,0,13,0.02631579,0.5,1,1,1,0.0165293019512106
p3499,1,0.0166666666666667,,2,18,17,4,142.75,0.126810325,16,0.02631579,2,0,0,0,0.0165293019512106
p35,1,0.0166666666666667,,2,11,10,1,150,0,10,0.02631579,0.5,1,1,1,0.0165293019512106
p350,3,0.05,24.8916666666667,4,119,57,3,365,0,38,0.0526315783333333,0.75,1,1,0,0.048790164169432
p3500,1,0.0166666666666667,,2,10,9,2,282,0.39167547,8,0.02631579,1,1,1,0,0.0165293019512106
p3501,3,0.05,24.95,4,123,56,4,391.25,0,40,0.0526315783333333,1,1,1,1,0.048790164169432
p3502,0,0,,1,3,3,0,,,,,0,0,0,0,0
p3503,1,0.0166666666666667,,2,7,7,2,150,0.00082633445,6,0.02631579,1,0,0,0,0.0165293019512106
p3504,1,0.0166666666666667,,1,5,5,1,150,1,20,0.02631579,1,0,0,0,0.0165293019512106
p3505,2,0.0333333333333333,33.2166666666667,2,7,6,2,375,0.5,22.5,0.039473685,1,1,1,1,0.0327898228229909
p3506,1,0.0166666666666667,,2,10,9,1,150,0,9,0.02631579,0.5,1,1,1,0.0165293019512106
p3507,2,0.0333333333333333,8.95,3,37,24,2,20,0,16.5,0.013157895,0.666666666666667,1,1,1,0.0327898228229909
p3508,3,0.05,19.9666666666667,4,93,45,3,475,0,31,0.0526315783333333,0.75,0,0,0,0.048790164169432
p3509,1,0.0166666666666667,,2,18,13,1,150,0,12,0.02631579,0.5,1,1,0,0.0165293019512106
p351,2,0.0333333333333333,5.93333333333333,3,29,17,2,65,0,13,0.013157895,0.666666666666667,1,1,1,0.0327898228229909
p3510,1,0.0166666666666667,,2,18,15,1,150,0,15,0.02631579,0.5,1,1,1,0.0165293019512106
p3511,1,0.0166666666666667,,2,16,15,1,150,0,13,0.02631579,0.5,0,0,0,0.0165293019512106
p3512,3,0.05,16.6166666666667,4,83,39,3,458.333333333333,0,26.3333333333333,0.0526315783333333,0.75,1,1,1,0.048790164169432
p3513,1,0.0166666666666667,,2,15,12,2,244.5,0.201681985,12,0.02631579,1,1,1,1,0.0165293019512106
p3514,0,0,,1,1,1,0,,,,,0,0,0,0,0
p3515,2,0.0333333333333333,47.8166666666667,3,66,56,2,375,0,31.5,0.039473685,0.666666666666667,1,1,1,0.0327898228229909
p3516,1,0.0166666666666667,,2,7,6,1,150,0,6,0.02631579,0.5,1,1,0,0.0165293019512106
p3517,1,0.0166666666666667,,2,14,13,1,150,0,12,0.02631579,0.5,1,0,0,0.0165293019512106
p3518,1,0.0166666666666667,,1,2,2,1,150,1,9,0.02631579,1,0,0,0,0.0165293019512106
p3519,1,0.0166666666666667,,2,8,7,1,150,0,7,0.02631579,0.5,1,1,1,0.0165293019512106
p352,1,0.0166666666666667,,2,7,6,1,150,0,6,0.02631579,0.5,1,1,1,0.0165293019512106
p3521,1,0.0166666666666667,,2,16,12,1,60,0,11,0.02631579,0.5,1,1,0,0.0165293019512106
p3523,3,0.05,16.4333333333333,4,86,41,3,475,0,26.6666666666667,0.0526315783333333,0.75,1,1,1,0.048790164169432
p3524,1,0.0166666666666667,,2,8,7,1,35,0,6,0.02631579,0.5,1,1,1,0.0165293019512106
p3525,1,0.0166666666666667,,2,12,10,1,150,0,10,0.02631579,0.5,0,0,0,0.0165293019512106
p3526,1,0.0166666666666667,,2,32,30,1,150,0,29,0.02631579,0.5,0,0,0,0.0165293019512106
p3527,3,0.05,18.125,3,49,41,3,475,0.333333333333333,29.3333333333333,0.0526315783333333,1,1,1,1,0.048790164169432
p3528,1,0.0166666666666667,,2,16,13,1,150,0,12,0.02631579,0.5,1,1,1,0.0165293019512106
p3529,2,0.0333333333333333,49.7833333333333,3,68,58,2,375,0,32,0.039473685,0.666666666666667,1,1,0,0.0327898228229909
p353,1,0.0166666666666667,,2,12,11,1,10,0,10,0.02631579,0.5,1,1,1,0.0165293019512106
p3530,1,0.0166666666666667,,2,5,4,2,85,0.23714714,4.9225,0.02631579,1,1,1,0,0.0165293019512106
p3531,1,0.0166666666666667,,2,7,6,1,150,0,5,0.02631579,0.5,1,1,0,0.0165293019512106
p3532,1,0.0166666666666667,,1,1,1,1,150,1,6,0.02631579,1,1,1,1,0.0165293019512106
p3533,1,0.0166666666666667,,1,2,2,1,150,1,6,0.02631579,1,0,0,0,0.0165293019512106
p3534,1,0.0166666666666667,,2,10,9,2,12,0.098931745,8,0.02631579,1,0,0,0,0.0165293019512106
p3535,1,0.0166666666666667,,2,12,10,2,168,0.0396316,10,0.02631579,1,1,1,1,0.0165293019512106
p3536,1,0.0166666666666667,,1,1,1,1,150,1,6,0.02631579,1,1,1,1,0.0165293019512106
p3537,1,0.0166666666666667,,2,15,12,1,150,0,11,0.02631579,0.5,0,0,0,0.0165293019512106
p3538,3,0.05,17.35,4,97,44,3,415,0,31,0.0526315783333333,0.75,1,1,1,0.048790164169432
p3539,3,0.05,25.0833333333333,3,62,54,3,475,0.333333333333333,39,0.0526315783333333,1,1,1,0,0.048790164169432
p354,1,0.0166666666666667,,2,14,13,2,130,0.2111428,11,0.02631579,1,0,0,0,0.0165293019512106
p3540,1,0.0166666666666667,,2,9,8,2,250.5,0.23496802,8,0.02631579,1,0,0,0,0.0165293019512106
p3541,1,0.0166666666666667,,2,10,9,1,150,0,7,0.02631579,0.5,1,1,0,0.0165293019512106
p3542,1,0.0166666666666667,,2,12,10,2,167.5,0.0301057735,10,0.02631579,1,1,1,0,0.0165293019512106
p3543,1,0.0166666666666667,,2,13,12,1,150,0,12,0.02631579,0.5,1,1,0,0.0165293019512106
p3544,3,0.05,25.725,4,119,57,3,475,0,39.3333333333333,0.0526315783333333,0.75,0,0,0,0.048790164169432
p3545,1,0.0166666666666667,,2,16,14,1,150,0,14,0.02631579,0.5,1,0,0,0.0165293019512106
p3546,2,0.0333333333333333,45.4166666666667,3,64,54,2,375,0,31,0.039473685,0.666666666666667,1,1,1,0.0327898228229909
p3547,1,0.0166666666666667,,2,7,7,1,0,0,6,0.02631579,0.5,1,1,1,0.0165293019512106
p3548,1,0.0166666666666667,,2,22,20,1,60,0,19,0.02631579,0.5,1,1,0,0.0165293019512106
p3549,3,0.05,20.7,3,23,17,4,347,0.30122161,23.3333333333333,0.0526315783333333,1.33333333333333,0,0,0,0.048790164169432
p355,1,0.0166666666666667,,2,17,14,2,237,0.164881975,14,0.02631579,1,0,0,0,0.0165293019512106
p3550,1,0.0166666666666667,,2,16,11,2,243,0.270294935,10,0.02631579,1,0,0,0,0.0165293019512106
p3551,1,0.0166666666666667,,2,28,27,1,150,0,14,0.02631579,0.5,1,0,0,0.0165293019512106
p3553,1,0.0166666666666667,,2,10,9,2,189,0.105127765,8,0.02631579,1,0,0,0,0.0165293019512106
p3554,1,0.0166666666666667,,2,9,8,2,213.5,0.18086,8,0.02631579,1,1,1,0,0.0165293019512106
p3555,3,0.05,23.3833333333333,4,81,54,5,272.6,0.041537532,27,0.0526315783333333,1.25,1,1,0,0.048790164169432
p3556,1,0.0166666666666667,,1,1,1,1,150,1,7,0.02631579,1,1,1,0,0.0165293019512106
p3557,1,0.0166666666666667,,2,10,8,1,150,0,8,0.02631579,0.5,1,1,1,0.0165293019512106
p3558,3,0.05,19.35,4,101,46,3,450,0,32,0.0526315783333333,0.75,0,0,0,0.048790164169432
p3559,1,0.0166666666666667,,2,12,11,1,150,0,10,0.02631579,0.5,0,0,0,0.0165293019512106
p3560,1,0.0166666666666667,,2,10,8,2,155.5,0.00874143,8,0.02631579,1,1,1,1,0.0165293019512106
p3561,1,0.0166666666666667,,2,10,9,2,183.5,0.064767385,8,0.02631579,1,1,1,1,0.0165293019512106
p3562,1,0.0166666666666667,,1,0,0,1,150,1,4.9225,0.02631579,1,0,0,0,0.0165293019512106
p3563,1,0.0166666666666667,,2,8,7,1,150,0,6,0.02631579,0.5,0,0,0,0.0165293019512106
p3564,3,0.05,24.225,4,86,58,4,265,0.0511271425,28.6666666666667,0.0526315783333333,1,1,1,0,0.048790164169432
p3565,1,0.0166666666666667,,2,11,10,1,150,0,10,0.02631579,0.5,0,0,0,0.0165293019512106
p3566,1,0.0166666666666667,,2,10,8,1,150,0,8,0.02631579,0.5,1,1,1,0.0165293019512106
p3569,3,0.05,21.2916666666667,4,103,49,3,475,0,33.6666666666667,0.0526315783333333,0.75,0,0,0,0.048790164169432
p357,1,0.0166666666666667,,2,10,9,2,320,0.44550935,8,0.02631579,1,1,1,1,0.0165293019512106
p3571,1,0.0166666666666667,,1,1,1,1,150,1,6,0.02631579,1,0,0,0,0.0165293019512106
p3573,1,0.0166666666666667,,2,11,11,2,137.5,0.28425622,9,0.02631579,1,0,0,0,0.0165293019512106
p3574,3,0.05,23.8166666666667,3,61,52,2,375,0,38,0.0526315783333333,0.666666666666667,0,0,0,0.048790164169432
p3575,3,0.05,19.5333333333333,4,96,46,3,435,0,31.3333333333333,0.0526315783333333,0.75,1,1,1,0.048790164169432
p3576,1,0.0166666666666667,,2,10,9,1,150,0,8,0.02631579,0.5,1,1,1,0.0165293019512106
p3577,1,0.0166666666666667,,2,14,11,2,143.5,0.25995245,9,0.02631579,1,1,1,0,0.0165293019512106
p3578,2,0.0333333333333333,47.8166666666667,3,67,55,3,257,0.333333333333333,33,0.039473685,1,0,0,0,0.0327898228229909
p3579,1,0.0166666666666667,,2,17,12,1,150,0,12,0.02631579,0.5,0,0,0,0.0165293019512106
p3580,1,0.0166666666666667,,2,6,5,2,326,0.44653085,5,0.02631579,1,0,0,0,0.0165293019512106
p3582,1,0.0166666666666667,,1,2,2,1,150,1,9,0.02631579,1,1,1,1,0.0165293019512106
p3583,2,0.0333333333333333,44.3666666666667,3,63,53,2,337.5,0,30,0.039473685,0.666666666666667,1,1,0,0.0327898228229909
p3584,1,0.0166666666666667,,2,13,11,2,237,0.2685459,11,0.02631579,1,1,1,1,0.0165293019512106
p3585,1,0.0166666666666667,,2,1,1,1,150,1,7,0.02631579,0.5,1,1,1,0.0165293019512106
p3586,1,0.0166666666666667,,2,98,52,1,150,0,41.3333333333333,0.02631579,0.5,0,0,0,0.0165293019512106
p3587,1,0.0166666666666667,,2,44,43,1,150,0,7,0.02631579,0.5,0,0,0,0.0165293019512106
p3588,1,0.0166666666666667,,2,11,9,2,261.5,0.2969152,9,0.02631579,1,0,0,0,0.0165293019512106
p3589,1,0.0166666666666667,,2,53,34,2,234,0.145809,33,0.02631579,1,1,1,1,0.0165293019512106
p359,2,0.0333333333333333,51.25,2,11,8,1,150,0,33.5,0.039473685,0.5,1,1,1,0.0327898228229909
p3590,3,0.05,23.5333333333333,4,118,55,3,475,0,37.6666666666667,0.0526315783333333,0.75,1,1,1,0.048790164169432
p3591,1,0.0166666666666667,,2,13,11,2,179.5,0.119024485,11,0.02631579,1,1,1,1,0.0165293019512106
p3592,1,0.0166666666666667,,2,9,8,1,150,0,8,0.02631579,0.5,1,0,0,0.0165293019512106
p3593,1,0.0166666666666667,,2,21,19,1,150,0,18,0.02631579,0.5,1,1,1,0.0165293019512106
p3594,1,0.0166666666666667,,2,12,11,2,242.5,0.197537185,10,0.02631579,1,1,0,0,0.0165293019512106
p3595,1,0.0166666666666667,,1,0,0,1,150,1,13,0.02631579,1,1,0,0,0.0165293019512106
p3596,0,0,,1,1,1,1,24,0.39818183,,,1,1,0,0,0
p3597,1,0.0166666666666667,,1,1,1,1,150,1,7,0.02631579,1,0,0,0,0.0165293019512106
p3598,1,0.0166666666666667,,2,16,14,2,123,0.22095354,13,0.02631579,1,0,0,0,0.0165293019512106
p3599,2,0.0333333333333333,27.45,3,47,32,3,157,0.102536766666667,24.5,0.039473685,1,0,0,0,0.0327898228229909
p36,1,0.0166666666666667,,2,12,11,1,150,0,10,0.02631579,0.5,1,1,1,0.0165293019512106
p360,1,0.0166666666666667,,2,4,4,2,180,0.209988385,4.9225,0.02631579,1,0,0,0,0.0165293019512106
p3600,1,0.0166666666666667,,2,12,11,1,0,0,10,0.02631579,0.5,0,0,0,0.0165293019512106
p3601,3,0.05,19.125,4,90,43,3,475,0,29.6666666666667,0.0526315783333333,0.75,1,1,1,0.048790164169432
p3602,0,0,,1,7,7,1,42.75,0.3401332,,,1,0,0,0,0
p3603,3,0.05,25.75,4,124,59,4,457.5,0,40.6666666666667,0.0526315783333333,1,1,1,1,0.048790164169432
p3604,1,0.0166666666666667,,2,15,13,1,150,0,12,0.02631579,0.5,1,1,1,0.0165293019512106
p3605,1,0.0166666666666667,,2,20,16,1,150,0,15,0.02631579,0.5,1,1,1,0.0165293019512106
p3606,2,0.0333333333333333,48.0333333333333,3,70,58,2,375,0,34,0.039473685,0.666666666666667,1,1,1,0.0327898228229909
p3608,1,0.0166666666666667,,2,11,10,2,121.5,0.10149327,9,0.02631579,1,1,1,1,0.0165293019512106
p361,1,0.0166666666666667,,2,12,11,2,205.5,0.09207218,8,0.02631579,1,0,0,0,0.0165293019512106
p3610,1,0.0166666666666667,,2,12,11,2,250.5,0.32122752,11,0.02631579,1,1,0,0,0.0165293019512106
p3611,1,0.0166666666666667,,2,10,9,1,60,0,8,0.02631579,0.5,1,1,1,0.0165293019512106
p3612,1,0.0166666666666667,,2,11,9,1,150,0,9,0.02631579,0.5,1,1,0,0.0165293019512106
p3613,1,0.0166666666666667,,1,1,1,1,150,1,8,0.02631579,1,1,1,1,0.0165293019512106
p3614,1,0.0166666666666667,,2,14,13,1,150,0,13,0.02631579,0.5,0,0,0,0.0165293019512106
p3615,1,0.0166666666666667,,2,5,5,2,150,0,5,0.02631579,1,0,0,0,0.0165293019512106
p3616,1,0.0166666666666667,,2,8,7,2,156,0.015266358,6,0.02631579,1,0,0,0,0.0165293019512106
p3617,1,0.0166666666666667,,2,9,8,0,,,7,0.02631579,0,1,0,0,0.0165293019512106
p3619,2,0.0333333333333333,18.8166666666667,2,16,14,2,157.5,1,22.5,0.02631579,1,1,1,1,0.0327898228229909
p362,1,0.0166666666666667,,2,7,6,2,224.5,0.31134212,6,0.02631579,1,1,1,0,0.0165293019512106
p3620,1,0.0166666666666667,,2,22,19,1,150,0,17,0.02631579,0.5,0,0,0,0.0165293019512106
p3621,1,0.0166666666666667,,2,8,8,1,150,0,7,0.02631579,0.5,0,0,0,0.0165293019512106
p3622,1,0.0166666666666667,,2,9,8,1,150,0,7,0.02631579,0.5,0,0,0,0.0165293019512106
p3623,1,0.0166666666666667,,2,10,9,1,150,0,8,0.02631579,0.5,0,0,0,0.0165293019512106
p3624,1,0.0166666666666667,,2,9,8,2,146.5,0.2893818,7,0.02631579,1,0,0,0,0.0165293019512106
p3625,3,0.05,22.5,4,107,51,3,475,0,35,0.0526315783333333,0.75,1,1,0,0.048790164169432
p3626,2,0.0333333333333333,48.3833333333333,3,62,54,2,375,0,29,0.039473685,0.666666666666667,1,1,1,0.0327898228229909
p3627,1,0.0166666666666667,,2,14,12,1,150,0,11,0.02631579,0.5,1,1,1,0.0165293019512106
p3628,1,0.0166666666666667,,2,8,7,2,92,0.13844797,7,0.02631579,1,1,0,0,0.0165293019512106
p3629,1,0.0166666666666667,,2,12,11,1,150,0,10,0.02631579,0.5,1,1,1,0.0165293019512106
p363,1,0.0166666666666667,,2,12,10,1,150,0,10,0.02631579,0.5,1,1,1,0.0165293019512106
p3630,1,0.0166666666666667,,2,13,12,1,150,0,12,0.02631579,0.5,1,1,0,0.0165293019512106
p3631,1,0.0166666666666667,,2,5,3,2,8260.32948996292,0.47385265,4.9225,0.02631579,1,1,1,1,0.0165293019512106
p3632,1,0.0166666666666667,,2,14,12,2,157.25,0.88886476,11,0.02631579,1,0,0,0,0.0165293019512106
p3633,1,0.0166666666666667,,2,18,16,2,150,0,14,0.02631579,1,0,0,0,0.0165293019512106
p3634,1,0.0166666666666667,,2,14,10,1,150,0,9,0.02631579,0.5,1,1,0,0.0165293019512106
p3635,1,0.0166666666666667,,2,11,8,2,183,0.06357214,7,0.02631579,1,0,0,0,0.0165293019512106
p3636,1,0.0166666666666667,,2,17,15,2,3,0.055397123,12,0.02631579,1,1,1,1,0.0165293019512106
p3637,1,0.0166666666666667,,2,8,8,1,150,0,8,0.02631579,0.5,1,0,0,0.0165293019512106
p3638,1,0.0166666666666667,,2,9,7,1,150,0,7,0.02631579,0.5,0,0,0,0.0165293019512106
p3639,3,0.05,21.7666666666667,4,104,50,4,525,0.003669364375,34.3333333333333,0.0526315783333333,1,1,1,1,0.048790164169432
p364,1,0.0166666666666667,,2,9,8,2,150,0.009088143,7,0.02631579,1,1,1,0,0.0165293019512106
p3640,3,0.05,18.2416666666667,4,96,44,3,475,0,31,0.0526315783333333,0.75,1,0,0,0.048790164169432
p3641,2,0.0333333333333333,20.2166666666667,3,39,24,4,193.75,0.050490825,16,0.039473685,1.33333333333333,1,0,0,0.0327898228229909
p3642,1,0.0166666666666667,,2,14,12,2,207.5,0.20440297,12,0.02631579,1,0,0,0,0.0165293019512106
p3643,1,0.0166666666666667,,1,1,1,1,35,1,5,0.02631579,1,0,0,0,0.0165293019512106
p3646,1,0.0166666666666667,,2,7,7,1,150,0,6,0.02631579,0.5,1,1,1,0.0165293019512106
p3647,1,0.0166666666666667,,2,58,33,1,150,0,32,0.02631579,0.5,1,1,1,0.0165293019512106
p3648,1,0.0166666666666667,,2,8,7,1,150,0,6,0.02631579,0.5,0,0,0,0.0165293019512106
p3649,1,0.0166666666666667,,2,12,11,2,154.5,0.0196994,11,0.02631579,1,1,1,1,0.0165293019512106
p365,0,0,,1,0,0,1,0,0,,,1,0,0,0,0
p3650,1,0.0166666666666667,,2,9,9,1,150,0,8,0.02631579,0.5,0,0,0,0.0165293019512106
p3651,1,0.0166666666666667,,2,16,14,1,150,0,13,0.02631579,0.5,0,0,0,0.0165293019512106
p3653,3,0.05,19.0416666666667,4,101,46,3,475,0,32.3333333333333,0.0526315783333333,0.75,1,1,1,0.048790164169432
p3654,1,0.0166666666666667,,2,9,8,1,150,0,8,0.02631579,0.5,0,0,0,0.0165293019512106
p3655,2,0.0333333333333333,47.55,2,9,8,2,375,0.5,31.5,0.039473685,1,0,0,0,0.0327898228229909
p3656,3,0.05,25.4583333333333,4,118,57,3,465,0,39,0.0526315783333333,0.75,1,1,1,0.048790164169432
p3657,1,0.0166666666666667,,2,16,14,3,170,0.129326988666667,13,0.02631579,1.5,1,1,1,0.0165293019512106
p3658,3,0.05,18.8583333333333,4,97,44,3,458.333333333333,0,30.3333333333333,0.0526315783333333,0.75,1,1,0,0.048790164169432
p3659,1,0.0166666666666667,,2,11,11,1,150,0,11,0.02631579,0.5,1,1,1,0.0165293019512106
p366,3,0.05,17.7833333333333,4,93,43,3,475,0,30,0.0526315783333333,0.75,1,0,0,0.048790164169432
p3660,1,0.0166666666666667,,2,11,9,2,285,0.33834243,8,0.02631579,1,0,0,0,0.0165293019512106
p3661,1,0.0166666666666667,,2,20,17,1,15,,17,0,0.5,0,0,0,0.0165293019512106
p3663,1,0.0166666666666667,,2,11,9,1,150,0,8,0.02631579,0.5,0,0,0,0.0165293019512106
p3664,1,0.0166666666666667,,2,22,18,2,212,0.115159855,12,0.02631579,1,1,1,1,0.0165293019512106
p3665,3,0.05,1.26666666666667,3,10,6,3,633.333333333333,0.333333333333333,5,0.0526315783333333,1,0,0,0,0.048790164169432
p3666,1,0.0166666666666667,,2,11,9,2,268.5,0.2744176,9,0.02631579,1,1,1,1,0.0165293019512106
p3667,1,0.0166666666666667,,2,8,7,2,240,0.30946818,6,0.02631579,1,0,0,0,0.0165293019512106
p3669,1,0.0166666666666667,,2,20,18,1,15,,16,0,0.5,1,1,1,0.0165293019512106
p367,1,0.0166666666666667,,2,10,8,1,150,0,8,0.02631579,0.5,1,1,0,0.0165293019512106
p3670,1,0.0166666666666667,,2,9,8,2,153.5,0.019530071,8,0.02631579,1,1,1,1,0.0165293019512106
p3671,1,0.0166666666666667,,2,11,9,2,294.5,0.37790255,7,0.02631579,1,0,0,0,0.0165293019512106
p3672,1,0.0166666666666667,,2,11,9,2,218.5,0.275892375,9,0.02631579,1,0,0,0,0.0165293019512106
p3673,1,0.0166666666666667,,2,45,27,2,152,0.005788254,26,0.02631579,1,0,0,0,0.0165293019512106
p3674,2,0.0333333333333333,48.5,2,7,7,2,375,0.5,31,0.039473685,1,1,1,1,0.0327898228229909
p3676,1,0.0166666666666667,,2,13,11,2,236,0.270476,10,0.02631579,1,0,0,0,0.0165293019512106
p3677,1,0.0166666666666667,,2,6,5,2,5008,0.44010678,4.9225,0.02631579,1,1,1,1,0.0165293019512106
p3678,1,0.0166666666666667,,2,7,6,2,167,0.0571556575,6,0.02631579,1,0,0,0,0.0165293019512106
p3679,1,0.0166666666666667,,2,15,14,1,125,0,14,0.02631579,0.5,0,0,0,0.0165293019512106
p368,1,0.0166666666666667,,2,11,11,1,60,0,9,0.02631579,0.5,1,0,0,0.0165293019512106
p3680,3,0.05,22.85,4,110,53,3,365,0,36.3333333333333,0.0526315783333333,0.75,1,1,0,0.048790164169432
p3681,1,0.0166666666666667,,2,12,9,2,274.5,0.33763345,9,0.02631579,1,0,0,0,0.0165293019512106
p3682,1,0.0166666666666667,,2,9,7,2,133.5,0.0201334135,7,0.02631579,1,0,0,0,0.0165293019512106
p3683,2,0.0333333333333333,49.2666666666667,2,13,10,2,355,0.5,34.5,0.039473685,1,1,1,0,0.0327898228229909
p3684,1,0.0166666666666667,,2,6,6,2,248,0.32356173,5,0.02631579,1,0,0,0,0.0165293019512106
p3685,1,0.0166666666666667,,2,10,9,2,212.5,0.37727705,8,0.02631579,1,1,1,0,0.0165293019512106
p3686,1,0.0166666666666667,,2,18,15,2,60,0.14047416,15,0,1,0,0,0,0.0165293019512106
p3687,1,0.0166666666666667,,2,14,12,1,150,0,12,0.02631579,0.5,1,1,1,0.0165293019512106
p3688,1,0.0166666666666667,,2,13,12,2,269,0.28310612,12,0.02631579,1,1,1,0,0.0165293019512106
p369,0,0,,1,1,1,1,0,0.019037079,,,1,0,0,0,0
p3690,1,0.0166666666666667,,1,0,0,1,150,1,5,0.02631579,1,1,1,1,0.0165293019512106
p3691,1,0.0166666666666667,,2,9,8,1,150,0,8,0.02631579,0.5,1,1,1,0.0165293019512106
p3692,1,0.0166666666666667,,2,13,11,2,301,0.3839578,11,0.02631579,1,1,1,0,0.0165293019512106
p3693,3,0.05,24.475,4,110,55,3,475,0,36.6666666666667,0.0526315783333333,0.75,0,0,0,0.048790164169432
p3694,1,0.0166666666666667,,2,16,15,2,158.5,0.18441604,13,0.02631579,1,0,0,0,0.0165293019512106
p3695,1,0.0166666666666667,,2,10,9,1,150,0,8,0.02631579,0.5,0,0,0,0.0165293019512106
p3696,1,0.0166666666666667,,2,10,9,1,150,0,9,0.02631579,0.5,0,0,0,0.0165293019512106
p3697,1,0.0166666666666667,,2,7,6,1,150,0,5,0.02631579,0.5,0,0,0,0.0165293019512106
p3698,1,0.0166666666666667,,2,16,15,2,168.5,0.10573375,14,0.02631579,1,1,1,1,0.0165293019512106
p3699,1,0.0166666666666667,,2,38,29,1,150,0,28,0.02631579,0.5,1,0,0,0.0165293019512106
p37,3,0.05,20.9666666666667,4,102,49,3,415,0,33.3333333333333,0.0526315783333333,0.75,0,0,0,0.048790164169432
p370,1,0.0166666666666667,,2,10,7,2,146,0.15033944,7,0.02631579,1,0,0,0,0.0165293019512106
p3700,1,0.0166666666666667,,2,6,5,2,225,0.244721265,5,0.02631579,1,1,0,0,0.0165293019512106
p3701,1,0.0166666666666667,,2,10,9,2,273.5,0.3398144,9,0.02631579,1,1,1,1,0.0165293019512106
p3702,2,0.0333333333333333,22.1666666666667,2,28,27,3,132,0.0555294466666667,20,0.013157895,1.5,1,1,1,0.0327898228229909
p3703,0,0,,1,2,2,0,,,,,0,1,0,0,0
p3705,0,0,,1,1,1,1,20,0.5067641,,,1,0,0,0,0
p3706,3,0.05,25.5083333333333,3,62,54,3,475,0.333333333333333,38.6666666666667,0.0526315783333333,1,1,1,1,0.048790164169432
p3707,2,0.0333333333333333,9.86666666666667,4,94,52,3,60.1666666666667,0.0116502593333333,41.3333333333333,0.013157895,0.75,1,1,1,0.0327898228229909
p3708,1,0.0166666666666667,,2,13,10,1,150,0,10,0.02631579,0.5,1,1,1,0.0165293019512106
p3709,1,0.0166666666666667,,1,1,1,1,150,1,6,0.02631579,1,0,0,0,0.0165293019512106
p3710,1,0.0166666666666667,,2,41,38,1,150,0,37,0.02631579,0.5,1,1,0,0.0165293019512106
p3711,1,0.0166666666666667,,2,10,8,1,150,0,7,0.02631579,0.5,1,0,0,0.0165293019512106
p3712,1,0.0166666666666667,,2,12,9,2,264,0.2999905,9,0.02631579,1,0,0,0,0.0165293019512106
p3713,2,0.0333333333333333,51,2,11,9,1,150,0,33.5,0.039473685,0.5,1,1,1,0.0327898228229909
p3714,1,0.0166666666666667,,2,9,9,2,43.5,0.129429015,8,0.02631579,1,0,0,0,0.0165293019512106
p3715,1,0.0166666666666667,,2,8,7,2,190,0.106504955,6,0.02631579,1,1,1,1,0.0165293019512106
p3716,1,0.0166666666666667,,2,17,13,1,35,0,12,0.02631579,0.5,1,1,1,0.0165293019512106
p3718,1,0.0166666666666667,,2,7,6,2,276,0.417517125,6,0.02631579,1,1,1,0,0.0165293019512106
p3719,1,0.0166666666666667,,2,10,8,2,168.5,0.048232652,7,0.02631579,1,1,1,0,0.0165293019512106
p372,1,0.0166666666666667,,2,12,11,2,160,0.1573056,10,0.02631579,1,1,1,1,0.0165293019512106
p3721,1,0.0166666666666667,,2,22,21,2,202.5,0.14603293,21,0.02631579,1,0,0,0,0.0165293019512106
p3722,0,0,,1,3,3,2,893,0,,,2,1,1,1,0
p3723,1,0.0166666666666667,,1,1,1,1,150,1,9,0.02631579,1,0,0,0,0.0165293019512106
p3724,1,0.0166666666666667,,2,11,9,2,150,0,8,0.02631579,1,0,0,0,0.0165293019512106
p3725,1,0.0166666666666667,,2,9,9,2,124,0.28933825,7,0.02631579,1,1,1,1,0.0165293019512106
p3726,1,0.0166666666666667,,2,7,7,2,235,0.274488,7,0.02631579,1,1,1,0,0.0165293019512106
p3727,1,0.0166666666666667,,2,9,8,1,150,0,7,0.02631579,0.5,0,0,0,0.0165293019512106
p3728,1,0.0166666666666667,,2,13,12,2,339,0.46125995,12,0.02631579,1,0,0,0,0.0165293019512106
p3729,1,0.0166666666666667,,2,6,6,2,161,0.0464321375,5,0.02631579,1,1,1,0,0.0165293019512106
p373,2,0.0333333333333333,41.4,2,4,4,2,375,0.5,24.5,0.039473685,1,0,0,0,0.0327898228229909
p3730,0,0,,1,11,11,1,21,0.431954,,,1,0,0,0,0
p3731,1,0.0166666666666667,,2,75,43,2,200,0.08079681,41.3333333333333,0.02631579,1,0,0,0,0.0165293019512106
p3732,1,0.0166666666666667,,2,15,13,1,150,0,13,0.02631579,0.5,1,1,1,0.0165293019512106
p3733,1,0.0166666666666667,,2,10,9,2,137,0.247054575,7,0.02631579,1,0,0,0,0.0165293019512106
p3734,2,0.0333333333333333,47,2,9,8,1,600,1,30.5,0.039473685,0.5,0,0,0,0.0327898228229909
p3735,2,0.0333333333333333,46.7,3,77,59,2,330,0,34.5,0.039473685,0.666666666666667,0,0,0,0.0327898228229909
p3736,1,0.0166666666666667,,2,11,10,2,166.5,0.1597286,9,0.02631579,1,1,1,1,0.0165293019512106
p3737,1,0.0166666666666667,,2,8,7,2,156,0.0082888435,7,0.02631579,1,0,0,0,0.0165293019512106
p3738,1,0.0166666666666667,,2,14,12,2,156,0.0511323175,11,0.02631579,1,1,1,1,0.0165293019512106
p374,1,0.0166666666666667,,2,14,12,2,155.5,0.4072701,10,0.02631579,1,1,1,1,0.0165293019512106
p3740,2,0.0333333333333333,7.61666666666667,2,30,24,2,90,0.5,27,0.013157895,1,0,0,0,0.0327898228229909
p3741,1,0.0166666666666667,,2,7,6,1,150,0,5,0.02631579,0.5,1,1,1,0.0165293019512106
p3742,1,0.0166666666666667,,2,9,8,1,150,0,8,0.02631579,0.5,1,1,1,0.0165293019512106
p3743,3,0.05,24.775,3,64,54,3,475,0.333333333333333,39.3333333333333,0.0526315783333333,1,1,1,1,0.048790164169432
p3745,1,0.0166666666666667,,2,16,15,2,133.5,0.037511745,12,0.02631579,1,1,1,1,0.0165293019512106
p3746,1,0.0166666666666667,,2,25,19,1,150,0,17,0.02631579,0.5,1,1,1,0.0165293019512106
p3748,1,0.0166666666666667,,2,7,6,1,150,0,6,0.02631579,0.5,1,1,1,0.0165293019512106
p3749,1,0.0166666666666667,,2,15,12,1,150,0,10,0.02631579,0.5,1,1,1,0.0165293019512106
p375,1,0.0166666666666667,,2,13,11,1,150,0,10,0.02631579,0.5,0,0,0,0.0165293019512106
p3750,0,0,,1,0,0,1,1,0.099589914,,,1,0,0,0,0
p3751,3,0.05,24.1166666666667,3,60,53,3,475,0.333333333333333,38,0.0526315783333333,1,1,1,0,0.048790164169432
p3752,1,0.0166666666666667,,2,18,13,2,260.5,0.22656137,12,0.02631579,1,0,0,0,0.0165293019512106
p3753,1,0.0166666666666667,,2,7,6,2,153,0.22523701,5,0.02631579,1,0,0,0,0.0165293019512106
p3754,2,0.0333333333333333,50.8166666666667,3,64,57,2,375,0,31,0.039473685,0.666666666666667,0,0,0,0.0327898228229909
p3755,1,0.0166666666666667,,2,12,11,1,125,0,11,0.02631579,0.5,1,1,1,0.0165293019512106
p3756,2,0.0333333333333333,37.8333333333333,2,8,7,2,317.5,0.5,26,0.039473685,1,1,0,0,0.0327898228229909
p3757,1,0.0166666666666667,,2,11,9,2,133,0.051334905,9,0.02631579,1,1,1,1,0.0165293019512106
p3758,1,0.0166666666666667,,2,16,15,1,150,0,15,0.02631579,0.5,1,1,0,0.0165293019512106
p3759,1,0.0166666666666667,,2,9,8,1,150,0,6,0.02631579,0.5,1,1,0,0.0165293019512106
p376,1,0.0166666666666667,,2,14,11,1,150,0,10,0.02631579,0.5,1,1,1,0.0165293019512106
p3760,1,0.0166666666666667,,2,8,7,1,150,0,7,0.02631579,0.5,1,1,1,0.0165293019512106
p3761,1,0.0166666666666667,,2,16,15,2,45,0.14995746,15,0,1,0,0,0,0.0165293019512106
p3762,1,0.0166666666666667,,2,21,14,1,0,0,12,0.02631579,0.5,1,1,1,0.0165293019512106
p3764,1,0.0166666666666667,,1,1,1,1,15,1,9,0,1,1,1,1,0.0165293019512106
p3765,4,0.0666666666666667,15.2222222222222,5,94,53,6,184.5,0.045535539,24.75,0.04605263125,1.2,1,1,1,0.0645385211375712
p3767,1,0.0166666666666667,,2,15,14,1,150,0,14,0.02631579,0.5,1,0,0,0.0165293019512106
p3768,1,0.0166666666666667,,2,9,7,2,233.5,0.22264357,6,0.02631579,1,1,1,0,0.0165293019512106
p3769,1,0.0166666666666667,,2,15,14,1,150,0,13,0.02631579,0.5,1,1,0,0.0165293019512106
p3770,1,0.0166666666666667,,2,14,12,2,159,0.08660607,12,0.02631579,1,0,0,0,0.0165293019512106
p3771,2,0.0333333333333333,40.0333333333333,4,116,57,3,313.333333333333,0,28,0.039473685,0.75,1,1,1,0.0327898228229909
p3772,1,0.0166666666666667,,2,13,12,1,150,0,11,0.02631579,0.5,0,0,0,0.0165293019512106
p3773,1,0.0166666666666667,,2,8,7,1,150,0,7,0.02631579,0.5,0,0,0,0.0165293019512106
p3774,1,0.0166666666666667,,1,2,2,1,150,1,11,0.02631579,1,0,0,0,0.0165293019512106
p3775,1,0.0166666666666667,,2,13,12,2,150,0,10,0.02631579,1,1,1,1,0.0165293019512106
p3776,2,0.0333333333333333,47.4333333333333,2,8,7,2,375,0.5,30,0.039473685,1,0,0,0,0.0327898228229909
p3777,1,0.0166666666666667,,2,24,18,2,278,0.32160255,14,0.02631579,1,1,1,1,0.0165293019512106
p3778,1,0.0166666666666667,,2,20,19,1,150,0,17,0.02631579,0.5,1,1,1,0.0165293019512106
p3779,2,0.0333333333333333,43.6,2,9,7,2,362.5,0.5,28,0.039473685,1,1,1,1,0.0327898228229909
p378,0,0,,1,7,7,1,0.5,0.16955194,,,1,1,0,0,0
p3782,1,0.0166666666666667,,2,23,21,1,150,0,21,0.02631579,0.5,0,0,0,0.0165293019512106
p3783,1,0.0166666666666667,,2,7,7,2,291.5,0.39545015,6,0.02631579,1,0,0,0,0.0165293019512106
p3784,0,0,,1,1,1,1,4,0.051175106,,,1,0,0,0,0
p3785,1,0.0166666666666667,,2,25,18,1,150,0,18,0.02631579,0.5,1,1,1,0.0165293019512106
p3786,1,0.0166666666666667,,2,9,8,1,150,0,8,0.02631579,0.5,0,0,0,0.0165293019512106
p3787,1,0.0166666666666667,,2,17,15,1,150,0,13,0.02631579,0.5,1,1,1,0.0165293019512106
p3788,3,0.05,21.1,3,56,47,3,475,0.333333333333333,34.3333333333333,0.0526315783333333,1,0,0,0,0.048790164169432
p3789,4,0.0666666666666667,15.95,5,131,56,4,273.75,0,32.5,0.03947368375,0.8,0,0,0,0.0645385211375712
p3790,1,0.0166666666666667,,2,22,16,1,110,0,15,0.02631579,0.5,1,0,0,0.0165293019512106
p3791,1,0.0166666666666667,,2,13,11,1,150,0,10,0.02631579,0.5,0,0,0,0.0165293019512106
p3792,2,0.0333333333333333,47.4833333333333,2,8,7,2,375,0.5,29.5,0.039473685,1,1,1,0,0.0327898228229909
p3793,1,0.0166666666666667,,2,12,11,2,148.5,0.105796315,11,0.02631579,1,1,1,1,0.0165293019512106
p3794,1,0.0166666666666667,,2,13,12,1,150,0,12,0.02631579,0.5,1,1,0,0.0165293019512106
p3795,1,0.0166666666666667,,2,9,7,2,237.5,0.24607636,7,0.02631579,1,0,0,0,0.0165293019512106
p3796,1,0.0166666666666667,,2,14,13,2,183.5,0.160008415,12,0.02631579,1,1,1,1,0.0165293019512106
p3797,1,0.0166666666666667,,2,16,15,1,150,0,14,0.02631579,0.5,1,1,1,0.0165293019512106
p3798,2,0.0333333333333333,5.83333333333333,3,20,12,2,117.5,,9,0.02631579,0.666666666666667,1,1,1,0.0327898228229909
p3799,1,0.0166666666666667,,2,7,6,2,270,0.273949385,6,0.02631579,1,1,1,1,0.0165293019512106
p38,1,0.0166666666666667,,1,2,2,1,150,1,9,0.02631579,1,0,0,0,0.0165293019512106
p380,2,0.0333333333333333,6.91666666666667,3,14,9,4,235.5,0.108196185,7.5,0.039473685,1.33333333333333,0,0,0,0.0327898228229909
p3800,1,0.0166666666666667,,3,16,10,2,75,0,10,0.02631579,0.666666666666667,1,1,1,0.0165293019512106
p3801,0,0,,1,1,1,0,,,,,0,1,1,0,0
p3803,2,0.0333333333333333,6.1,3,24,16,3,242.333333333333,0.30213842,10,0.02631579,1,0,0,0,0.0327898228229909
p3805,1,0.0166666666666667,,2,8,8,2,150.5,0.044942145,7,0.02631579,1,1,1,1,0.0165293019512106
p3807,2,0.0333333333333333,21.3,3,57,37,4,161,0.2106208125,29,0.039473685,1.33333333333333,1,1,1,0.0327898228229909
p3808,1,0.0166666666666667,,2,7,6,2,202,0.1314774,5,0.02631579,1,1,1,1,0.0165293019512106
p3809,1,0.0166666666666667,,2,17,16,2,151.5,0.00773888,15,0.02631579,1,0,0,0,0.0165293019512106
p381,3,0.05,25.5583333333333,3,65,56,2,375,0,41,0.0526315783333333,0.666666666666667,0,0,0,0.048790164169432
p3810,1,0.0166666666666667,,2,11,10,1,150,0,10,0.02631579,0.5,1,1,1,0.0165293019512106
p3811,1,0.0166666666666667,,2,12,10,1,150,0,10,0.02631579,0.5,1,1,0,0.0165293019512106
p3812,1,0.0166666666666667,,2,7,6,2,213,0.28176743,6,0.02631579,1,0,0,0,0.0165293019512106
p3813,3,0.05,24.5166666666667,4,122,58,4,525,0.00022521084,39.6666666666667,0.0526315783333333,1,1,1,0,0.048790164169432
p3814,3,0.05,19.1583333333333,4,89,43,3,365,0,29.6666666666667,0.0526315783333333,0.75,1,1,1,0.048790164169432
p3815,1,0.0166666666666667,,2,13,12,1,75,0,11,0.02631579,0.5,0,0,0,0.0165293019512106
p3816,1,0.0166666666666667,,2,11,10,2,151.5,0.094461925,9,0.02631579,1,0,0,0,0.0165293019512106
p3817,1,0.0166666666666667,,2,23,22,1,150,0,18,0.02631579,0.5,1,1,0,0.0165293019512106
p3818,2,0.0333333333333333,46.5,2,11,10,2,325,0.5,32,0.039473685,1,0,0,0,0.0327898228229909
p3819,1,0.0166666666666667,,2,14,11,1,150,0,9,0.02631579,0.5,1,1,1,0.0165293019512106
p382,1,0.0166666666666667,,2,31,18,1,125,0,17,0.02631579,0.5,0,0,0,0.0165293019512106
p3820,2,0.0333333333333333,6.53333333333333,3,27,16,2,90,0,13,0.013157895,0.666666666666667,1,1,1,0.0327898228229909
p3821,1,0.0166666666666667,,2,7,6,2,156,0.010508435,5,0.02631579,1,0,0,0,0.0165293019512106
p3822,1,0.0166666666666667,,2,16,15,1,150,0,15,0.02631579,0.5,0,0,0,0.0165293019512106
p3823,1,0.0166666666666667,,2,10,8,2,185.5,0.09781368,7,0.02631579,1,0,0,0,0.0165293019512106
p3825,3,0.05,18.325,4,91,43,3,475,0,30,0.0526315783333333,0.75,0,0,0,0.048790164169432
p3826,1,0.0166666666666667,,2,10,9,1,150,0,9,0.02631579,0.5,0,0,0,0.0165293019512106
p3827,1,0.0166666666666667,,2,12,10,1,150,0,9,0.02631579,0.5,1,1,1,0.0165293019512106
p3828,2,0.0333333333333333,47.8666666666667,3,72,58,3,436.666666666667,0.00181381016666667,33,0.039473685,1,1,1,1,0.0327898228229909
p383,1,0.0166666666666667,,2,9,7,2,302.5,0.37867775,6,0.02631579,1,0,0,0,0.0165293019512106
p3830,1,0.0166666666666667,,2,10,10,2,27,0.082866385,9,0.02631579,1,1,1,1,0.0165293019512106
p3831,2,0.0333333333333333,11.35,5,32,21,2,90,0,15,0.013157895,0.4,1,1,0,0.0327898228229909
p3832,0,0,,2,1,1,1,450.5,0,,,0.5,1,1,1,0
p3833,1,0.0166666666666667,,2,26,23,1,150,0,22,0.02631579,0.5,1,1,1,0.0165293019512106
p3835,1,0.0166666666666667,,2,18,15,2,161.5,0.11555313,15,0.02631579,1,1,1,1,0.0165293019512106
p3837,1,0.0166666666666667,,2,7,6,2,161.5,0.015750684,5,0.02631579,1,1,1,1,0.0165293019512106
p3838,1,0.0166666666666667,,2,7,6,2,150,0,5,0.02631579,1,0,0,0,0.0165293019512106
p3839,1,0.0166666666666667,,2,9,9,1,150,0,9,0.02631579,0.5,0,0,0,0.0165293019512106
p3840,1,0.0166666666666667,,2,8,7,2,216,0.183139115,7,0.02631579,1,0,0,0,0.0165293019512106
p3841,1,0.0166666666666667,,2,17,14,2,183,0.17701642,13,0.02631579,1,1,1,1,0.0165293019512106
p3842,1,0.0166666666666667,,2,21,14,1,150,0,14,0.02631579,0.5,1,1,0,0.0165293019512106
p3844,1,0.0166666666666667,,2,10,9,1,150,0,8,0.02631579,0.5,0,0,0,0.0165293019512106
p3845,0,0,,1,0,0,1,10,0.47556695,,,1,0,0,0,0
p3846,1,0.0166666666666667,,1,0,0,1,150,1,8,0.02631579,1,0,0,0,0.0165293019512106
p3847,0,0,,1,0,0,1,2,0.1123004,,,1,0,0,0,0
p3848,1,0.0166666666666667,,2,10,8,1,150,0,8,0.02631579,0.5,1,1,0,0.0165293019512106
p3849,1,0.0166666666666667,,2,17,13,1,150,0,11,0.02631579,0.5,1,1,1,0.0165293019512106
p385,1,0.0166666666666667,,2,18,16,1,150,0,14,0.02631579,0.5,0,0,0,0.0165293019512106
p3850,3,0.05,10.8083333333333,4,66,29,4,8260.32948996292,0.001461495875,21.6666666666667,0.0526315783333333,1,0,0,0,0.048790164169432
p3851,1,0.0166666666666667,,2,32,21,2,195,0.13032754,21,0.02631579,1,1,1,1,0.0165293019512106
p3852,1,0.0166666666666667,,3,17,8,3,152,0.0018844111,7,0.02631579,1,1,1,1,0.0165293019512106
p3853,3,0.05,23.675,4,111,54,3,475,0,36.3333333333333,0.0526315783333333,0.75,1,1,1,0.048790164169432
p3854,1,0.0166666666666667,,1,5,5,1,60,0,32,0.02631579,1,1,1,1,0.0165293019512106
p3856,1,0.0166666666666667,,2,16,13,1,150,0,12,0.02631579,0.5,1,1,1,0.0165293019512106
p3857,1,0.0166666666666667,,2,6,6,2,151,0.0051720665,6,0.02631579,1,1,1,1,0.0165293019512106
p3859,1,0.0166666666666667,,2,16,13,1,150,0,9,0.02631579,0.5,1,1,1,0.0165293019512106
p386,3,0.05,20.9833333333333,3,57,48,3,475,0.333333333333333,34.3333333333333,0.0526315783333333,1,0,0,0,0.048790164169432
p3860,1,0.0166666666666667,,2,36,32,1,150,0,15,0.02631579,0.5,0,0,0,0.0165293019512106
p3861,1,0.0166666666666667,,2,18,16,2,269,0.30004433,15,0.02631579,1,0,0,0,0.0165293019512106
p3862,1,0.0166666666666667,,2,16,15,1,150,0,14,0.02631579,0.5,0,0,0,0.0165293019512106
p3863,1,0.0166666666666667,,2,33,25,1,15,,23,0,0.5,1,1,1,0.0165293019512106
p3864,3,0.05,15.8416666666667,4,77,37,3,475,0,24.6666666666667,0.0526315783333333,0.75,1,1,1,0.048790164169432
p3865,1,0.0166666666666667,,2,12,10,1,150,0,10,0.02631579,0.5,1,1,1,0.0165293019512106
p3866,1,0.0166666666666667,,2,8,7,2,195.5,0.087632815,6,0.02631579,1,0,0,0,0.0165293019512106
p3867,1,0.0166666666666667,,1,6,6,1,150,0,5,0.02631579,1,1,1,1,0.0165293019512106
p3868,2,0.0333333333333333,21.4666666666667,3,39,19,3,154.166666666667,0.000248885685,17.5,0.02631579,1,0,0,0,0.0327898228229909
p3869,2,0.0333333333333333,28.1333333333333,3,46,35,2,375,0,21,0.039473685,0.666666666666667,1,1,1,0.0327898228229909
p387,1,0.0166666666666667,,2,7,6,2,181.5,0.301487625,6,0.02631579,1,1,1,1,0.0165293019512106
p3870,1,0.0166666666666667,,2,14,13,2,60,0,12,0.02631579,1,0,0,0,0.0165293019512106
p3871,2,0.0333333333333333,46.8166666666667,3,68,55,3,83.6666666666667,0.0801951333333333,35,0.039473685,1,0,0,0,0.0327898228229909
p3872,2,0.0333333333333333,49.3333333333333,3,66,57,2,375,0,32,0.039473685,0.666666666666667,0,0,0,0.0327898228229909
p3873,1,0.0166666666666667,,2,8,8,1,150,0,8,0.02631579,0.5,1,1,1,0.0165293019512106
p3874,1,0.0166666666666667,,2,10,9,1,150,0,9,0.02631579,0.5,0,0,0,0.0165293019512106
p3875,1,0.0166666666666667,,1,1,1,1,150,1,15,0.02631579,1,1,1,1,0.0165293019512106
p3876,1,0.0166666666666667,,2,9,8,1,150,0,8,0.02631579,0.5,1,1,0,0.0165293019512106
p3877,0,0,,2,1,1,0,,,,,0,0,0,0,0
p3878,3,0.05,22.725,4,119,55,3,365,0,38.3333333333333,0.0526315783333333,0.75,1,1,1,0.048790164169432
p3879,3,0.05,22.8583333333333,4,108,52,3,381.666666666667,0,35,0.0526315783333333,0.75,1,1,1,0.048790164169432
p388,1,0.0166666666666667,,2,12,11,1,150,0,11,0.02631579,0.5,1,1,1,0.0165293019512106
p3880,1,0.0166666666666667,,1,2,2,1,150,1,8,0.02631579,1,0,0,0,0.0165293019512106
p3881,2,0.0333333333333333,39.7666666666667,2,9,7,2,367.5,0.5,26.5,0.039473685,1,0,0,0,0.0327898228229909
p3882,2,0.0333333333333333,48.6333333333333,3,66,57,2,360,0,32,0.039473685,0.666666666666667,0,0,0,0.0327898228229909
p3883,1,0.0166666666666667,,2,65,40,1,150,0,39,0.02631579,0.5,1,1,1,0.0165293019512106
p3884,1,0.0166666666666667,,1,1,1,1,110,1,7,0.02631579,1,0,0,0,0.0165293019512106
p3885,1,0.0166666666666667,,2,18,17,2,209.5,0.085676885,16,0.02631579,1,1,1,1,0.0165293019512106
p3886,3,0.05,15.75,4,77,37,3,475,0,24.6666666666667,0.0526315783333333,0.75,1,1,1,0.048790164169432
p3887,8,0.133333333333333,7.46666666666667,6,151.280000000001,56,6,910,0.333333333333333,41.3333333333333,0.069078945,1,1,1,1,0.125163142954006
p3888,2,0.0333333333333333,49.15,3,64,56,2,355,0,31,0.039473685,0.666666666666667,1,1,1,0.0327898228229909
p3889,32,0.533333333333333,1.77096774193548,6,151.280000000001,59,6,8260.32948996292,0,30.21875,0.129561403322221,0.96969696969697,0,0,0,0.42744401482694
p389,2,0.0333333333333333,49.4666666666667,2,8,8,2,285,0.5,31.5,0.039473685,1,0,0,0,0.0327898228229909
p3890,1,0.0166666666666667,,2,12,10,1,60,0,9,0.02631579,0.5,1,1,0,0.0165293019512106
p3891,1,0.0166666666666667,,2,15,13,2,86.5,0.15268111,12,0.02631579,1,1,1,1,0.0165293019512106
p3893,1,0.0166666666666667,,2,12,9,2,256,0.329586415,9,0.02631579,1,1,1,1,0.0165293019512106
p3894,1,0.0166666666666667,,1,2,2,1,150,1,9,0.02631579,1,0,0,0,0.0165293019512106
p3895,1,0.0166666666666667,,2,13,12,2,219,0.374436675,12,0.02631579,1,0,0,0,0.0165293019512106
p3896,1,0.0166666666666667,,2,16,15,1,150,0,14,0.02631579,0.5,1,1,0,0.0165293019512106
p3897,1,0.0166666666666667,,2,9,8,2,213,0.37539017,7,0.02631579,1,1,1,1,0.0165293019512106
p3898,1,0.0166666666666667,,2,8,7,2,180,0.120210325,7,0.02631579,1,1,1,1,0.0165293019512106
p3899,0,0,,1,1,1,1,18,0.35315844,,,1,0,0,0,0
p390,1,0.0166666666666667,,2,37,23,1,150,0,22,0.02631579,0.5,1,1,1,0.0165293019512106
p3900,2,0.0333333333333333,39.9666666666667,2,11,9,2,375,0.5,27,0.039473685,1,1,1,0,0.0327898228229909
p3901,2,0.0333333333333333,43.55,2,9,7,2,375,0.5,28.5,0.039473685,1,1,1,0,0.0327898228229909
p3902,1,0.0166666666666667,,1,1,1,1,150,1,7,0.02631579,1,1,1,1,0.0165293019512106
p3903,1,0.0166666666666667,,1,3,3,1,150,1,8,0.02631579,1,1,1,1,0.0165293019512106
p3905,1,0.0166666666666667,,2,10,7,2,202.5,0.21531365,7,0.02631579,1,0,0,0,0.0165293019512106
p3906,2,0.0333333333333333,13.8166666666667,3,41,26,2,157.5,0,19,0.02631579,0.666666666666667,0,0,0,0.0327898228229909
p3907,0,0,,1,1,1,1,5,0.14215598,,,1,0,0,0,0
p3908,1,0.0166666666666667,,2,28,27,2,133.5,0.087579465,20,0.02631579,1,1,1,1,0.0165293019512106
p3909,0,0,,1,1,1,0,,,,,0,1,1,1,0
p3910,0,0,,1,0,0,1,8,0.46822172,,,1,0,0,0,0
p3911,2,0.0333333333333333,44.1166666666667,2,7,6,2,375,0.5,28,0.039473685,1,1,1,0,0.0327898228229909
p3912,0,0,,1,1,1,0,,,,,0,0,0,0,0
p3913,3,0.05,24.7416666666667,3,67,56,2,375,0,41.3333333333333,0.0526315783333333,0.666666666666667,0,0,0,0.048790164169432
p3914,1,0.0166666666666667,,2,12,11,1,150,0,10,0.02631579,0.5,0,0,0,0.0165293019512106
p3915,1,0.0166666666666667,,2,20,14,2,197,0.06740173,14,0.02631579,1,0,0,0,0.0165293019512106
p3916,1,0.0166666666666667,,2,12,11,2,138.5,0.12934315,10,0.02631579,1,0,0,0,0.0165293019512106
p3917,1,0.0166666666666667,,2,18,16,1,150,0,14,0.02631579,0.5,0,0,0,0.0165293019512106
p3918,1,0.0166666666666667,,2,8,7,2,240.5,0.30469565,7,0.02631579,1,1,1,0,0.0165293019512106
p392,1,0.0166666666666667,,2,10,9,1,50,0,7,0.02631579,0.5,1,0,0,0.0165293019512106
p3920,2,0.0333333333333333,7.61666666666667,3,40,23,3,140.666666666667,0.0612061833333333,18.5,0.013157895,1,1,1,0,0.0327898228229909
p3921,3,0.05,13.95,5,41,21,5,70.2,0.1400958994,13.3333333333333,0.00877193,1,1,1,1,0.048790164169432
p3922,1,0.0166666666666667,,1,0,0,1,150,1,6,0.02631579,1,0,0,0,0.0165293019512106
p3923,1,0.0166666666666667,,2,10,9,2,217,0.26256123,8,0.02631579,1,0,0,0,0.0165293019512106
p3924,1,0.0166666666666667,,1,3,3,1,150,1,9,0.02631579,1,1,1,1,0.0165293019512106
p3925,1,0.0166666666666667,,1,1,1,1,150,1,8,0.02631579,1,0,0,0,0.0165293019512106
p3926,1,0.0166666666666667,,2,20,16,1,150,0,15,0.02631579,0.5,1,1,0,0.0165293019512106
p3927,2,0.0333333333333333,20.2833333333333,3,50,34,2,90,0,23,0.013157895,0.666666666666667,1,1,1,0.0327898228229909
p3928,0,0,,1,4,4,1,15,0.39247543,,,1,1,1,1,0
p3929,1,0.0166666666666667,,2,27,22,1,150,0,21,0.02631579,0.5,1,1,1,0.0165293019512106
p393,1,0.0166666666666667,,2,10,9,1,15,,9,0,0.5,1,0,0,0.0165293019512106
p3930,1,0.0166666666666667,,2,18,15,2,125.5,0.20623035,14,0.02631579,1,1,0,0,0.0165293019512106
p3931,1,0.0166666666666667,,2,11,9,2,235,0.25051685,9,0.02631579,1,1,1,1,0.0165293019512106
p3933,1,0.0166666666666667,,2,10,8,1,150,0,7,0.02631579,0.5,1,1,1,0.0165293019512106
p3934,1,0.0166666666666667,,2,16,14,1,150,0,14,0.02631579,0.5,1,1,1,0.0165293019512106
p3935,1,0.0166666666666667,,2,12,11,2,210,0.173746035,10,0.02631579,1,1,1,1,0.0165293019512106
p3936,1,0.0166666666666667,,2,18,13,1,150,0,12,0.02631579,0.5,0,0,0,0.0165293019512106
p3937,1,0.0166666666666667,,1,3,3,1,150,1,12,0.02631579,1,0,0,0,0.0165293019512106
p3938,2,0.0333333333333333,49.7166666666667,3,67,59,2,250,0,31.5,0.039473685,0.666666666666667,1,1,1,0.0327898228229909
p3939,1,0.0166666666666667,,2,14,12,2,258,0.37110153,10,0.02631579,1,1,1,1,0.0165293019512106
p394,1,0.0166666666666667,,2,6,5,2,182,0.09382165,5,0.02631579,1,0,0,0,0.0165293019512106
p3940,3,0.05,22.025,4,113,53,3,475,0,37.3333333333333,0.0526315783333333,0.75,1,1,1,0.048790164169432
p3942,1,0.0166666666666667,,2,18,13,1,150,0,12,0.02631579,0.5,1,1,1,0.0165293019512106
p3943,3,0.05,23.975,4,111,54,3,475,0,36.3333333333333,0.0526315783333333,0.75,1,1,1,0.048790164169432
p3944,3,0.05,22.9166666666667,4,111,54,3,385,0,33.6666666666667,0.0526315783333333,0.75,0,0,0,0.048790164169432
p3946,1,0.0166666666666667,,2,11,10,1,150,0,10,0.02631579,0.5,1,1,0,0.0165293019512106
p3947,1,0.0166666666666667,,2,6,6,2,251.5,0.35718915,5,0.02631579,1,1,1,1,0.0165293019512106
p3948,2,0.0333333333333333,46.0666666666667,2,14,10,1,150,0,31,0.039473685,0.5,1,1,1,0.0327898228229909
p3949,1,0.0166666666666667,,1,1,1,1,150,1,6,0.02631579,1,0,0,0,0.0165293019512106
p395,0,0,,1,6,6,1,6,0.20373163,,,1,0,0,0,0
p3950,1,0.0166666666666667,,2,11,10,1,150,0,9,0.02631579,0.5,1,1,1,0.0165293019512106
p3951,0,0,,1,5,5,1,1.5,0.10033098,,,1,0,0,0,0
p3952,1,0.0166666666666667,,2,21,19,1,150,0,17,0.02631579,0.5,0,0,0,0.0165293019512106
p3953,2,0.0333333333333333,4.58333333333333,3,25,14,3,117,0.0156233756666667,11.5,0.013157895,1,0,0,0,0.0327898228229909
p3954,1,0.0166666666666667,,2,11,11,1,150,0,9,0.02631579,0.5,0,0,0,0.0165293019512106
p3955,1,0.0166666666666667,,1,1,1,1,150,1,6,0.02631579,1,1,1,1,0.0165293019512106
p3956,2,0.0333333333333333,48.1666666666667,2,8,7,1,150,0,31,0.039473685,0.5,1,1,1,0.0327898228229909
p3957,2,0.0333333333333333,19.3166666666667,3,51,35,2,15,0,23.5,0.013157895,0.666666666666667,1,1,1,0.0327898228229909
p3958,1,0.0166666666666667,,2,15,11,1,150,0,11,0.02631579,0.5,1,1,0,0.0165293019512106
p3959,1,0.0166666666666667,,2,12,11,1,150,0,10,0.02631579,0.5,0,0,0,0.0165293019512106
p396,1,0.0166666666666667,,2,4,3,1,3584.9998,1,15,0.129561403322221,0.5,1,1,0,0.0165293019512106
p3960,1,0.0166666666666667,,2,11,10,1,150,0,9,0.02631579,0.5,0,0,0,0.0165293019512106
p3961,1,0.0166666666666667,,1,1,1,1,150,1,5,0.02631579,1,0,0,0,0.0165293019512106
p3962,3,0.05,22.6,4,110,54,3,475,0,34.6666666666667,0.0526315783333333,0.75,1,0,0,0.048790164169432
p3963,1,0.0166666666666667,,2,7,6,2,168.5,0.043665505,6,0.02631579,1,0,0,0,0.0165293019512106
p3964,1,0.0166666666666667,,2,12,11,1,150,0,10,0.02631579,0.5,0,0,0,0.0165293019512106
p3966,2,0.0333333333333333,37.5833333333333,3,51,44,2,337.5,0,24.5,0.039473685,0.666666666666667,1,1,1,0.0327898228229909
p3967,2,0.0333333333333333,48.9166666666667,3,61,55,2,375,0,30,0.039473685,0.666666666666667,0,0,0,0.0327898228229909
p3968,1,0.0166666666666667,,2,12,9,2,152.5,0.0104131465,9,0.02631579,1,0,0,0,0.0165293019512106
p3969,1,0.0166666666666667,,4,70,27,3,150,0,15,0.02631579,0.75,1,1,1,0.0165293019512106
p397,2,0.0333333333333333,38.75,3,81,59,2,375,0,39.5,0.039473685,0.666666666666667,1,1,1,0.0327898228229909
p3970,1,0.0166666666666667,,2,11,10,1,150,0,10,0.02631579,0.5,1,1,0,0.0165293019512106
p3971,1,0.0166666666666667,,2,26,20,2,195,0.11850401,19,0.02631579,1,0,0,0,0.0165293019512106
p3972,1,0.0166666666666667,,2,16,14,2,150,0.035752555,12,0.02631579,1,0,0,0,0.0165293019512106
p3973,1,0.0166666666666667,,1,1,1,1,15,1,10,0,1,1,1,1,0.0165293019512106
p3974,1,0.0166666666666667,,2,11,11,1,150,0,10,0.02631579,0.5,1,1,0,0.0165293019512106
p3975,2,0.0333333333333333,8.56666666666667,3,14,10,4,242,0.179598675,8,0.039473685,1.33333333333333,0,0,0,0.0327898228229909
p3976,1,0.0166666666666667,,1,1,1,1,150,1,5,0.02631579,1,0,0,0,0.0165293019512106
p3977,1,0.0166666666666667,,2,13,11,1,150,0,10,0.02631579,0.5,0,0,0,0.0165293019512106
p3979,1,0.0166666666666667,,2,11,10,1,150,0,10,0.02631579,0.5,1,1,1,0.0165293019512106
p398,1,0.0166666666666667,,2,6,5,2,256.5,0.39591852,5,0.02631579,1,1,1,1,0.0165293019512106
p3980,2,0.0333333333333333,35.65,3,47,41,2,375,0,23,0.039473685,0.666666666666667,1,1,1,0.0327898228229909
p3981,2,0.0333333333333333,40.05,2,7,6,2,375,0.5,25,0.039473685,1,0,0,0,0.0327898228229909
p3982,1,0.0166666666666667,,2,10,8,2,153,0.015200525,8,0.02631579,1,1,1,1,0.0165293019512106
p3983,0,0,,1,0,0,1,17,0.6961896,,,1,1,1,0,0
p3984,1,0.0166666666666667,,2,8,7,2,269,0.310359625,7,0.02631579,1,1,1,1,0.0165293019512106
p3985,2,0.0333333333333333,6.51666666666667,2,13,13,2,90,0.5,14.5,0.013157895,1,0,0,0,0.0327898228229909
p3986,1,0.0166666666666667,,1,2,2,1,125,1,9,0.02631579,1,0,0,0,0.0165293019512106
p3987,0,0,,1,1,1,1,24,0.54933774,,,1,1,1,1,0
p3988,2,0.0333333333333333,38.0166666666667,3,52,45,3,406.666666666667,0.05520155,26,0.039473685,1,1,1,1,0.0327898228229909
p3989,1,0.0166666666666667,,2,9,8,2,169.5,0.024217151,7,0.02631579,1,1,1,1,0.0165293019512106
p3990,2,0.0333333333333333,44.7666666666667,2,5,5,3,332,0.450606953333333,18.5,0.039473685,1.5,0,0,0,0.0327898228229909
p3991,1,0.0166666666666667,,2,24,19,1,150,0,16,0.02631579,0.5,1,1,0,0.0165293019512106
p3992,1,0.0166666666666667,,3,7,6,2,75,0,5,0.02631579,0.666666666666667,0,0,0,0.0165293019512106
p3993,0,0,,1,0,0,1,0,0.07573694,,,1,0,0,0,0
p3994,1,0.0166666666666667,,2,14,12,1,150,0,12,0.02631579,0.5,1,1,1,0.0165293019512106
p3995,1,0.0166666666666667,,1,1,1,1,150,1,10,0.02631579,1,0,0,0,0.0165293019512106
p3996,3,0.05,19.7833333333333,4,73,50,5,274.8,0.076149554,23,0.0526315783333333,1.25,0,0,0,0.048790164169432
p3997,1,0.0166666666666667,,3,27,14,3,121.333333333333,0.029545974,11,0.02631579,1,0,0,0,0.0165293019512106
p3998,0,0,,1,1,1,1,4,0.19415542,,,1,0,0,0,0
p3999,1,0.0166666666666667,,2,10,8,2,150,0.0278299285,7,0.02631579,1,1,1,1,0.0165293019512106
p4,1,0.0166666666666667,,2,10,8,1,150,0,7,0.02631579,0.5,0,0,0,0.0165293019512106
p40,1,0.0166666666666667,,2,11,10,2,178.5,0.05831924,9,0.02631579,1,0,0,0,0.0165293019512106
p400,1,0.0166666666666667,,2,31,29,2,265,0.35288815,28,0.02631579,1,1,1,1,0.0165293019512106
p4000,1,0.0166666666666667,,2,21,15,1,60,0,13,0.02631579,0.5,0,0,0,0.0165293019512106
p4001,2,0.0333333333333333,5.95,3,23,14,3,95,0.225203133333333,10,0.013157895,1,1,1,0,0.0327898228229909
p4002,1,0.0166666666666667,,2,9,8,1,150,0,7,0.02631579,0.5,0,0,0,0.0165293019512106
p4003,1,0.0166666666666667,,1,1,1,1,150,1,7,0.02631579,1,0,0,0,0.0165293019512106
p4004,1,0.0166666666666667,,2,7,7,2,156,0.01835045,7,0.02631579,1,0,0,0,0.0165293019512106
p4005,1,0.0166666666666667,,1,6,6,1,150,1,13,0.02631579,1,0,0,0,0.0165293019512106
p4007,1,0.0166666666666667,,2,29,23,1,150,0,22,0.02631579,0.5,1,1,1,0.0165293019512106
p4008,1,0.0166666666666667,,2,10,9,2,158.5,0.1626609,8,0.02631579,1,1,1,1,0.0165293019512106
p4009,1,0.0166666666666667,,2,8,8,1,150,0,8,0.02631579,0.5,1,1,1,0.0165293019512106
p401,2,0.0333333333333333,51.9666666666667,2,8,8,1,135,0,33,0.039473685,0.5,1,1,1,0.0327898228229909
p4010,1,0.0166666666666667,,2,7,6,2,208.5,0.176686285,6,0.02631579,1,0,0,0,0.0165293019512106
p4011,2,0.0333333333333333,47.7,2,10,8,2,330,0.5,31,0.039473685,1,1,1,1,0.0327898228229909
p4012,1,0.0166666666666667,,2,8,7,2,284,0.329621435,5,0.02631579,1,0,0,0,0.0165293019512106
p4013,2,0.0333333333333333,48.3833333333333,3,67,57,2,375,0,32,0.039473685,0.666666666666667,0,0,0,0.0327898228229909
p4014,1,0.0166666666666667,,2,20,15,1,150,0,14,0.02631579,0.5,1,1,0,0.0165293019512106
p4015,1,0.0166666666666667,,1,1,1,1,150,1,22,0.02631579,1,1,1,1,0.0165293019512106
p4016,1,0.0166666666666667,,2,9,6,2,77.5,0.154704885,6,0.02631579,1,1,1,1,0.0165293019512106
p4017,1,0.0166666666666667,,2,9,8,1,150,0,8,0.02631579,0.5,0,0,0,0.0165293019512106
p4018,2,0.0333333333333333,40.8666666666667,2,7,6,2,374,0.5,26.5,0.039473685,1,0,0,0,0.0327898228229909
p4019,1,0.0166666666666667,,2,8,7,1,150,0,7,0.02631579,0.5,0,0,0,0.0165293019512106
p402,2,0.0333333333333333,13.5833333333333,3,36,24,3,59,0.068982205,17,0.02631579,1,1,1,1,0.0327898228229909
p4020,1,0.0166666666666667,,2,12,11,2,302.5,0.375958325,10,0.02631579,1,1,0,0,0.0165293019512106
p4021,3,0.05,21.5333333333333,4,108,50,3,475,0,34.6666666666667,0.0526315783333333,0.75,1,1,1,0.048790164169432
p4022,1,0.0166666666666667,,2,13,10,1,150,0,10,0.02631579,0.5,0,0,0,0.0165293019512106
p4023,1,0.0166666666666667,,2,12,10,1,150,0,8,0.02631579,0.5,0,0,0,0.0165293019512106
p4024,1,0.0166666666666667,,1,3,3,1,150,1,7,0.02631579,1,0,0,0,0.0165293019512106
p4025,1,0.0166666666666667,,2,18,14,1,150,0,14,0.02631579,0.5,1,1,0,0.0165293019512106
p4026,1,0.0166666666666667,,2,79,49,1,150,0,36,0.02631579,0.5,0,0,0,0.0165293019512106
p4027,5,0.0833333333333333,12.7541666666667,6,9,4,5,8260.32948996292,0.4,4.9225,0.078947369,0.833333333333333,0,0,0,0.0800427076735364
p4028,1,0.0166666666666667,,3,12,7,3,259.666666666667,0.26850268,7,0.02631579,1,1,1,1,0.0165293019512106
p4029,3,0.05,23.3333333333333,4,110,53,3,385,0,36.3333333333333,0.0526315783333333,0.75,1,1,1,0.048790164169432
p403,1,0.0166666666666667,,2,13,9,2,150,0,8,0.02631579,1,1,0,0,0.0165293019512106
p4030,1,0.0166666666666667,,2,12,10,1,150,0,9,0.02631579,0.5,1,1,0,0.0165293019512106
p4031,4,0.0666666666666667,15.8222222222222,5,129,55,4,371.25,0,31.5,0.03947368375,0.8,1,1,1,0.0645385211375712
p4032,1,0.0166666666666667,,2,11,9,2,157,0.36128525,9,0.02631579,1,1,1,1,0.0165293019512106
p4033,1,0.0166666666666667,,2,9,8,2,167.5,0.072520415,7,0.02631579,1,1,1,1,0.0165293019512106
p4034,1,0.0166666666666667,,2,10,9,2,203.5,0.240822865,9,0.02631579,1,0,0,0,0.0165293019512106
p4035,1,0.0166666666666667,,1,1,1,1,150,1,9,0.02631579,1,1,1,1,0.0165293019512106
p4036,1,0.0166666666666667,,2,9,8,2,80,0.0600005875,6,0.02631579,1,0,0,0,0.0165293019512106
p4037,1,0.0166666666666667,,2,20,17,2,109.5,0.0056263425,15,0.02631579,1,1,1,1,0.0165293019512106
p4038,1,0.0166666666666667,,2,15,13,2,174.5,0.051461067,11,0.02631579,1,0,0,0,0.0165293019512106
p4039,3,0.05,17.7333333333333,4,87,41,3,475,0,28.6666666666667,0.0526315783333333,0.75,0,0,0,0.048790164169432
p404,0,0,,1,1,1,1,11,0.29671055,,,1,0,0,0,0
p4040,1,0.0166666666666667,,2,8,7,1,150,0,7,0.02631579,0.5,1,1,1,0.0165293019512106
p4041,1,0.0166666666666667,,2,9,8,2,8260.32948996292,0.406359015,6,0.02631579,1,0,0,0,0.0165293019512106
p4042,1,0.0166666666666667,,2,11,10,2,170.5,0.078920685,9,0.02631579,1,1,1,1,0.0165293019512106
p4043,3,0.05,21.3416666666667,4,103,49,3,335,0,33.3333333333333,0.0526315783333333,0.75,1,1,0,0.048790164169432
p4044,0,0,,1,2,2,1,22,0.55052364,,,1,0,0,0,0
p4045,2,0.0333333333333333,52.4666666666667,2,8,7,1,150,0,33,0.039473685,0.5,1,1,1,0.0327898228229909
p4046,0,0,,1,1,1,1,31,0.88038313,,,1,0,0,0,0
p4047,1,0.0166666666666667,,2,15,13,2,187.5,0.22805555,12,0.02631579,1,1,1,1,0.0165293019512106
p4048,1,0.0166666666666667,,1,1,1,1,150,1,7,0.02631579,1,0,0,0,0.0165293019512106
p4049,1,0.0166666666666667,,2,14,12,1,150,0,11,0.02631579,0.5,0,0,0,0.0165293019512106
p405,1,0.0166666666666667,,1,2,2,1,150,1,9,0.02631579,1,1,1,0,0.0165293019512106
p4050,1,0.0166666666666667,,2,33,31,1,150,0,29,0.02631579,0.5,1,1,1,0.0165293019512106
p4051,2,0.0333333333333333,3.6,2,81,42,2,637.5,0,40,0.0657894725,1,0,0,0,0.0327898228229909
p4052,2,0.0333333333333333,40.2833333333333,2,6,6,2,375,0.5,26,0.039473685,1,0,0,0,0.0327898228229909
p4053,2,0.0333333333333333,16.1333333333333,3,37,24,4,259,0.14198161,18,0.039473685,1.33333333333333,1,0,0,0.0327898228229909
p4054,1,0.0166666666666667,,2,8,7,2,150,0.034604685,7,0.02631579,1,1,1,1,0.0165293019512106
p4055,1,0.0166666666666667,,2,10,9,1,150,0,9,0.02631579,0.5,1,0,0,0.0165293019512106
p4057,1,0.0166666666666667,,2,9,8,1,150,0,8,0.02631579,0.5,1,1,1,0.0165293019512106
p4058,3,0.05,22.9333333333333,3,24,14,3,120,0.333333333333333,25.3333333333333,0.02631579,1,1,0,0,0.048790164169432
p4059,2,0.0333333333333333,39.55,2,8,7,2,325,0.5,25.5,0.039473685,1,1,1,1,0.0327898228229909
p406,3,0.05,22.5916666666667,4,114,53,3,475,0,37,0.0526315783333333,0.75,0,0,0,0.048790164169432
p4060,3,0.05,21.1,4,105,49,3,475,0,33.6666666666667,0.0526315783333333,0.75,1,1,0,0.048790164169432
p4061,1,0.0166666666666667,,2,16,14,1,150,0,14,0.02631579,0.5,1,1,1,0.0165293019512106
p4062,1,0.0166666666666667,,2,11,9,2,118,0.161933465,8,0.02631579,1,1,1,1,0.0165293019512106
p4063,10,0.166666666666667,5.9962962962963,6,103,18,6,8260.32948996292,0,15.4,0.129561403322221,0.9,0,0,0,0.154150679827258
p4064,1,0.0166666666666667,,2,13,11,1,150,0,10,0.02631579,0.5,1,1,1,0.0165293019512106
p4065,1,0.0166666666666667,,2,12,11,1,150,0,6,0.02631579,0.5,1,1,1,0.0165293019512106
p4066,0,0,,1,0,0,1,4,0.649786,,,1,1,1,1,0
p4067,1,0.0166666666666667,,2,14,13,1,100,0,11,0.02631579,0.5,0,0,0,0.0165293019512106
p4068,1,0.0166666666666667,,2,30,27,1,150,0,23,0.02631579,0.5,0,0,0,0.0165293019512106
p4069,1,0.0166666666666667,,2,6,5,2,241,0.29992095,5,0.02631579,1,1,1,1,0.0165293019512106
p407,1,0.0166666666666667,,2,9,8,2,309.5,0.3881,7,0.02631579,1,1,1,1,0.0165293019512106
p4070,1,0.0166666666666667,,2,7,6,2,211.5,0.257711025,5,0.02631579,1,0,0,0,0.0165293019512106
p4071,3,0.05,24.4333333333333,4,114,56,3,475,0,34.6666666666667,0.0526315783333333,0.75,0,0,0,0.048790164169432
p4073,1,0.0166666666666667,,2,15,14,1,150,0,13,0.02631579,0.5,1,0,0,0.0165293019512106
p4074,1,0.0166666666666667,,2,15,13,2,150,0,8,0.02631579,1,1,1,1,0.0165293019512106
p4075,1,0.0166666666666667,,2,16,12,2,258.5,0.2881252,12,0.02631579,1,1,1,1,0.0165293019512106
p4077,1,0.0166666666666667,,2,27,22,1,5,0,17,0.02631579,0.5,1,0,0,0.0165293019512106
p4079,1,0.0166666666666667,,2,9,8,2,152.5,0.004353456,7,0.02631579,1,0,0,0,0.0165293019512106
p408,1,0.0166666666666667,,2,9,8,1,60,0,7,0.02631579,0.5,0,0,0,0.0165293019512106
p4080,1,0.0166666666666667,,2,12,11,1,150,0,11,0.02631579,0.5,1,1,1,0.0165293019512106
p4082,1,0.0166666666666667,,3,14,9,3,64.6666666666667,0.24503207,9,0.02631579,1,1,1,0,0.0165293019512106
p4083,1,0.0166666666666667,,2,9,8,1,150,0,8,0.02631579,0.5,0,0,0,0.0165293019512106
p4084,3,0.05,22.5083333333333,4,108,51,3,465,0,35.3333333333333,0.0526315783333333,0.75,1,1,1,0.048790164169432
p4085,1,0.0166666666666667,,2,10,8,1,150,0,7,0.02631579,0.5,1,1,1,0.0165293019512106
p4086,1,0.0166666666666667,,2,11,8,2,241.5,0.23345068,7,0.02631579,1,0,0,0,0.0165293019512106
p4087,1,0.0166666666666667,,2,13,12,2,96,0.208303735,11,0.02631579,1,0,0,0,0.0165293019512106
p4088,3,0.05,24.4166666666667,4,117,56,3,475,0,38.3333333333333,0.0526315783333333,0.75,1,1,1,0.048790164169432
p4089,1,0.0166666666666667,,2,12,11,1,150,0,10,0.02631579,0.5,1,0,0,0.0165293019512106
p409,1,0.0166666666666667,,3,51,32,2,155,0,15,0.02631579,0.666666666666667,0,0,0,0.0165293019512106
p4090,1,0.0166666666666667,,2,16,13,1,150,0,10,0.02631579,0.5,0,0,0,0.0165293019512106
p4091,1,0.0166666666666667,,2,9,7,3,164.333333333333,0.124835742,7,0.02631579,1.5,0,0,0,0.0165293019512106
p4092,3,0.05,20.5666666666667,4,108,50,3,475,0,34.6666666666667,0.0526315783333333,0.75,1,1,1,0.048790164169432
p4093,2,0.0333333333333333,43.5333333333333,2,15,14,2,375,0.5,35,0.039473685,1,1,1,0,0.0327898228229909
p4094,1,0.0166666666666667,,1,1,1,1,150,1,7,0.02631579,1,1,1,1,0.0165293019512106
p4096,1,0.0166666666666667,,2,15,13,2,159.5,0.02873618,12,0.02631579,1,1,1,0,0.0165293019512106
p4097,2,0.0333333333333333,49.1833333333333,2,11,9,1,150,0,33.5,0.039473685,0.5,1,1,1,0.0327898228229909
p4099,1,0.0166666666666667,,2,11,9,1,150,0,8,0.02631579,0.5,1,0,0,0.0165293019512106
p41,1,0.0166666666666667,,2,14,13,2,150,0,11,0.02631579,1,1,1,1,0.0165293019512106
p410,3,0.05,23.95,5,151.280000000001,55,4,525,0,36.3333333333333,0.0526315783333333,0.8,0,0,0,0.048790164169432
p4101,1,0.0166666666666667,,2,13,11,1,150,0,9,0.02631579,0.5,1,1,1,0.0165293019512106
p4102,0,0,,1,0,0,1,2,0.067734465,,,1,0,0,0,0
p4103,1,0.0166666666666667,,2,9,8,2,160.5,0.02330137,8,0.02631579,1,1,1,1,0.0165293019512106
p4104,1,0.0166666666666667,,2,13,12,1,150,0,12,0.02631579,0.5,1,1,0,0.0165293019512106
p4105,1,0.0166666666666667,,2,15,13,1,150,0,12,0.02631579,0.5,1,1,1,0.0165293019512106
p4107,0,0,,1,1,1,1,1,0.17209388,,,1,0,0,0,0
p4108,1,0.0166666666666667,,2,15,12,1,150,0,11,0.02631579,0.5,1,1,1,0.0165293019512106
p411,2,0.0333333333333333,49.9,3,65,57,2,330,0,32,0.039473685,0.666666666666667,0,0,0,0.0327898228229909
p4110,1,0.0166666666666667,,2,18,11,2,175.5,0.09940579,11,0.02631579,1,1,1,1,0.0165293019512106
p4111,1,0.0166666666666667,,1,3,3,1,150,1,8,0.02631579,1,1,1,1,0.0165293019512106
p4112,1,0.0166666666666667,,2,43,25,1,150,0,24,0.02631579,0.5,1,1,1,0.0165293019512106
p4113,1,0.0166666666666667,,2,15,13,1,150,0,12,0.02631579,0.5,1,1,1,0.0165293019512106
p4114,3,0.05,23.9166666666667,4,114,55,3,475,0,37,0.0526315783333333,0.75,1,1,1,0.048790164169432
p4115,1,0.0166666666666667,,2,15,13,2,204.5,0.1081945,12,0.02631579,1,1,1,0,0.0165293019512106
p4116,1,0.0166666666666667,,1,1,1,1,150,1,8,0.02631579,1,0,0,0,0.0165293019512106
p4117,3,0.05,22.8666666666667,4,87,52,5,452.2,0.154015966,29,0.0526315783333333,1.25,1,1,1,0.048790164169432
p4118,1,0.0166666666666667,,2,21,17,2,141,0.07080212,16,0.02631579,1,0,0,0,0.0165293019512106
p4119,1,0.0166666666666667,,2,8,7,1,150,0,7,0.02631579,0.5,1,1,1,0.0165293019512106
p412,1,0.0166666666666667,,2,16,14,1,150,0,13,0.02631579,0.5,1,0,0,0.0165293019512106
p4121,2,0.0333333333333333,49.2833333333333,2,12,9,1,150,0,32.5,0.039473685,0.5,0,0,0,0.0327898228229909
p4122,1,0.0166666666666667,,2,11,10,1,150,0,8,0.02631579,0.5,1,1,1,0.0165293019512106
p4123,3,0.05,22.3916666666667,4,106,51,3,475,0,35.3333333333333,0.0526315783333333,0.75,1,1,1,0.048790164169432
p4124,2,0.0333333333333333,50.8166666666667,2,9,7,1,150,0,31.5,0.039473685,0.5,1,1,1,0.0327898228229909
p4126,1,0.0166666666666667,,1,8,8,0,,,41.3333333333333,0.078947365,0,1,1,1,0.0165293019512106
p4127,2,0.0333333333333333,8.51666666666667,3,32,21,2,52.5,0,14.5,0.013157895,0.666666666666667,1,1,1,0.0327898228229909
p4128,1,0.0166666666666667,,2,6,6,2,185,0.07025487,5,0.02631579,1,0,0,0,0.0165293019512106
p4129,1,0.0166666666666667,,2,13,10,2,323,0.4788455,9,0.02631579,1,0,0,0,0.0165293019512106
p413,2,0.0333333333333333,6.41666666666667,3,34,18,2,0,0,14,0.013157895,0.666666666666667,1,1,1,0.0327898228229909
p4130,1,0.0166666666666667,,3,10,8,3,146.666666666667,0.15113181,7,0.02631579,1,0,0,0,0.0165293019512106
p4131,6,0.1,6.86333333333333,6,151.280000000001,38,6,142.076923076923,0.445311520545455,17.6666666666667,0.02631579,0.928571428571429,0,0,0,0.0953101798043249
p4132,1,0.0166666666666667,,2,18,17,1,150,0,16,0.02631579,0.5,1,1,0,0.0165293019512106
p4133,1,0.0166666666666667,,1,1,1,1,150,1,10,0.02631579,1,0,0,0,0.0165293019512106
p4134,1,0.0166666666666667,,2,8,8,2,97,0.15178059,7,0.02631579,1,1,1,1,0.0165293019512106
p4135,1,0.0166666666666667,,2,22,21,1,150,0,20,0.02631579,0.5,0,0,0,0.0165293019512106
p4136,1,0.0166666666666667,,2,9,8,2,280,0.3791241,8,0.02631579,1,0,0,0,0.0165293019512106
p4137,0,0,,1,0,0,1,0,0.17380719,,,1,0,0,0,0
p4138,3,0.05,23.1416666666667,3,62,52,3,475,0.333333333333333,38,0.0526315783333333,1,1,0,0,0.048790164169432
p4141,2,0.0333333333333333,50.6166666666667,3,68,59,2,375,0,33.5,0.039473685,0.666666666666667,1,1,1,0.0327898228229909
p4142,1,0.0166666666666667,,2,15,10,2,301,0.3801807,10,0.02631579,1,0,0,0,0.0165293019512106
p4143,1,0.0166666666666667,,2,25,21,1,150,0,20,0.02631579,0.5,1,1,1,0.0165293019512106
p4144,1,0.0166666666666667,,2,17,13,1,150,0,12,0.02631579,0.5,1,1,1,0.0165293019512106
p4145,1,0.0166666666666667,,2,11,10,2,191.5,0.20903352,9,0.02631579,1,1,1,1,0.0165293019512106
p4146,1,0.0166666666666667,,2,7,6,2,194.5,0.079287455,6,0.02631579,1,1,1,1,0.0165293019512106
p4147,1,0.0166666666666667,,2,7,7,1,150,0,6,0.02631579,0.5,1,1,0,0.0165293019512106
p4148,3,0.05,24.0833333333333,4,116,56,3,435,0,38,0.0526315783333333,0.75,1,0,0,0.048790164169432
p4149,1,0.0166666666666667,,2,10,10,1,150,0,9,0.02631579,0.5,1,1,0,0.0165293019512106
p4150,2,0.0333333333333333,50.35,3,65,57,2,375,0,32,0.039473685,0.666666666666667,0,0,0,0.0327898228229909
p4151,1,0.0166666666666667,,2,6,6,1,150,0,6,0.02631579,0.5,0,0,0,0.0165293019512106
p4152,0,0,,1,1,1,1,11,0.27067563,,,1,0,0,0,0
p4153,1,0.0166666666666667,,2,6,6,2,185,0.18459706,6,0.02631579,1,0,0,0,0.0165293019512106
p4154,1,0.0166666666666667,,1,24,24,1,600,0,24,0.05263158,1,1,1,1,0.0165293019512106
p4155,3,0.05,24.075,3,30,15,2,156.25,0,28,0.03508772,0.666666666666667,1,1,0,0.048790164169432
p4156,2,0.0333333333333333,46.8,2,9,8,2,165,1,30.5,0,1,1,1,1,0.0327898228229909
p4157,2,0.0333333333333333,48.7666666666667,2,14,12,1,150,0,34.5,0.039473685,0.5,0,0,0,0.0327898228229909
p4158,1,0.0166666666666667,,2,50,48,1,150,0,41.3333333333333,0.02631579,0.5,0,0,0,0.0165293019512106
p416,1,0.0166666666666667,,2,10,9,2,159.5,0.025027785,8,0.02631579,1,0,0,0,0.0165293019512106
p4161,2,0.0333333333333333,41.7166666666667,2,8,7,1,150,0,27,0.039473685,0.5,1,1,1,0.0327898228229909
p4162,2,0.0333333333333333,35.3,3,50,42,2,375,0,24,0.039473685,0.666666666666667,1,1,0,0.0327898228229909
p4163,1,0.0166666666666667,,2,11,10,2,219,0.24750766,10,0.02631579,1,1,1,1,0.0165293019512106
p4164,1,0.0166666666666667,,2,12,11,1,150,0,10,0.02631579,0.5,0,0,0,0.0165293019512106
p4165,1,0.0166666666666667,,2,18,13,1,150,0,13,0.02631579,0.5,0,0,0,0.0165293019512106
p4166,8,0.133333333333333,0.833333333333333,6,51,9,6,8260.32948996292,0.103394822222222,6.25,0.118421051875,1,1,1,1,0.125163142954006
p4167,1,0.0166666666666667,,2,14,13,2,40.5,0.08389309,13,0,1,0,0,0,0.0165293019512106
p4168,0,0,,1,3,3,1,32,0.78928775,,,1,0,0,0,0
p4169,1,0.0166666666666667,,2,9,8,1,150,0,8,0.02631579,0.5,1,1,1,0.0165293019512106
p417,1,0.0166666666666667,,1,1,1,1,15,1,15,0,1,0,0,0,0.0165293019512106
p4170,1,0.0166666666666667,,2,39,36,1,150,0,35,0.02631579,0.5,1,1,0,0.0165293019512106
p4171,1,0.0166666666666667,,2,4,4,1,150,1,28,0.02631579,0.5,1,1,1,0.0165293019512106
p4172,1,0.0166666666666667,,2,14,12,2,247,0.2857165,11,0.02631579,1,1,1,1,0.0165293019512106
p4173,3,0.05,24.5333333333333,4,116,56,3,475,0,37.6666666666667,0.0526315783333333,0.75,1,1,1,0.048790164169432
p4174,0,0,,1,2,2,0,,,,,0,0,0,0,0
p4175,2,0.0333333333333333,51.4,3,67,58,2,292.5,0,32,0.039473685,0.666666666666667,0,0,0,0.0327898228229909
p4176,2,0.0333333333333333,37.3166666666667,2,9,7,2,350,0.5,24.5,0.039473685,1,1,1,1,0.0327898228229909
p4177,1,0.0166666666666667,,2,27,23,1,150,0,22,0.02631579,0.5,1,1,1,0.0165293019512106
p4178,3,0.05,19.5083333333333,4,99,46,3,475,0,32.3333333333333,0.0526315783333333,0.75,1,1,1,0.048790164169432
p4179,1,0.0166666666666667,,2,18,16,2,15,0.008371371,15,0,1,0,0,0,0.0165293019512106
p418,1,0.0166666666666667,,2,11,8,2,154.5,0.15213111,7,0.02631579,1,0,0,0,0.0165293019512106
p4180,2,0.0333333333333333,38.6,2,28,17,2,375,0.5,35.5,0.039473685,1,0,0,0,0.0327898228229909
p4181,1,0.0166666666666667,,2,15,12,1,150,0,11,0.02631579,0.5,0,0,0,0.0165293019512106
p4182,1,0.0166666666666667,,2,1,1,2,201,0.691017685,5,0.02631579,1,1,1,1,0.0165293019512106
p4183,0,0,,1,1,1,0,,,,,0,1,1,0,0
p4184,2,0.0333333333333333,40.3833333333333,2,8,7,2,375,0.5,26.5,0.039473685,1,1,1,1,0.0327898228229909
p4186,3,0.05,19.15,5,143,51,4,506.25,0,29.3333333333333,0.0526315783333333,0.8,1,1,1,0.048790164169432
p4187,1,0.0166666666666667,,2,11,10,2,150,0,9,0.02631579,1,1,1,1,0.0165293019512106
p4188,1,0.0166666666666667,,1,1,1,1,150,1,9,0.02631579,1,1,1,1,0.0165293019512106
p4189,1,0.0166666666666667,,2,9,8,1,150,0,7,0.02631579,0.5,0,0,0,0.0165293019512106
p419,1,0.0166666666666667,,2,19,13,1,150,0,12,0.02631579,0.5,1,1,1,0.0165293019512106
p4190,1,0.0166666666666667,,2,23,19,1,150,0,19,0.02631579,0.5,1,1,1,0.0165293019512106
p4191,1,0.0166666666666667,,2,12,9,1,150,0,9,0.02631579,0.5,0,0,0,0.0165293019512106
p4192,3,0.05,26.2,4,123,59,3,475,0,40,0.0526315783333333,0.75,0,0,0,0.048790164169432
p4193,1,0.0166666666666667,,2,8,7,2,156,0.01602781,6,0.02631579,1,0,0,0,0.0165293019512106
p4194,1,0.0166666666666667,,2,11,9,2,134,0.0201307965,8,0.02631579,1,1,1,1,0.0165293019512106
p4195,3,0.05,19.1166666666667,3,23,14,3,210,0.333333333333333,22.6666666666667,0.02631579,1,0,0,0,0.048790164169432
p4197,3,0.05,25.5416666666667,4,119,57,3,475,0,39,0.0526315783333333,0.75,0,0,0,0.048790164169432
p4198,1,0.0166666666666667,,2,11,9,2,135,0.11741819,8,0.02631579,1,0,0,0,0.0165293019512106
p4199,4,0.0666666666666667,14.0055555555556,5,14,6,5,567,0.284284965,12,0.059210525,1,1,1,1,0.0645385211375712
p42,1,0.0166666666666667,,2,15,13,1,150,0,9,0.02631579,0.5,1,1,1,0.0165293019512106
p420,1,0.0166666666666667,,2,15,14,2,196,0.20622489,11,0.02631579,1,1,1,1,0.0165293019512106
p4200,1,0.0166666666666667,,2,6,6,2,230,0.204379065,5,0.02631579,1,0,0,0,0.0165293019512106
p4201,2,0.0333333333333333,39.3,3,54,46,2,375,0,25.5,0.039473685,0.666666666666667,0,0,0,0.0327898228229909
p4202,1,0.0166666666666667,,2,31,28,1,150,0,27,0.02631579,0.5,1,1,1,0.0165293019512106
p4203,0,0,,1,1,1,1,0,0,,,1,0,0,0,0
p4204,1,0.0166666666666667,,2,27,23,1,150,0,22,0.02631579,0.5,1,1,1,0.0165293019512106
p4205,1,0.0166666666666667,,2,11,10,1,150,0,10,0.02631579,0.5,1,1,1,0.0165293019512106
p4208,1,0.0166666666666667,,2,12,10,2,316.5,0.4078419,9,0.02631579,1,0,0,0,0.0165293019512106
p421,2,0.0333333333333333,35.7833333333333,2,7,6,2,375,0.5,24,0.039473685,1,0,0,0,0.0327898228229909
p4210,2,0.0333333333333333,51.6,3,67,59,2,375,0,32,0.039473685,0.666666666666667,1,1,1,0.0327898228229909
p4211,2,0.0333333333333333,37.35,3,51,44,3,390,0,24.5,0.039473685,1,0,0,0,0.0327898228229909
p4212,1,0.0166666666666667,,2,8,8,1,150,0,8,0.02631579,0.5,1,1,1,0.0165293019512106
p4213,1,0.0166666666666667,,2,14,12,1,10,0,10,0.02631579,0.5,0,0,0,0.0165293019512106
p4214,1,0.0166666666666667,,1,3,3,1,150,1,10,0.02631579,1,0,0,0,0.0165293019512106
p4215,1,0.0166666666666667,,2,9,9,2,150,0,8,0.02631579,1,0,0,0,0.0165293019512106
p4216,1,0.0166666666666667,,2,13,11,2,240.5,0.27306193,10,0.02631579,1,1,1,0,0.0165293019512106
p4217,1,0.0166666666666667,,3,33,22,2,80.5,0,21,0.02631579,0.666666666666667,0,0,0,0.0165293019512106
p4218,2,0.0333333333333333,49.7333333333333,2,11,9,2,250,0.5,33,0.039473685,1,0,0,0,0.0327898228229909
p4219,2,0.0333333333333333,38.15,3,53,45,2,375,0,26,0.039473685,0.666666666666667,1,1,0,0.0327898228229909
p422,1,0.0166666666666667,,2,16,14,1,150,0,14,0.02631579,0.5,0,0,0,0.0165293019512106
p4220,3,0.05,26.9666666666667,4,49,30,6,395.25,0.330781437,26,0.0526315783333333,2,0,0,0,0.048790164169432
p4221,3,0.05,21.5416666666667,4,103,49,4,266.25,0.02407321,33.3333333333333,0.0526315783333333,1,1,0,0,0.048790164169432
p4222,1,0.0166666666666667,,2,6,5,2,197.5,0.18767528,5,0.02631579,1,0,0,0,0.0165293019512106
p4223,1,0.0166666666666667,,2,12,11,1,15,,10,0,0.5,1,1,1,0.0165293019512106
p4224,1,0.0166666666666667,,2,16,11,1,150,0,11,0.02631579,0.5,1,1,0,0.0165293019512106
p4225,1,0.0166666666666667,,2,13,12,2,255.5,0.28706865,12,0.02631579,1,0,0,0,0.0165293019512106
p4226,1,0.0166666666666667,,2,12,11,2,194,0.2625132,9,0.02631579,1,0,0,0,0.0165293019512106
p4227,3,0.05,24.6833333333333,4,126,58,3,325,0,40,0.0526315783333333,0.75,0,0,0,0.048790164169432
p4228,3,0.05,23.1333333333333,4,124,56,3,415,0,39.6666666666667,0.0526315783333333,0.75,0,0,0,0.048790164169432
p4229,1,0.0166666666666667,,2,14,12,1,150,0,10,0.02631579,0.5,1,1,1,0.0165293019512106
p423,1,0.0166666666666667,,2,14,11,2,174.5,0.07688394,11,0.02631579,1,1,1,1,0.0165293019512106
p4230,1,0.0166666666666667,,2,11,9,2,236,0.1641549,8,0.02631579,1,0,0,0,0.0165293019512106
p4232,1,0.0166666666666667,,2,8,7,2,300.5,0.3769151,6,0.02631579,1,0,0,0,0.0165293019512106
p4233,4,0.0666666666666667,6.63888888888889,6,111,29,6,150,0.9793914,19.5,0.02631579,0.857142857142857,1,1,1,0.0645385211375712
p4234,1,0.0166666666666667,,2,8,7,2,259,0.3021545,7,0.02631579,1,1,1,1,0.0165293019512106
p4235,2,0.0333333333333333,49.65,2,13,9,1,150,0,34,0.039473685,0.5,1,1,0,0.0327898228229909
p4236,1,0.0166666666666667,,2,9,8,2,195.5,0.093340115,8,0.02631579,1,0,0,0,0.0165293019512106
p4237,1,0.0166666666666667,,2,12,11,2,243.5,0.219077215,11,0.02631579,1,1,1,1,0.0165293019512106
p4239,2,0.0333333333333333,41.8,2,8,7,2,375,0.5,27,0.039473685,1,0,0,0,0.0327898228229909
p424,1,0.0166666666666667,,1,1,1,1,150,1,9,0.02631579,1,0,0,0,0.0165293019512106
p4241,2,0.0333333333333333,35.05,3,57,44,2,285,0,25.5,0.039473685,0.666666666666667,0,0,0,0.0327898228229909
p4242,3,0.05,17.475,4,98,44,3,475,0,31.3333333333333,0.0526315783333333,0.75,0,0,0,0.048790164169432
p4243,1,0.0166666666666667,,2,16,13,1,150,0,11,0.02631579,0.5,0,0,0,0.0165293019512106
p4244,1,0.0166666666666667,,2,15,12,2,309,0.42071255,11,0.02631579,1,0,0,0,0.0165293019512106
p4245,1,0.0166666666666667,,2,11,10,2,175.5,0.2359396,9,0.02631579,1,1,1,1,0.0165293019512106
p4246,0,0,,1,2,2,1,0,0.12848003,,,1,0,0,0,0
p4247,1,0.0166666666666667,,2,15,12,1,150,0,11,0.02631579,0.5,1,1,0,0.0165293019512106
p4248,1,0.0166666666666667,,2,9,8,2,76,0.024356028,7,0.02631579,1,0,0,0,0.0165293019512106
p4249,1,0.0166666666666667,,2,9,9,1,150,0,8,0.02631579,0.5,0,0,0,0.0165293019512106
p425,1,0.0166666666666667,,2,11,10,1,60,0,9,0.02631579,0.5,1,1,1,0.0165293019512106
p4250,1,0.0166666666666667,,2,13,12,1,150,0,12,0.02631579,0.5,1,1,0,0.0165293019512106
p4251,1,0.0166666666666667,,2,11,8,1,150,0,7,0.02631579,0.5,1,1,1,0.0165293019512106
p4252,1,0.0166666666666667,,1,0,0,1,150,1,10,0.02631579,1,1,1,1,0.0165293019512106
p4254,2,0.0333333333333333,41.3833333333333,2,9,8,2,375,0.5,28,0.039473685,1,1,1,1,0.0327898228229909
p4255,2,0.0333333333333333,6.78333333333333,3,46,26,2,90,0,21.5,0.013157895,0.666666666666667,0,0,0,0.0327898228229909
p4256,1,0.0166666666666667,,2,13,11,1,150,0,11,0.02631579,0.5,0,0,0,0.0165293019512106
p4258,1,0.0166666666666667,,2,18,14,1,150,0,14,0.02631579,0.5,0,0,0,0.0165293019512106
p4259,1,0.0166666666666667,,2,11,9,1,150,0,8,0.02631579,0.5,1,0,0,0.0165293019512106
p426,1,0.0166666666666667,,2,20,18,2,88,0.097294205,16,0.02631579,1,1,1,1,0.0165293019512106
p4260,1,0.0166666666666667,,2,17,17,1,150,1,26,0.02631579,0.5,1,1,1,0.0165293019512106
p4261,2,0.0333333333333333,40.4,2,8,7,2,375,0.5,26.5,0.039473685,1,1,1,0,0.0327898228229909
p4262,5,0.0833333333333333,2.92083333333333,5,25,9,5,8260.32948996292,0.2,7.6,0.078947369,1,0,0,0,0.0800427076735364
p4263,4,0.0666666666666667,10.0333333333333,5,95,37,4,8260.32948996292,0,22.75,0.06578947375,0.8,1,1,0,0.0645385211375712
p4264,1,0.0166666666666667,,2,8,7,2,188,0.16015221,7,0.02631579,1,0,0,0,0.0165293019512106
p4265,1,0.0166666666666667,,2,8,7,2,150,5.660967e-05,7,0.02631579,1,0,0,0,0.0165293019512106
p4266,3,0.05,21.6416666666667,4,111,52,3,425,0,35.6666666666667,0.0526315783333333,0.75,1,1,0,0.048790164169432
p4267,0,0,,1,1,1,1,6,0.39941928,,,1,0,0,0,0
p4268,2,0.0333333333333333,8.11666666666667,3,24,16,2,90,0,11,0.013157895,0.666666666666667,0,0,0,0.0327898228229909
p4269,1,0.0166666666666667,,1,1,1,1,125,1,14,0.02631579,1,0,0,0,0.0165293019512106
p427,2,0.0333333333333333,49.15,3,64,56,2,375,0,31.5,0.039473685,0.666666666666667,1,1,1,0.0327898228229909
p4270,1,0.0166666666666667,,2,10,9,2,217,0.15626425,8,0.02631579,1,0,0,0,0.0165293019512106
p4271,3,0.05,24.35,3,61,53,3,458.333333333333,0.333333333333333,37.3333333333333,0.0526315783333333,1,1,1,0,0.048790164169432
p4272,0,0,,1,1,1,1,0,0.11074514,,,1,0,0,0,0
p4273,1,0.0166666666666667,,2,13,11,1,60,0,10,0.02631579,0.5,0,0,0,0.0165293019512106
p4275,1,0.0166666666666667,,2,18,16,2,131,0.05185051,12,0.02631579,1,0,0,0,0.0165293019512106
p4277,3,0.05,22.275,3,66,52,3,475,0.333333333333333,38.3333333333333,0.0526315783333333,1,1,0,0,0.048790164169432
p4279,3,0.05,16.6,4,79,38,3,475,0,25.3333333333333,0.0526315783333333,0.75,0,0,0,0.048790164169432
p428,1,0.0166666666666667,,2,12,11,1,85,0,9,0.02631579,0.5,1,1,0,0.0165293019512106
p4280,3,0.05,22.2,4,114,53,3,408.333333333333,0,36.3333333333333,0.0526315783333333,0.75,0,0,0,0.048790164169432
p4281,1,0.0166666666666667,,1,1,1,1,60,1,10,0.02631579,1,1,1,0,0.0165293019512106
p4283,0,0,,1,2,2,0,,,,,0,1,1,0,0
p4284,0,0,,1,1,1,1,12,0.46639204,,,1,0,0,0,0
p4285,1,0.0166666666666667,,2,1,1,1,150,1,4.9225,0.02631579,0.5,1,1,1,0.0165293019512106
p4286,1,0.0166666666666667,,2,12,10,1,150,0,10,0.02631579,0.5,1,0,0,0.0165293019512106
p4287,2,0.0333333333333333,43.7,2,11,9,2,375,0.5,30,0.039473685,1,1,0,0,0.0327898228229909
p4288,1,0.0166666666666667,,2,9,8,2,177.5,0.12240588,8,0.02631579,1,0,0,0,0.0165293019512106
p4289,1,0.0166666666666667,,1,48,48,0,,,41.3333333333333,0.02631579,0,1,1,0,0.0165293019512106
p429,3,0.05,22.1583333333333,4,14,8,3,475,0.333333333333333,18.3333333333333,0.0526315783333333,0.75,1,1,0,0.048790164169432
p4290,3,0.05,22.6416666666667,4,105,51,3,475,0,34.6666666666667,0.0526315783333333,0.75,0,0,0,0.048790164169432
p4291,1,0.0166666666666667,,2,11,8,2,295,0.35992985,8,0.02631579,1,0,0,0,0.0165293019512106
p4292,1,0.0166666666666667,,1,1,1,1,150,1,7,0.02631579,1,0,0,0,0.0165293019512106
p4293,1,0.0166666666666667,,2,10,8,1,150,0,8,0.02631579,0.5,0,0,0,0.0165293019512106
p4294,1,0.0166666666666667,,2,13,10,2,180,0.08225636,10,0.02631579,1,1,1,1,0.0165293019512106
p4295,2,0.0333333333333333,38.5166666666667,2,9,7,2,330,0.5,25.5,0.039473685,1,1,1,1,0.0327898228229909
p4296,1,0.0166666666666667,,2,16,11,2,152.5,0.0622035,11,0.02631579,1,0,0,0,0.0165293019512106
p4298,3,0.05,20.1666666666667,3,56,46,3,475,0.333333333333333,34,0.0526315783333333,1,1,1,1,0.048790164169432
p43,0,0,,1,1,1,1,2,0.06515288,,,1,1,1,1,0
p430,1,0.0166666666666667,,2,10,8,2,285.5,0.3554571,7,0.02631579,1,1,1,1,0.0165293019512106
p4300,0,0,,1,1,1,1,21,0.8032629,,,1,1,1,1,0
p4301,1,0.0166666666666667,,2,10,8,1,150,0,8,0.02631579,0.5,1,0,0,0.0165293019512106
p4302,1,0.0166666666666667,,2,11,10,2,205,0.0911218,9,0.02631579,1,0,0,0,0.0165293019512106
p4304,1,0.0166666666666667,,2,10,9,1,150,0,8,0.02631579,0.5,1,1,1,0.0165293019512106
p4305,1,0.0166666666666667,,2,8,8,2,203,0.124535775,8,0.02631579,1,0,0,0,0.0165293019512106
p4306,3,0.05,17.2583333333333,4,85,40,3,475,0,27.3333333333333,0.0526315783333333,0.75,1,1,1,0.048790164169432
p4307,2,0.0333333333333333,52.35,2,7,7,1,150,0,33,0.039473685,0.5,1,1,1,0.0327898228229909
p4308,0,0,,1,1,1,1,5,0.22310376,,,1,1,1,1,0
p4309,1,0.0166666666666667,,2,9,8,2,170.5,0.06908773,7,0.02631579,1,1,1,1,0.0165293019512106
p431,0,0,,1,1,1,1,12,0.3433228,,,1,1,1,1,0
p4310,1,0.0166666666666667,,2,8,7,2,185,0.25965515,6,0.02631579,1,1,1,0,0.0165293019512106
p4311,1,0.0166666666666667,,2,20,17,1,150,0,16,0.02631579,0.5,0,0,0,0.0165293019512106
p4312,1,0.0166666666666667,,2,29,23,2,175.5,0.08480678,10,0.02631579,1,1,1,0,0.0165293019512106
p4313,1,0.0166666666666667,,2,28,19,1,150,0,16,0.02631579,0.5,0,0,0,0.0165293019512106
p4314,1,0.0166666666666667,,2,21,20,2,217,0.179709375,19,0.02631579,1,1,1,1,0.0165293019512106
p4315,3,0.05,23.6583333333333,4,117,55,3,475,0,38,0.0526315783333333,0.75,1,1,1,0.048790164169432
p4316,10,0.166666666666667,2.86666666666667,6,151.280000000001,33,6,8260.32948996292,0.1,26.4,0.129561403322221,1,1,1,1,0.154150679827258
p4318,2,0.0333333333333333,10.4333333333333,3,29,17,3,202.333333333333,0.07134769,14,0.039473685,1,0,0,0,0.0327898228229909
p4319,2,0.0333333333333333,38.9666666666667,2,7,6,2,375,0.5,25.5,0.039473685,1,0,0,0,0.0327898228229909
p4321,28,0.466666666666667,1.33518518518519,6,151.280000000001,39,6,6553.65634482758,0.0339959172413793,23.3214285714286,0.129561403322221,1,1,1,1,0.382992252256106
p4322,2,0.0333333333333333,37.8833333333333,2,8,7,2,292.5,0.5,26,0.039473685,1,1,1,0,0.0327898228229909
p4323,1,0.0166666666666667,,2,19,16,1,150,0,15,0.02631579,0.5,1,1,1,0.0165293019512106
p4324,2,0.0333333333333333,48.7166666666667,2,10,9,1,150,0,32.5,0.039473685,0.5,1,1,1,0.0327898228229909
p4325,2,0.0333333333333333,50.8333333333333,3,68,59,2,375,0,33,0.039473685,0.666666666666667,1,1,1,0.0327898228229909
p4326,1,0.0166666666666667,,2,19,17,1,150,0,12,0.02631579,0.5,1,1,1,0.0165293019512106
p4327,2,0.0333333333333333,51.4333333333333,3,68,59,2,305,0,33,0.039473685,0.666666666666667,1,1,1,0.0327898228229909
p4328,1,0.0166666666666667,,1,1,1,1,150,1,9,0.02631579,1,0,0,0,0.0165293019512106
p4329,3,0.05,23.2333333333333,4,112,54,3,411.666666666667,0,36.3333333333333,0.0526315783333333,0.75,0,0,0,0.048790164169432
p433,1,0.0166666666666667,,1,1,1,1,150,1,6,0.02631579,1,0,0,0,0.0165293019512106
p4330,1,0.0166666666666667,,2,15,14,2,179.5,0.13632621,13,0.02631579,1,0,0,0,0.0165293019512106
p4331,1,0.0166666666666667,,2,12,10,2,186.5,0.10213728,10,0.02631579,1,1,1,0,0.0165293019512106
p4332,1,0.0166666666666667,,1,2,2,0,,,14,0.02631579,0,0,0,0,0.0165293019512106
p4333,3,0.05,20.8916666666667,3,60,48,3,475,0.333333333333333,35.3333333333333,0.0526315783333333,1,1,0,0,0.048790164169432
p4334,1,0.0166666666666667,,2,27,26,2,115.5,0.123522865,25,0.02631579,1,0,0,0,0.0165293019512106
p4335,1,0.0166666666666667,,2,13,10,2,220.5,0.39571902,9,0.02631579,1,1,1,1,0.0165293019512106
p4336,1,0.0166666666666667,,2,20,19,2,125.5,0.10992337,17,0.02631579,1,1,1,1,0.0165293019512106
p4339,1,0.0166666666666667,,2,14,12,1,150,0,12,0.02631579,0.5,1,1,0,0.0165293019512106
p434,1,0.0166666666666667,,1,1,1,1,150,1,15,0.02631579,1,1,1,0,0.0165293019512106
p4340,11,0.183333333333333,4.91,6,151.280000000001,56,6,8260.32948996292,0,41.3333333333333,0.129561403322221,0.916666666666667,1,1,1,0.168335314819215
p4341,0,0,,1,1,1,1,5,0.3163107,,,1,0,0,0,0
p4342,1,0.0166666666666667,,2,8,7,2,209.5,0.13080989,6,0.02631579,1,0,0,0,0.0165293019512106
p4343,1,0.0166666666666667,,1,2,2,1,150,1,14,0.02631579,1,0,0,0,0.0165293019512106
p4344,1,0.0166666666666667,,2,7,7,1,150,0,7,0.02631579,0.5,1,0,0,0.0165293019512106
p4345,2,0.0333333333333333,52.75,2,7,7,1,150,0,32.5,0.039473685,0.5,1,1,1,0.0327898228229909
p4346,1,0.0166666666666667,,2,7,7,2,252,0.30103595,6,0.02631579,1,0,0,0,0.0165293019512106
p4347,1,0.0166666666666667,,1,1,1,1,150,1,7,0.02631579,1,0,0,0,0.0165293019512106
p4348,2,0.0333333333333333,8.26666666666667,2,29,17,2,157.5,1,21,0.02631579,1,0,0,0,0.0327898228229909
p4349,1,0.0166666666666667,,2,20,16,2,224.5,0.30043468,15,0.02631579,1,1,0,0,0.0165293019512106
p435,3,0.05,23.1916666666667,4,111,53,3,475,0,36.3333333333333,0.0526315783333333,0.75,1,1,1,0.048790164169432
p4352,3,0.05,24.275,4,120,57,3,475,0,39,0.0526315783333333,0.75,1,1,1,0.048790164169432
p4353,2,0.0333333333333333,37.45,2,9,7,2,375,0.5,25,0.039473685,1,0,0,0,0.0327898228229909
p4354,0,0,,1,1,1,1,6,0.26269886,,,1,1,1,1,0
p4355,1,0.0166666666666667,,2,10,9,2,150,0,8,0.02631579,1,1,1,1,0.0165293019512106
p4356,3,0.05,24.3416666666667,4,123,57,3,345,0,40,0.0526315783333333,0.75,1,0,0,0.048790164169432
p4357,1,0.0166666666666667,,2,11,9,1,150,0,8,0.02631579,0.5,1,1,1,0.0165293019512106
p4358,1,0.0166666666666667,,1,3,3,1,60,1,21,0.02631579,1,0,0,0,0.0165293019512106
p4359,1,0.0166666666666667,,2,7,6,2,193,0.0771035,5,0.02631579,1,1,1,1,0.0165293019512106
p436,1,0.0166666666666667,,2,9,7,2,177.5,0.06573929,7,0.02631579,1,0,0,0,0.0165293019512106
p4360,1,0.0166666666666667,,2,16,14,1,150,0,13,0.02631579,0.5,0,0,0,0.0165293019512106
p4361,0,0,,1,1,1,1,1,0.039044946,,,1,0,0,0,0
p4362,1,0.0166666666666667,,2,11,9,1,150,0,8,0.02631579,0.5,1,1,1,0.0165293019512106
p4363,1,0.0166666666666667,,2,15,14,1,150,0,7,0.02631579,0.5,1,1,1,0.0165293019512106
p4364,2,0.0333333333333333,11.4,4,55,28,4,199,0.0509809825,13,0.039473685,1,0,0,0,0.0327898228229909
p4365,1,0.0166666666666667,,2,8,7,2,125,0.102875835,7,0.02631579,1,1,1,1,0.0165293019512106
p4366,1,0.0166666666666667,,2,8,7,1,60,0,7,0.02631579,0.5,1,0,0,0.0165293019512106
p4367,1,0.0166666666666667,,2,11,9,2,243.5,0.3562173,9,0.02631579,1,0,0,0,0.0165293019512106
p4368,1,0.0166666666666667,,2,9,8,2,178,0.08844451,7,0.02631579,1,1,1,1,0.0165293019512106
p4369,3,0.05,20.9,4,103,49,3,458.333333333333,0,34,0.0526315783333333,0.75,1,1,1,0.048790164169432
p437,1,0.0166666666666667,,2,12,10,1,150,0,10,0.02631579,0.5,1,1,1,0.0165293019512106
p4370,3,0.05,21.425,4,108,51,3,475,0,35,0.0526315783333333,0.75,0,0,0,0.048790164169432
p4371,1,0.0166666666666667,,2,32,24,1,150,0,22,0.02631579,0.5,0,0,0,0.0165293019512106
p4372,1,0.0166666666666667,,3,13,11,2,7.5,0.015140919,10,0,0.666666666666667,1,1,1,0.0165293019512106
p4373,2,0.0333333333333333,14.5666666666667,3,30,20,4,130.5,0.1125694375,15.5,0.039473685,1.33333333333333,1,1,1,0.0327898228229909
p4374,1,0.0166666666666667,,1,1,1,1,150,1,9,0.02631579,1,0,0,0,0.0165293019512106
p4375,1,0.0166666666666667,,1,1,1,1,150,1,10,0.02631579,1,0,0,0,0.0165293019512106
p4376,1,0.0166666666666667,,2,26,21,1,150,0,20,0.02631579,0.5,1,1,1,0.0165293019512106
p4377,1,0.0166666666666667,,2,13,12,2,219.5,0.2216522,11,0.02631579,1,1,1,1,0.0165293019512106
p4378,1,0.0166666666666667,,2,25,21,1,150,0,19,0.02631579,0.5,1,1,1,0.0165293019512106
p4379,2,0.0333333333333333,34.85,3,46,40,2,375,0,22.5,0.039473685,0.666666666666667,1,1,1,0.0327898228229909
p4380,1,0.0166666666666667,,2,12,10,2,226,0.1524053,8,0.02631579,1,0,0,0,0.0165293019512106
p4381,2,0.0333333333333333,49.1666666666667,3,67,58,2,375,0,32.5,0.039473685,0.666666666666667,1,1,0,0.0327898228229909
p4382,1,0.0166666666666667,,2,17,14,1,10,0,12,0.02631579,0.5,1,1,0,0.0165293019512106
p4383,2,0.0333333333333333,44.0333333333333,2,12,10,2,285,0.5,30.5,0.039473685,1,0,0,0,0.0327898228229909
p4385,1,0.0166666666666667,,1,0,0,1,150,1,6,0.02631579,1,1,0,0,0.0165293019512106
p4386,1,0.0166666666666667,,2,13,10,1,150,0,9,0.02631579,0.5,0,0,0,0.0165293019512106
p4387,1,0.0166666666666667,,2,13,11,1,150,0,10,0.02631579,0.5,1,1,1,0.0165293019512106
p4389,1,0.0166666666666667,,2,12,11,1,150,0,10,0.02631579,0.5,0,0,0,0.0165293019512106
p439,0,0,,1,1,1,1,40,0.9037606,,,1,0,0,0,0
p4390,0,0,,1,1,1,2,0,0,,,2,1,1,1,0
p4391,3,0.05,21.4,4,108,50,3,475,0,35,0.0526315783333333,0.75,0,0,0,0.048790164169432
p4392,0,0,,1,3,3,0,,,,,0,1,1,1,0
p4393,2,0.0333333333333333,51,3,66,58,2,375,0,32.5,0.039473685,0.666666666666667,1,0,0,0.0327898228229909
p4394,1,0.0166666666666667,,2,23,22,1,150,0,22,0.02631579,0.5,1,0,0,0.0165293019512106
p4395,1,0.0166666666666667,,2,16,15,2,85,0.0828923,13,0.02631579,1,0,0,0,0.0165293019512106
p4397,1,0.0166666666666667,,2,20,13,2,311,0.40674645,12,0.02631579,1,0,0,0,0.0165293019512106
p4398,1,0.0166666666666667,,2,13,12,1,150,0,12,0.02631579,0.5,0,0,0,0.0165293019512106
p4399,1,0.0166666666666667,,2,9,8,2,193,0.169936925,8,0.02631579,1,0,0,0,0.0165293019512106
p440,1,0.0166666666666667,,2,9,8,2,252,0.2392328,7,0.02631579,1,1,0,0,0.0165293019512106
p4400,1,0.0166666666666667,,2,19,18,1,135,0,17,0.02631579,0.5,0,0,0,0.0165293019512106
p4401,1,0.0166666666666667,,2,9,8,2,306,0.394691885,8,0.02631579,1,0,0,0,0.0165293019512106
p4402,0,0,,1,1,1,1,4,0.14163956,,,1,0,0,0,0
p4404,1,0.0166666666666667,,1,1,1,1,150,1,6,0.02631579,1,0,0,0,0.0165293019512106
p4405,3,0.05,23.4583333333333,4,110,53,3,385,0,35.6666666666667,0.0526315783333333,0.75,0,0,0,0.048790164169432
p4406,1,0.0166666666666667,,2,16,14,2,129,0.12868133,14,0.02631579,1,1,1,1,0.0165293019512106
p4407,2,0.0333333333333333,48.8333333333333,2,13,9,1,150,0,33.5,0.039473685,0.5,0,0,0,0.0327898228229909
p4408,3,0.05,24.2833333333333,4,122,57,3,475,0,39,0.0526315783333333,0.75,0,0,0,0.048790164169432
p4409,1,0.0166666666666667,,2,7,6,1,150,0,5,0.02631579,0.5,1,0,0,0.0165293019512106
p441,1,0.0166666666666667,,2,8,6,2,312,0.440371425,5,0.02631579,1,0,0,0,0.0165293019512106
p4410,2,0.0333333333333333,4.93333333333333,3,24,13,2,90,0,10.5,0.013157895,0.666666666666667,0,0,0,0.0327898228229909
p4412,3,0.05,21.65,4,106,51,3,453.333333333333,0,34,0.0526315783333333,0.75,1,1,0,0.048790164169432
p4413,1,0.0166666666666667,,2,10,9,2,150,0.153254585,8,0.02631579,1,0,0,0,0.0165293019512106
p4414,2,0.0333333333333333,42.9333333333333,2,8,7,2,330,0.5,27.5,0.039473685,1,1,1,1,0.0327898228229909
p4415,1,0.0166666666666667,,1,0,0,1,150,1,6,0.02631579,1,1,0,0,0.0165293019512106
p4416,1,0.0166666666666667,,2,27,23,1,150,0,15,0.02631579,0.5,1,1,1,0.0165293019512106
p4417,1,0.0166666666666667,,2,10,9,1,150,0,8,0.02631579,0.5,1,1,1,0.0165293019512106
p4418,2,0.0333333333333333,45.1333333333333,3,65,54,3,383.333333333333,0.333333333333333,30.5,0.039473685,1,1,1,1,0.0327898228229909
p4419,1,0.0166666666666667,,2,11,10,1,150,0,9,0.02631579,0.5,1,1,1,0.0165293019512106
p4420,1,0.0166666666666667,,2,11,10,1,150,0,9,0.02631579,0.5,1,1,1,0.0165293019512106
p4422,1,0.0166666666666667,,2,11,10,2,171.5,0.056988772,10,0.02631579,1,1,1,0,0.0165293019512106
p4424,3,0.05,25.0166666666667,4,122,58,4,420,0.001082047925,39.3333333333333,0.0526315783333333,1,1,1,1,0.048790164169432
p4425,1,0.0166666666666667,,2,9,8,2,211,0.21364197,7,0.02631579,1,1,1,1,0.0165293019512106
p4426,1,0.0166666666666667,,2,9,8,2,275.5,0.33016945,7,0.02631579,1,0,0,0,0.0165293019512106
p4427,3,0.05,18.3083333333333,4,86,41,3,475,0,28,0.0526315783333333,0.75,1,0,0,0.048790164169432
p4428,1,0.0166666666666667,,2,11,9,2,160,0.25092115,9,0.02631579,1,1,1,1,0.0165293019512106
p4429,1,0.0166666666666667,,2,8,7,1,150,0,7,0.02631579,0.5,0,0,0,0.0165293019512106
p443,1,0.0166666666666667,,2,20,16,2,162,0.024674041,15,0.02631579,1,0,0,0,0.0165293019512106
p4430,4,0.0666666666666667,14.6055555555556,5,118,50,5,300,0.008323418,27,0.04605263125,1,0,0,0,0.0645385211375712
p4431,1,0.0166666666666667,,2,30,27,1,150,0,24,0.02631579,0.5,0,0,0,0.0165293019512106
p4432,1,0.0166666666666667,,1,1,1,1,150,,16,0.02631579,1,0,0,0,0.0165293019512106
p4433,3,0.05,23.3083333333333,3,21,13,3,310,0.5,24,0.03508772,1,0,0,0,0.048790164169432
p4434,1,0.0166666666666667,,2,10,9,2,156,0.008508309,8,0.02631579,1,1,1,1,0.0165293019512106
p4435,3,0.05,23.45,4,127,58,3,460,0,41.3333333333333,0.0526315783333333,0.75,1,1,1,0.048790164169432
p4436,1,0.0166666666666667,,2,9,8,1,150,0,8,0.02631579,0.5,1,1,1,0.0165293019512106
p4437,1,0.0166666666666667,,2,29,26,2,172.5,0.07781841,22,0.02631579,1,0,0,0,0.0165293019512106
p4438,3,0.05,16.1916666666667,4,83,39,3,375,0,27.3333333333333,0.0526315783333333,0.75,1,1,1,0.048790164169432
p4439,1,0.0166666666666667,,2,35,22,2,150,0.0022250281,22,0.02631579,1,0,0,0,0.0165293019512106
p444,2,0.0333333333333333,5.53333333333333,3,42,23,3,116,0.00967616666666667,20,0.013157895,1,1,0,0,0.0327898228229909
p4440,1,0.0166666666666667,,1,0,0,1,15,1,6,0,1,0,0,0,0.0165293019512106
p4442,1,0.0166666666666667,,2,11,9,1,150,0,8,0.02631579,0.5,1,1,1,0.0165293019512106
p4443,1,0.0166666666666667,,1,2,2,1,150,1,9,0.02631579,1,0,0,0,0.0165293019512106
p4444,23,0.383333333333333,2.1030303030303,6,151.280000000001,58,6,4742.16600739131,0,41.3333333333333,0.129561403322221,0.958333333333333,0,0,0,0.324496045574497
p4445,1,0.0166666666666667,,1,1,1,1,150,1,5,0.02631579,1,1,1,0,0.0165293019512106
p4446,0,0,,1,1,1,0,,,,,0,1,1,1,0
p4447,3,0.05,24.2,4,120,57,3,475,0,38.6666666666667,0.0526315783333333,0.75,1,1,1,0.048790164169432
p4448,1,0.0166666666666667,,2,11,9,2,151.25,0.3350084,8,0.02631579,1,0,0,0,0.0165293019512106
p4449,2,0.0333333333333333,29.9333333333333,4,77,37,3,475,0,19,0.039473685,0.75,1,1,0,0.0327898228229909
p445,1,0.0166666666666667,,2,13,12,2,278.5,0.27502475,12,0.02631579,1,0,0,0,0.0165293019512106
p4450,2,0.0333333333333333,48.9666666666667,3,67,57,2,375,0,32.5,0.039473685,0.666666666666667,0,0,0,0.0327898228229909
p4451,1,0.0166666666666667,,2,7,6,2,100,0.06701251,5,0.02631579,1,1,1,1,0.0165293019512106
p4452,1,0.0166666666666667,,2,15,12,1,150,0,11,0.02631579,0.5,1,1,1,0.0165293019512106
p4453,1,0.0166666666666667,,2,41,31,2,199,0.06431462,30,0.02631579,1,1,1,1,0.0165293019512106
p4454,2,0.0333333333333333,38.15,2,11,8,2,375,0.5,27,0.039473685,1,0,0,0,0.0327898228229909
p4455,0,0,,2,50,46,1,35,0,,,0.5,0,0,0,0
p4456,3,0.05,20.5916666666667,4,100,47,3,475,0,31.6666666666667,0.0526315783333333,0.75,0,0,0,0.048790164169432
p4457,1,0.0166666666666667,,2,9,8,2,175.5,0.11627368,7,0.02631579,1,1,1,1,0.0165293019512106
p4458,1,0.0166666666666667,,2,19,13,2,211,0.37288597,11,0.02631579,1,1,1,1,0.0165293019512106
p4459,3,0.05,25.4916666666667,4,128,56,3,365,0,38.3333333333333,0.0526315783333333,0.75,1,1,0,0.048790164169432
p446,3,0.05,23.125,4,110,53,3,475,0,35.6666666666667,0.0526315783333333,0.75,1,0,0,0.048790164169432
p4460,3,0.05,22.1833333333333,4,78,49,4,389,0.1022571175,26.3333333333333,0.0526315783333333,1,0,0,0,0.048790164169432
p4461,2,0.0333333333333333,50.6333333333333,2,10,8,2,375,0.5,33,0.039473685,1,0,0,0,0.0327898228229909
p4462,1,0.0166666666666667,,2,6,5,2,222.5,0.18845004,5,0.02631579,1,1,0,0,0.0165293019512106
p4463,1,0.0166666666666667,,2,9,9,2,60,0,8,0.02631579,1,0,0,0,0.0165293019512106
p4464,1,0.0166666666666667,,2,12,11,1,150,0,9,0.02631579,0.5,0,0,0,0.0165293019512106
p4465,1,0.0166666666666667,,2,41,24,1,150,0,24,0.02631579,0.5,1,1,1,0.0165293019512106
p4466,1,0.0166666666666667,,2,21,18,1,150,0,17,0.02631579,0.5,1,1,1,0.0165293019512106
p4467,1,0.0166666666666667,,2,10,8,2,192,0.103585065,8,0.02631579,1,0,0,0,0.0165293019512106
p4468,1,0.0166666666666667,,2,6,6,2,305,0.40038125,5,0.02631579,1,0,0,0,0.0165293019512106
p4469,1,0.0166666666666667,,1,1,1,1,150,1,10,0.02631579,1,0,0,0,0.0165293019512106
p4470,3,0.05,20.5666666666667,4,103,48,3,415,0,32.6666666666667,0.0526315783333333,0.75,1,1,1,0.048790164169432
p4471,2,0.0333333333333333,11.4,3,64,37,3,189.666666666667,0.081050275,31.5,0.02631579,1,1,1,1,0.0327898228229909
p4472,3,0.05,21.9666666666667,3,54,47,3,475,0.333333333333333,34.3333333333333,0.0526315783333333,1,0,0,0,0.048790164169432
p4473,15,0.25,3.09047619047619,6,151.280000000001,41,6,8260.32948996292,0.0714285714285715,31.8666666666667,0.129561403322221,0.933333333333333,1,1,1,0.22314355131421
p4475,1,0.0166666666666667,,2,5,5,2,252,0.28931475,4.9225,0.02631579,1,1,1,1,0.0165293019512106
p4476,1,0.0166666666666667,,2,8,7,1,150,0,6,0.02631579,0.5,0,0,0,0.0165293019512106
p4477,1,0.0166666666666667,,2,10,10,2,199,0.08681281,9,0.02631579,1,0,0,0,0.0165293019512106
p4478,1,0.0166666666666667,,2,9,9,2,150.5,0.146142825,8,0.02631579,1,1,1,0,0.0165293019512106
p4479,3,0.05,23.425,4,116,55,3,475,0,37.3333333333333,0.0526315783333333,0.75,0,0,0,0.048790164169432
p448,1,0.0166666666666667,,2,10,9,1,75,0,7,0.02631579,0.5,1,1,1,0.0165293019512106
p4480,1,0.0166666666666667,,2,14,12,1,150,0,10,0.02631579,0.5,0,0,0,0.0165293019512106
p4481,1,0.0166666666666667,,2,14,11,1,60,0,10,0.02631579,0.5,1,1,1,0.0165293019512106
p4482,1,0.0166666666666667,,1,1,1,1,150,1,7,0.02631579,1,1,1,0,0.0165293019512106
p4483,1,0.0166666666666667,,2,9,8,1,150,0,8,0.02631579,0.5,1,1,1,0.0165293019512106
p4484,2,0.0333333333333333,6,3,23,14,2,157.5,0,10,0.02631579,0.666666666666667,0,0,0,0.0327898228229909
p4485,2,0.0333333333333333,5.11666666666667,2,12,10,2,90,0.5,11.5,0.013157895,1,0,0,0,0.0327898228229909
p4486,1,0.0166666666666667,,2,11,10,1,150,0,9,0.02631579,0.5,1,1,1,0.0165293019512106
p4487,1,0.0166666666666667,,2,12,12,2,126,0.055642865,12,0.02631579,1,1,0,0,0.0165293019512106
p4489,2,0.0333333333333333,40.3166666666667,2,12,11,2,285,0.5,30,0.039473685,1,1,1,1,0.0327898228229909
p449,1,0.0166666666666667,,2,22,19,2,168.5,0.116750465,17,0.02631579,1,0,0,0,0.0165293019512106
p4490,1,0.0166666666666667,,2,31,27,1,60,0,26,0.02631579,0.5,0,0,0,0.0165293019512106
p4491,11,0.183333333333333,1.445,6,118,17,6,7891.90609090909,0.0909090909090909,12,0.129561403322221,1,0,0,0,0.168335314819215
p4492,4,0.0666666666666667,15.7277777777778,5,120,53,4,325,0,29.25,0.06578947375,0.8,0,0,0,0.0645385211375712
p4493,2,0.0333333333333333,42.3833333333333,2,6,6,2,375,0.5,27,0.039473685,1,0,0,0,0.0327898228229909
p4494,1,0.0166666666666667,,2,9,8,2,240.5,0.20800452,8,0.02631579,1,1,1,1,0.0165293019512106
p4495,1,0.0166666666666667,,2,13,11,1,150,0,10,0.02631579,0.5,1,1,0,0.0165293019512106
p4496,1,0.0166666666666667,,2,7,6,2,178.5,0.130051775,5,0.02631579,1,0,0,0,0.0165293019512106
p4497,1,0.0166666666666667,,2,8,7,1,150,0,7,0.02631579,0.5,1,1,0,0.0165293019512106
p4498,4,0.0666666666666667,10.8666666666667,5,97,37,6,728.333333333333,0.266038266666667,24.5,0.06578947375,1.2,1,1,1,0.0645385211375712
p4499,1,0.0166666666666667,,2,10,9,2,152,0.0566057525,9,0.02631579,1,1,1,0,0.0165293019512106
p450,1,0.0166666666666667,,2,11,10,2,128.5,0.0224168225,9,0.02631579,1,0,0,0,0.0165293019512106
p4500,1,0.0166666666666667,,2,13,12,2,154.5,0.0322416275,12,0.02631579,1,0,0,0,0.0165293019512106
p4501,1,0.0166666666666667,,2,4,4,2,203,0.173847185,4.9225,0.02631579,1,1,1,1,0.0165293019512106
p4502,1,0.0166666666666667,,2,6,5,2,211.5,0.21983755,5,0.02631579,1,1,1,1,0.0165293019512106
p4503,1,0.0166666666666667,,2,10,9,2,220.5,0.22626476,8,0.02631579,1,1,1,1,0.0165293019512106
p4504,1,0.0166666666666667,,1,2,2,1,75,1,8,0.02631579,1,0,0,0,0.0165293019512106
p4506,3,0.05,25.3,3,24,14,2,90,0,27.3333333333333,0.02631579,0.666666666666667,0,0,0,0.048790164169432
p4508,3,0.05,23.9583333333333,4,120,57,3,475,0,39,0.0526315783333333,0.75,1,1,1,0.048790164169432
p4509,1,0.0166666666666667,,2,14,12,1,150,0,10,0.02631579,0.5,1,1,1,0.0165293019512106
p4510,1,0.0166666666666667,,2,10,9,1,150,0,8,0.02631579,0.5,1,1,0,0.0165293019512106
p4511,1,0.0166666666666667,,2,11,10,2,28.5,0.2435501,9,0.02631579,1,0,0,0,0.0165293019512106
p4512,1,0.0166666666666667,,2,11,10,2,196.5,0.18557365,9,0.02631579,1,1,1,1,0.0165293019512106
p4513,1,0.0166666666666667,,2,16,15,1,15,,14,0,0.5,0,0,0,0.0165293019512106
p4514,2,0.0333333333333333,51.3333333333333,3,67,59,2,375,0,32.5,0.039473685,0.666666666666667,1,1,1,0.0327898228229909
p4515,1,0.0166666666666667,,2,19,16,2,202.5,0.170615525,15,0.02631579,1,1,1,0,0.0165293019512106
p4516,2,0.0333333333333333,33.4,2,10,9,2,302.5,0.5,24.5,0.039473685,1,0,0,0,0.0327898228229909
p4517,1,0.0166666666666667,,2,12,10,2,178,0.105872505,9,0.02631579,1,1,1,1,0.0165293019512106
p4518,3,0.05,24.0083333333333,4,121,57,3,365,0,39.3333333333333,0.0526315783333333,0.75,1,1,1,0.048790164169432
p4519,2,0.0333333333333333,49.6666666666667,3,68,58,2,292.5,0,32.5,0.039473685,0.666666666666667,1,0,0,0.0327898228229909
p452,3,0.05,21.0333333333333,4,108,50,3,415,0,35.3333333333333,0.0526315783333333,0.75,1,1,0,0.048790164169432
p4520,1,0.0166666666666667,,2,9,9,1,150,0,8,0.02631579,0.5,1,1,1,0.0165293019512106
p4522,1,0.0166666666666667,,2,7,6,2,150,0,5,0.02631579,1,0,0,0,0.0165293019512106
p4523,2,0.0333333333333333,33.7,3,43,37,4,327.25,0.2076169925,22,0.039473685,1.33333333333333,0,0,0,0.0327898228229909
p4525,3,0.05,19.0666666666667,4,93,44,3,475,0,30,0.0526315783333333,0.75,1,1,1,0.048790164169432
p4526,2,0.0333333333333333,50.3166666666667,2,9,9,1,150,0,34,0.039473685,0.5,1,1,1,0.0327898228229909
p4527,1,0.0166666666666667,,2,6,6,2,156,0.008247715,6,0.02631579,1,0,0,0,0.0165293019512106
p4528,2,0.0333333333333333,8.23333333333333,3,21,14,3,204.666666666667,0.25743285,9,0.02631579,1,0,0,0,0.0327898228229909
p4529,1,0.0166666666666667,,1,2,2,1,150,1,10,0.02631579,1,0,0,0,0.0165293019512106
p453,1,0.0166666666666667,,2,11,10,2,152.5,0.0089939225,10,0.02631579,1,0,0,0,0.0165293019512106
p4530,1,0.0166666666666667,,2,17,15,2,162.5,0.08811698,14,0.02631579,1,0,0,0,0.0165293019512106
p4532,1,0.0166666666666667,,2,11,10,1,150,0,10,0.02631579,0.5,1,1,0,0.0165293019512106
p4533,1,0.0166666666666667,,1,0,0,1,150,1,5,0.02631579,1,0,0,0,0.0165293019512106
p4534,2,0.0333333333333333,37.0666666666667,2,9,7,2,360,0.5,25.5,0.039473685,1,1,1,0,0.0327898228229909
p4535,4,0.0666666666666667,10.3944444444444,5,96,37,5,204.5,0.3038717025,24,0.0328947375,1,1,1,1,0.0645385211375712
p4536,1,0.0166666666666667,,2,10,9,2,210.5,0.18218103,8,0.02631579,1,1,1,1,0.0165293019512106
p4537,3,0.05,20.1666666666667,3,56,46,3,475,0.333333333333333,34,0.0526315783333333,1,0,0,0,0.048790164169432
p4538,1,0.0166666666666667,,2,11,10,1,150,0,10,0.02631579,0.5,0,0,0,0.0165293019512106
p4539,1,0.0166666666666667,,2,8,8,1,150,0,8,0.02631579,0.5,0,0,0,0.0165293019512106
p454,1,0.0166666666666667,,2,12,10,2,165,0,9,0.02631579,1,0,0,0,0.0165293019512106
p4540,3,0.05,17.9666666666667,4,86,42,3,425,0,28,0.0526315783333333,0.75,1,1,0,0.048790164169432
p4541,0,0,,2,10,9,1,150,0,,,0.5,0,0,0,0
p4542,1,0.0166666666666667,,1,4,4,1,150,1,12,0.02631579,1,1,1,1,0.0165293019512106
p4543,1,0.0166666666666667,,2,19,17,2,189,0.215728075,15,0.02631579,1,0,0,0,0.0165293019512106
p4544,1,0.0166666666666667,,2,8,7,2,151,0.0026405996,7,0.02631579,1,0,0,0,0.0165293019512106
p4545,3,0.05,22.575,3,53,47,3,410,0.333333333333333,33.6666666666667,0.0526315783333333,1,1,1,1,0.048790164169432
p4546,1,0.0166666666666667,,2,11,10,1,150,0,9,0.02631579,0.5,1,0,0,0.0165293019512106
p4547,2,0.0333333333333333,41.9666666666667,2,6,5,2,350,0.5,26,0.039473685,1,1,1,0,0.0327898228229909
p4548,0,0,,1,2,2,1,136,0.30464184,,,1,0,0,0,0
p4549,1,0.0166666666666667,,2,8,8,2,222.5,0.26341725,7,0.02631579,1,0,0,0,0.0165293019512106
p455,3,0.05,20.3666666666667,3,51,44,3,475,0.333333333333333,31.3333333333333,0.0526315783333333,1,0,0,0,0.048790164169432
p4550,1,0.0166666666666667,,2,23,22,2,237,0.235525415,22,0.02631579,1,1,1,1,0.0165293019512106
p4552,2,0.0333333333333333,19.8166666666667,2,10,9,2,157.5,1,18,0.02631579,1,0,0,0,0.0327898228229909
p4554,1,0.0166666666666667,,1,1,1,1,150,1,6,0.02631579,1,0,0,0,0.0165293019512106
p4555,2,0.0333333333333333,36.7333333333333,2,10,8,2,375,0.5,26,0.039473685,1,1,0,0,0.0327898228229909
p4556,1,0.0166666666666667,,2,9,8,1,150,0,8,0.02631579,0.5,1,1,0,0.0165293019512106
p4557,0,0,,1,3,3,1,5,0.30830154,,,1,1,1,1,0
p4558,0,0,,1,19,19,1,7,0.28505924,,,1,1,1,0,0
p4559,2,0.0333333333333333,48.1,2,10,8,2,375,0.5,31,0.039473685,1,1,0,0,0.0327898228229909
p456,2,0.0333333333333333,43.95,2,10,8,2,285,0.5,29.5,0.039473685,1,1,1,1,0.0327898228229909
p4560,1,0.0166666666666667,,2,9,8,2,125,0.0007490429,8,0.02631579,1,0,0,0,0.0165293019512106
p4561,1,0.0166666666666667,,2,10,9,2,113.5,0.05934332,8,0.02631579,1,1,1,1,0.0165293019512106
p4562,1,0.0166666666666667,,2,23,18,1,150,0,16,0.02631579,0.5,1,0,0,0.0165293019512106
p4563,1,0.0166666666666667,,2,7,7,2,198,0.30723712,7,0.02631579,1,1,1,1,0.0165293019512106
p4564,1,0.0166666666666667,,2,7,6,2,165,0.21391091,6,0.02631579,1,1,1,1,0.0165293019512106
p4565,1,0.0166666666666667,,1,1,1,1,150,1,4.9225,0.02631579,1,0,0,0,0.0165293019512106
p4566,3,0.05,22.9416666666667,4,110,52,3,475,0,35,0.0526315783333333,0.75,0,0,0,0.048790164169432
p4567,1,0.0166666666666667,,2,11,9,1,150,0,9,0.02631579,0.5,1,0,0,0.0165293019512106
p4568,1,0.0166666666666667,,2,14,13,2,190,0.134189665,12,0.02631579,1,1,1,1,0.0165293019512106
p4569,1,0.0166666666666667,,2,15,12,2,141,0.25337863,10,0.02631579,1,0,0,0,0.0165293019512106
p457,1,0.0166666666666667,,2,10,9,1,150,0,9,0.02631579,0.5,1,1,0,0.0165293019512106
p4570,2,0.0333333333333333,17.3166666666667,3,43,30,3,115,0.03606341,20.5,0.013157895,1,1,0,0,0.0327898228229909
p4571,1,0.0166666666666667,,2,8,7,2,227,0.15275793,6,0.02631579,1,0,0,0,0.0165293019512106
p4572,2,0.0333333333333333,47.6,2,8,7,2,375,0.5,30.5,0.039473685,1,1,1,1,0.0327898228229909
p4573,1,0.0166666666666667,,2,10,9,1,150,0,8,0.02631579,0.5,0,0,0,0.0165293019512106
p4575,2,0.0333333333333333,51.4833333333333,2,8,7,1,135,0,32.5,0.039473685,0.5,1,1,1,0.0327898228229909
p4576,0,0,,1,20,20,1,8,0.4061517,,,1,0,0,0,0
p4577,1,0.0166666666666667,,2,63,36,2,147.5,0.27241625,35,0.02631579,1,0,0,0,0.0165293019512106
p4578,1,0.0166666666666667,,2,12,10,1,150,0,9,0.02631579,0.5,1,1,0,0.0165293019512106
p4579,1,0.0166666666666667,,2,14,12,1,150,0,11,0.02631579,0.5,0,0,0,0.0165293019512106
p458,2,0.0333333333333333,49.8166666666667,3,67,59,2,375,0,33,0.039473685,0.666666666666667,1,1,1,0.0327898228229909
p4580,1,0.0166666666666667,,2,17,15,1,150,0,14,0.02631579,0.5,0,0,0,0.0165293019512106
p4581,3,0.05,25.4333333333333,3,66,56,2,235,0,40.6666666666667,0.0526315783333333,0.666666666666667,0,0,0,0.048790164169432
p4582,1,0.0166666666666667,,2,23,21,2,178,0.073784925,20,0.02631579,1,1,1,1,0.0165293019512106
p4583,2,0.0333333333333333,6.81666666666667,2,9,9,3,104.166666666667,0.5,10.5,0.02631579,1.5,0,0,0,0.0327898228229909
p4584,1,0.0166666666666667,,2,27,18,1,60,0,17,0.02631579,0.5,0,0,0,0.0165293019512106
p4585,1,0.0166666666666667,,1,2,2,1,150,1,7,0.02631579,1,0,0,0,0.0165293019512106
p4586,2,0.0333333333333333,48.6666666666667,3,70,59,2,330,0,33.5,0.039473685,0.666666666666667,0,0,0,0.0327898228229909
p4587,1,0.0166666666666667,,2,8,7,2,232.5,0.1966498,6,0.02631579,1,0,0,0,0.0165293019512106
p4588,1,0.0166666666666667,,2,11,9,1,150,0,8,0.02631579,0.5,1,1,1,0.0165293019512106
p459,1,0.0166666666666667,,2,16,15,1,60,0,14,0.02631579,0.5,0,0,0,0.0165293019512106
p4591,1,0.0166666666666667,,2,13,12,1,150,0,12,0.02631579,0.5,1,1,1,0.0165293019512106
p4593,2,0.0333333333333333,46.9,3,63,54,2,362.5,0,29.5,0.039473685,0.666666666666667,0,0,0,0.0327898228229909
p4594,1,0.0166666666666667,,2,16,14,1,150,0,14,0.02631579,0.5,1,1,1,0.0165293019512106
p4596,1,0.0166666666666667,,2,12,10,1,150,0,10,0.02631579,0.5,0,0,0,0.0165293019512106
p4597,1,0.0166666666666667,,1,2,2,1,150,1,11,0.02631579,1,1,1,0,0.0165293019512106
p4598,1,0.0166666666666667,,2,19,14,1,150,0,14,0.02631579,0.5,1,1,1,0.0165293019512106
p4599,0,0,,1,1,1,0,,,,,0,1,1,0,0
p460,3,0.05,21.6666666666667,4,98,48,3,475,0,32,0.0526315783333333,0.75,1,1,1,0.048790164169432
p4600,1,0.0166666666666667,,2,11,10,1,135,0,9,0.02631579,0.5,1,1,1,0.0165293019512106
p4601,1,0.0166666666666667,,2,9,8,1,150,0,8,0.02631579,0.5,1,0,0,0.0165293019512106
p4602,2,0.0333333333333333,36.0666666666667,2,7,6,1,150,0,24,0.039473685,0.5,0,0,0,0.0327898228229909
p4603,1,0.0166666666666667,,2,16,11,2,176.5,0.22560218,11,0.02631579,1,1,1,0,0.0165293019512106
p4604,1,0.0166666666666667,,2,8,7,2,303.5,0.39735633,7,0.02631579,1,1,1,1,0.0165293019512106
p4606,1,0.0166666666666667,,1,0,0,1,150,1,9,0.02631579,1,1,1,0,0.0165293019512106
p4607,1,0.0166666666666667,,2,20,16,1,150,0,14,0.02631579,0.5,0,0,0,0.0165293019512106
p4608,1,0.0166666666666667,,2,10,9,1,150,0,9,0.02631579,0.5,0,0,0,0.0165293019512106
p4609,1,0.0166666666666667,,3,18,14,2,77.5,0,13,0.02631579,0.666666666666667,1,1,1,0.0165293019512106
p461,1,0.0166666666666667,,2,14,13,2,197,0.110922935,11,0.02631579,1,0,0,0,0.0165293019512106
p4610,1,0.0166666666666667,,1,1,1,1,150,1,8,0.02631579,1,1,1,0,0.0165293019512106
p4611,4,0.0666666666666667,14.7611111111111,4,68,47,4,371.25,0.25,28.5,0.03947368375,1,1,1,1,0.0645385211375712
p4612,3,0.05,20.925,3,51,45,3,475,0.333333333333333,31.6666666666667,0.0526315783333333,1,0,0,0,0.048790164169432
p4613,3,0.05,23.8916666666667,4,121,57,3,385,0,38.6666666666667,0.0526315783333333,0.75,0,0,0,0.048790164169432
p4614,1,0.0166666666666667,,2,8,7,2,223.5,0.181180625,6,0.02631579,1,0,0,0,0.0165293019512106
p4615,1,0.0166666666666667,,2,8,7,1,150,0,7,0.02631579,0.5,1,0,0,0.0165293019512106
p4616,2,0.0333333333333333,48.6333333333333,2,9,8,2,300,0.5,31.5,0.039473685,1,1,1,1,0.0327898228229909
p4617,1,0.0166666666666667,,2,16,13,1,150,0,12,0.02631579,0.5,1,1,1,0.0165293019512106
p4618,2,0.0333333333333333,39.1,2,8,7,2,375,0.5,26.5,0.039473685,1,1,1,1,0.0327898228229909
p4619,1,0.0166666666666667,,3,33,19,3,150.333333333333,0.0450587433333333,18,0.02631579,1,0,0,0,0.0165293019512106
p4620,1,0.0166666666666667,,2,13,12,2,214.5,0.18641387,12,0.02631579,1,0,0,0,0.0165293019512106
p4621,1,0.0166666666666667,,2,35,31,1,60,0,29,0.02631579,0.5,1,1,0,0.0165293019512106
p4622,1,0.0166666666666667,,2,20,19,1,150,0,19,0.02631579,0.5,1,0,0,0.0165293019512106
p4623,1,0.0166666666666667,,2,45,31,1,150,0,26,0.02631579,0.5,1,1,1,0.0165293019512106
p4624,3,0.05,26.7166666666667,3,63,56,2,375,0,40,0.0526315783333333,0.666666666666667,0,0,0,0.048790164169432
p4625,1,0.0166666666666667,,2,10,9,2,103,0.138716715,8,0.02631579,1,1,0,0,0.0165293019512106
p4626,1,0.0166666666666667,,2,18,16,1,150,0,13,0.02631579,0.5,0,0,0,0.0165293019512106
p4627,2,0.0333333333333333,31.5333333333333,2,6,5,2,330,0.5,21,0.039473685,1,0,0,0,0.0327898228229909
p4628,1,0.0166666666666667,,2,12,9,1,150,0,8,0.02631579,0.5,0,0,0,0.0165293019512106
p4629,1,0.0166666666666667,,2,7,7,2,89,0.07176362,6,0.02631579,1,1,1,1,0.0165293019512106
p463,1,0.0166666666666667,,2,9,9,2,206,0.11225122,8,0.02631579,1,1,0,0,0.0165293019512106
p4630,2,0.0333333333333333,47.2666666666667,3,69,59,2,172.5,0,31,0.039473685,0.666666666666667,1,1,0,0.0327898228229909
p4632,0,0,,1,1,1,0,,,,,0,0,0,0,0
p4633,1,0.0166666666666667,,2,9,8,2,238,0.2982823,8,0.02631579,1,1,1,1,0.0165293019512106
p4634,1,0.0166666666666667,,1,3,3,1,150,1,7,0.02631579,1,0,0,0,0.0165293019512106
p4635,2,0.0333333333333333,48.9666666666667,2,11,11,1,150,0,34.5,0.039473685,0.5,1,1,1,0.0327898228229909
p4636,1,0.0166666666666667,,2,14,10,2,152.5,0.005711999,9,0.02631579,1,0,0,0,0.0165293019512106
p4637,2,0.0333333333333333,44.8333333333333,3,80,59,2,375,0,35.5,0.039473685,0.666666666666667,1,1,1,0.0327898228229909
p4638,1,0.0166666666666667,,2,9,7,2,215.5,0.44421425,6,0.02631579,1,1,1,1,0.0165293019512106
p464,1,0.0166666666666667,,2,18,17,1,0,0,15,0.02631579,0.5,0,0,0,0.0165293019512106
p4640,1,0.0166666666666667,,2,18,17,1,150,0,16,0.02631579,0.5,0,0,0,0.0165293019512106
p4641,1,0.0166666666666667,,2,10,9,2,45.5,0.1973734,8,0.02631579,1,1,1,1,0.0165293019512106
p4642,3,0.05,22.2833333333333,4,107,51,3,458.333333333333,0,35,0.0526315783333333,0.75,1,1,1,0.048790164169432
p4644,3,0.05,23.0666666666667,4,111,53,3,475,0,36.6666666666667,0.0526315783333333,0.75,1,1,1,0.048790164169432
p4645,1,0.0166666666666667,,1,2,2,1,150,1,12,0.02631579,1,1,1,1,0.0165293019512106
p4646,1,0.0166666666666667,,2,9,8,2,156.5,0.047583575,8,0.02631579,1,1,0,0,0.0165293019512106
p4647,1,0.0166666666666667,,2,22,16,1,150,0,15,0.02631579,0.5,0,0,0,0.0165293019512106
p4648,1,0.0166666666666667,,1,1,1,1,150,1,10,0.02631579,1,1,1,1,0.0165293019512106
p4649,1,0.0166666666666667,,2,10,9,1,125,0,7,0.02631579,0.5,1,1,0,0.0165293019512106
p465,1,0.0166666666666667,,2,21,15,1,150,0,13,0.02631579,0.5,1,1,1,0.0165293019512106
p4650,1,0.0166666666666667,,2,7,6,1,150,0,6,0.02631579,0.5,0,0,0,0.0165293019512106
p4651,12,0.2,3.53181818181818,6,151.280000000001,36,6,619.583333333333,0.4,20.0833333333333,0.0570175445833333,1,0,0,0,0.182321556793955
p4652,1,0.0166666666666667,,2,9,8,2,134.5,0.036499612,7,0.02631579,1,1,1,1,0.0165293019512106
p4653,2,0.0333333333333333,47.3,2,11,10,2,247.5,0.5,32,0.039473685,1,1,1,0,0.0327898228229909
p4654,1,0.0166666666666667,,2,18,17,1,150,0,16,0.02631579,0.5,0,0,0,0.0165293019512106
p4655,1,0.0166666666666667,,2,16,14,1,150,0,14,0.02631579,0.5,1,1,1,0.0165293019512106
p4656,3,0.05,19.6916666666667,4,99,46,3,475,0,32.3333333333333,0.0526315783333333,0.75,0,0,0,0.048790164169432
p4657,3,0.05,20.0333333333333,4,96,46,3,475,0,32,0.0526315783333333,0.75,1,0,0,0.048790164169432
p4658,1,0.0166666666666667,,1,1,1,1,150,1,9,0.02631579,1,0,0,0,0.0165293019512106
p4659,1,0.0166666666666667,,2,12,11,2,176.5,0.047883082,10,0.02631579,1,0,0,0,0.0165293019512106
p466,1,0.0166666666666667,,1,2,2,1,150,1,13,0.02631579,1,0,0,0,0.0165293019512106
p4660,3,0.05,19.3583333333333,4,93,44,3,475,0,30.3333333333333,0.0526315783333333,0.75,0,0,0,0.048790164169432
p4661,3,0.05,22.4583333333333,3,57,49,3,358.333333333333,0.333333333333333,35,0.0526315783333333,1,0,0,0,0.048790164169432
p4662,3,0.05,22.5416666666667,3,56,49,3,375,0.333333333333333,36,0.0526315783333333,1,1,1,1,0.048790164169432
p4663,1,0.0166666666666667,,2,19,12,1,10,0,11,0.02631579,0.5,0,0,0,0.0165293019512106
p4664,1,0.0166666666666667,,1,2,2,1,150,1,13,0.02631579,1,0,0,0,0.0165293019512106
p4665,2,0.0333333333333333,47.4666666666667,2,9,8,2,342.5,0.5,30.5,0.039473685,1,0,0,0,0.0327898228229909
p4666,3,0.05,21.8,4,104,50,3,425,0,34,0.0526315783333333,0.75,1,1,1,0.048790164169432
p4667,0,0,,1,1,1,4,42,0.971413625,,,4,0,0,0,0
p4668,1,0.0166666666666667,,2,21,15,1,150,0,14,0.02631579,0.5,1,1,1,0.0165293019512106
p4669,3,0.05,16.5916666666667,3,21,16,3,253,0.0983822433333333,20,0.0526315783333333,1,0,0,0,0.048790164169432
p467,1,0.0166666666666667,,1,1,1,1,150,1,8,0.02631579,1,0,0,0,0.0165293019512106
p4670,2,0.0333333333333333,2.7,3,51,44,3,475,0.333333333333333,41.3333333333333,0.0657894725,1,1,0,0,0.0327898228229909
p4671,1,0.0166666666666667,,3,18,17,3,72.8333333333333,0.0558107133333333,16,0.02631579,1,1,1,1,0.0165293019512106
p4672,1,0.0166666666666667,,2,14,12,1,150,0,11,0.02631579,0.5,0,0,0,0.0165293019512106
p4673,1,0.0166666666666667,,2,4,4,2,242,0.186588825,4.9225,0.02631579,1,1,1,0,0.0165293019512106
p4674,3,0.05,17.825,4,91,42,3,475,0,29.3333333333333,0.0526315783333333,0.75,1,1,1,0.048790164169432
p4675,1,0.0166666666666667,,2,16,15,1,15,,14,0,0.5,0,0,0,0.0165293019512106
p4676,1,0.0166666666666667,,2,18,14,1,15,0,11,0.02631579,0.5,1,0,0,0.0165293019512106
p4678,1,0.0166666666666667,,2,10,8,2,252.5,0.19307816,8,0.02631579,1,1,1,1,0.0165293019512106
p4679,1,0.0166666666666667,,2,28,25,1,0,0,22,0.02631579,0.5,0,0,0,0.0165293019512106
p468,1,0.0166666666666667,,2,7,6,2,150,0.0023181583,5,0.02631579,1,0,0,0,0.0165293019512106
p4680,23,0.383333333333333,2.49469696969697,6,151.280000000001,59,6,8260.32948996292,0,30.1304347826087,0.129561403322221,1,1,0,0,0.324496045574497
p4681,1,0.0166666666666667,,2,13,11,1,10,0,9,0.02631579,0.5,1,1,1,0.0165293019512106
p4682,1,0.0166666666666667,,2,8,7,1,150,0,6,0.02631579,0.5,0,0,0,0.0165293019512106
p4683,1,0.0166666666666667,,2,12,11,2,181,0.100060805,11,0.02631579,1,0,0,0,0.0165293019512106
p4684,1,0.0166666666666667,,2,14,12,2,15,0.0066196346,11,0,1,0,0,0,0.0165293019512106
p4685,2,0.0333333333333333,9.63333333333333,2,10,9,2,7.5,0.5,13.5,0.013157895,1,1,1,0,0.0327898228229909
p4686,1,0.0166666666666667,,2,11,10,2,213,0.18433647,9,0.02631579,1,1,1,1,0.0165293019512106
p4687,1,0.0166666666666667,,2,16,14,1,150,0,13,0.02631579,0.5,1,1,1,0.0165293019512106
p4688,1,0.0166666666666667,,2,9,7,1,150,0,6,0.02631579,0.5,0,0,0,0.0165293019512106
p4689,1,0.0166666666666667,,2,5,4,2,178,0.19569546,4.9225,0.02631579,1,1,0,0,0.0165293019512106
p469,1,0.0166666666666667,,2,7,4,4,119,0.059327692255,4.9225,0.02631579,2,0,0,0,0.0165293019512106
p4690,3,0.05,23.5583333333333,4,34,16,3,156.833333333333,0,24.6666666666667,0.03508772,0.75,1,1,1,0.048790164169432
p4691,3,0.05,19.1666666666667,4,90,44,3,475,0,30,0.0526315783333333,0.75,1,0,0,0.048790164169432
p4692,1,0.0166666666666667,,2,17,13,1,150,0,10,0.02631579,0.5,1,1,1,0.0165293019512106
p4693,2,0.0333333333333333,48.8833333333333,5,35,11,5,240.35,0.4935794075,30,0.039473685,1,1,1,1,0.0327898228229909
p4694,1,0.0166666666666667,,1,1,1,1,150,1,6,0.02631579,1,0,0,0,0.0165293019512106
p4695,1,0.0166666666666667,,2,22,21,2,165.5,0.021458786,20,0.02631579,1,1,1,0,0.0165293019512106
p4696,1,0.0166666666666667,,2,14,12,2,252,0.29440093,11,0.02631579,1,0,0,0,0.0165293019512106
p4697,1,0.0166666666666667,,2,8,7,1,150,0,6,0.02631579,0.5,1,1,1,0.0165293019512106
p4698,1,0.0166666666666667,,2,9,8,2,150,0.000243220085,7,0.02631579,1,0,0,0,0.0165293019512106
p4699,1,0.0166666666666667,,2,10,8,2,261.5,0.22893435,7,0.02631579,1,1,1,0,0.0165293019512106
p47,1,0.0166666666666667,,2,6,6,2,151.5,0.0070238045,6,0.02631579,1,0,0,0,0.0165293019512106
p470,3,0.05,23.775,4,121,56,3,415,0,39.6666666666667,0.0526315783333333,0.75,1,1,1,0.048790164169432
p4700,4,0.0666666666666667,7.11111111111111,4,62,27,4,432.5,0.25,21.25,0.06578947375,1,1,1,1,0.0645385211375712
p4703,1,0.0166666666666667,,2,16,14,1,50,0,12,0.02631579,0.5,0,0,0,0.0165293019512106
p4705,1,0.0166666666666667,,2,12,10,1,150,0,9,0.02631579,0.5,0,0,0,0.0165293019512106
p4706,3,0.05,22.3666666666667,4,110,53,3,475,0,36,0.0526315783333333,0.75,0,0,0,0.048790164169432
p4707,3,0.05,19.45,4,96,45,3,385,0,31.3333333333333,0.0526315783333333,0.75,1,1,1,0.048790164169432
p4708,1,0.0166666666666667,,2,9,8,1,150,0,8,0.02631579,0.5,1,1,1,0.0165293019512106
p4709,1,0.0166666666666667,,2,11,9,1,150,0,9,0.02631579,0.5,1,1,1,0.0165293019512106
p471,2,0.0333333333333333,33.1666666666667,4,24,9,3,217.333333333333,0.172349866666667,7.5,0.02631579,0.75,1,1,1,0.0327898228229909
p4710,2,0.0333333333333333,14.4833333333333,3,34,21,4,212,0.2464777325,16.5,0.039473685,1.33333333333333,1,1,1,0.0327898228229909
p4711,1,0.0166666666666667,,1,0,0,1,150,1,7,0.02631579,1,1,1,1,0.0165293019512106
p4712,2,0.0333333333333333,7.66666666666667,3,34,20,2,90,0,16,0.013157895,0.666666666666667,0,0,0,0.0327898228229909
p4713,1,0.0166666666666667,,2,8,7,2,108.5,0.009646559,6,0.02631579,1,0,0,0,0.0165293019512106
p4714,1,0.0166666666666667,,2,12,10,2,167.5,0.212463335,10,0.02631579,1,1,1,1,0.0165293019512106
p4715,30,0.5,1.51264367816092,6,151.280000000001,59,6,4922.66887,0,35.8666666666667,0.129561403322221,0.967741935483871,0,0,0,0.405465108108164
p4716,1,0.0166666666666667,,2,22,21,2,176.5,0.063718915,6,0.02631579,1,1,0,0,0.0165293019512106
p4717,3,0.05,22.175,4,116,54,3,475,0,37,0.0526315783333333,0.75,0,0,0,0.048790164169432
p4718,3,0.05,24.7666666666667,4,120,57,3,475,0,39.6666666666667,0.0526315783333333,0.75,0,0,0,0.048790164169432
p4719,2,0.0333333333333333,43.7166666666667,2,7,7,2,375,0.5,27.5,0.039473685,1,1,0,0,0.0327898228229909
p472,2,0.0333333333333333,36.6166666666667,3,52,44,2,330,0,25,0.039473685,0.666666666666667,1,1,1,0.0327898228229909
p4720,2,0.0333333333333333,42.1666666666667,2,8,7,2,247.5,0.5,28,0.039473685,1,1,1,1,0.0327898228229909
p4721,1,0.0166666666666667,,2,12,10,2,222,0.410346985,8,0.02631579,1,1,1,1,0.0165293019512106
p4722,1,0.0166666666666667,,2,5,4,2,175.5,0.16353625,4.9225,0.02631579,1,1,0,0,0.0165293019512106
p4723,2,0.0333333333333333,39.55,2,17,16,1,150,0,34.5,0.039473685,0.5,1,1,1,0.0327898228229909
p4724,1,0.0166666666666667,,2,87,48,1,150,0,41.3333333333333,0.02631579,0.5,1,1,1,0.0165293019512106
p4726,2,0.0333333333333333,47.8166666666667,3,73,59,2,375,0,35,0.039473685,0.666666666666667,1,1,0,0.0327898228229909
p4727,3,0.05,22.775,4,130,59,3,475,0,41.3333333333333,0.0526315783333333,0.75,1,1,1,0.048790164169432
p4729,1,0.0166666666666667,,2,20,17,2,204.5,0.186593635,16,0.02631579,1,1,1,1,0.0165293019512106
p473,0,0,,1,1,1,1,13,0.2350663,,,1,0,0,0,0
p4730,2,0.0333333333333333,40.5166666666667,2,8,7,2,375,0.5,26.5,0.039473685,1,1,1,0,0.0327898228229909
p4731,1,0.0166666666666667,,1,1,1,1,150,1,9,0.02631579,1,1,1,1,0.0165293019512106
p4732,3,0.05,18.95,4,63,42,4,370.5,0.075199605,20.3333333333333,0.0526315783333333,1,1,1,1,0.048790164169432
p4733,3,0.05,23.35,3,61,51,3,335,0.333333333333333,37.3333333333333,0.0526315783333333,1,1,1,1,0.048790164169432
p4734,0,0,,1,1,1,1,10,0.25426784,,,1,0,0,0,0
p4735,3,0.05,20.2666666666667,4,137,59,3,405,0,41.3333333333333,0.0526315783333333,0.75,0,0,0,0.048790164169432
p4736,0,0,,1,0,0,1,2,0.0101829525,,,1,1,0,0,0
p4738,1,0.0166666666666667,,2,6,5,2,197,0.087355795,5,0.02631579,1,0,0,0,0.0165293019512106
p4739,1,0.0166666666666667,,2,8,7,2,175.5,0.0565965175,7,0.02631579,1,1,1,1,0.0165293019512106
p474,1,0.0166666666666667,,2,14,11,2,196.5,0.12414398,10,0.02631579,1,1,1,1,0.0165293019512106
p4740,1,0.0166666666666667,,2,9,8,2,162,0.0162989015,8,0.02631579,1,0,0,0,0.0165293019512106
p4741,0,0,,1,6,6,0,,,,,0,1,1,1,0
p4742,1,0.0166666666666667,,2,13,11,1,60,0,10,0.02631579,0.5,0,0,0,0.0165293019512106
p4743,1,0.0166666666666667,,2,11,10,1,150,0,9,0.02631579,0.5,1,1,1,0.0165293019512106
p4744,1,0.0166666666666667,,2,9,8,1,150,0,8,0.02631579,0.5,1,1,0,0.0165293019512106
p4745,1,0.0166666666666667,,2,12,11,2,310.5,0.4035757,10,0.02631579,1,1,1,1,0.0165293019512106
p4746,1,0.0166666666666667,,2,14,12,2,150.5,0.3780726,11,0.02631579,1,1,1,0,0.0165293019512106
p4748,1,0.0166666666666667,,2,8,7,2,175.5,0.062620385,6,0.02631579,1,1,1,0,0.0165293019512106
p4749,2,0.0333333333333333,36.6333333333333,2,8,7,1,150,0,24.5,0.039473685,0.5,1,1,1,0.0327898228229909
p475,0,0,,1,6,6,0,,,,,0,1,0,0,0
p4750,1,0.0166666666666667,,2,9,8,2,253.5,0.38247493,8,0.02631579,1,1,1,0,0.0165293019512106
p4751,1,0.0166666666666667,,2,9,9,1,150,0,9,0.02631579,0.5,1,1,1,0.0165293019512106
p4752,1,0.0166666666666667,,2,10,9,2,184,0.1636769,7,0.02631579,1,0,0,0,0.0165293019512106
p4753,1,0.0166666666666667,,2,10,9,2,246.5,0.34448375,8,0.02631579,1,0,0,0,0.0165293019512106
p4754,2,0.0333333333333333,48.3333333333333,2,11,9,2,375,0.5,32,0.039473685,1,1,1,1,0.0327898228229909
p4755,1,0.0166666666666667,,2,14,11,2,280.5,0.345835985,10,0.02631579,1,1,1,1,0.0165293019512106
p4756,1,0.0166666666666667,,2,41,36,2,105,0.10180837,11,0.02631579,1,1,1,1,0.0165293019512106
p4757,1,0.0166666666666667,,1,1,1,1,150,1,6,0.02631579,1,1,1,1,0.0165293019512106
p4758,1,0.0166666666666667,,2,10,9,1,150,0,9,0.02631579,0.5,0,0,0,0.0165293019512106
p4759,1,0.0166666666666667,,2,13,10,2,225.5,0.20903142,9,0.02631579,1,0,0,0,0.0165293019512106
p476,3,0.05,19.45,4,97,46,3,475,0,31,0.0526315783333333,0.75,1,1,1,0.048790164169432
p4760,2,0.0333333333333333,47.7166666666667,2,8,7,2,375,0.5,31,0.039473685,1,1,1,0,0.0327898228229909
p4763,1,0.0166666666666667,,2,6,6,2,171,0.03044006,6,0.02631579,1,0,0,0,0.0165293019512106
p4764,0,0,,1,2,2,1,37.75,0.14296699,,,1,1,1,1,0
p4765,3,0.05,25.8583333333333,4,122,59,3,475,0,37.6666666666667,0.0526315783333333,0.75,1,1,1,0.048790164169432
p4766,1,0.0166666666666667,,2,9,8,2,186,0.07296215,8,0.02631579,1,0,0,0,0.0165293019512106
p4767,2,0.0333333333333333,42.3666666666667,4,35,17,3,130.333333333333,0.146946965,14.5,0.013157895,0.75,1,1,0,0.0327898228229909
p4768,1,0.0166666666666667,,2,10,9,2,214,0.144634575,6,0.02631579,1,0,0,0,0.0165293019512106
p477,1,0.0166666666666667,,2,15,14,1,150,0,14,0.02631579,0.5,1,1,1,0.0165293019512106
p4770,1,0.0166666666666667,,2,7,7,2,171.5,0.063232935,7,0.02631579,1,0,0,0,0.0165293019512106
p4771,2,0.0333333333333333,47.6333333333333,2,14,11,2,375,0.5,32.5,0.039473685,1,1,1,1,0.0327898228229909
p4772,1,0.0166666666666667,,1,2,2,1,150,,6,0.02631579,1,0,0,0,0.0165293019512106
p4773,2,0.0333333333333333,51.0666666666667,3,68,59,2,375,0,32.5,0.039473685,0.666666666666667,1,1,0,0.0327898228229909
p4774,1,0.0166666666666667,,2,8,7,1,150,0,7,0.02631579,0.5,1,1,1,0.0165293019512106
p4775,1,0.0166666666666667,,2,11,10,1,35,0,9,0.02631579,0.5,1,1,1,0.0165293019512106
p4776,1,0.0166666666666667,,2,9,8,2,136.5,0.05971736,8,0.02631579,1,1,0,0,0.0165293019512106
p4777,1,0.0166666666666667,,2,15,12,1,150,0,12,0.02631579,0.5,1,1,0,0.0165293019512106
p4778,3,0.05,23.0083333333333,4,115,54,3,475,0,36.3333333333333,0.0526315783333333,0.75,1,1,0,0.048790164169432
p4779,1,0.0166666666666667,,2,12,11,2,222.5,0.24926735,11,0.02631579,1,0,0,0,0.0165293019512106
p478,1,0.0166666666666667,,1,1,1,1,150,1,7,0.02631579,1,0,0,0,0.0165293019512106
p4780,1,0.0166666666666667,,2,14,12,2,251.5,0.21390258,11,0.02631579,1,1,1,1,0.0165293019512106
p4781,1,0.0166666666666667,,2,11,10,1,150,0,10,0.02631579,0.5,1,0,0,0.0165293019512106
p4782,2,0.0333333333333333,9.76666666666667,3,42,25,3,110,0.0988026766666667,19,0.013157895,1,1,1,1,0.0327898228229909
p4783,1,0.0166666666666667,,2,14,12,2,113.5,0.068589405,11,0.02631579,1,1,1,1,0.0165293019512106
p4785,1,0.0166666666666667,,2,8,7,2,286.5,0.327976225,6,0.02631579,1,1,1,1,0.0165293019512106
p4786,1,0.0166666666666667,,2,23,17,1,150,0,16,0.02631579,0.5,1,0,0,0.0165293019512106
p4787,1,0.0166666666666667,,2,10,9,1,150,0,8,0.02631579,0.5,0,0,0,0.0165293019512106
p4788,1,0.0166666666666667,,2,10,9,1,60,0,8,0.02631579,0.5,1,0,0,0.0165293019512106
p4789,1,0.0166666666666667,,1,0,0,1,150,1,13,0.02631579,1,0,0,0,0.0165293019512106
p4790,0,0,,1,1,1,1,5,0.08627986,,,1,0,0,0,0
p4791,2,0.0333333333333333,33.4333333333333,3,4,4,2,375,0.5,20.5,0.039473685,0.666666666666667,1,1,1,0.0327898228229909
p4792,1,0.0166666666666667,,2,14,12,2,131.5,0.14618005,11,0.02631579,1,1,1,1,0.0165293019512106
p4793,3,0.05,25.9583333333333,4,122,58,3,450,0,40,0.0526315783333333,0.75,1,0,0,0.048790164169432
p4794,1,0.0166666666666667,,2,14,10,1,150,0,9,0.02631579,0.5,1,1,0,0.0165293019512106
p4795,3,0.05,19.3666666666667,4,94,45,3,475,0,30.6666666666667,0.0526315783333333,0.75,1,1,1,0.048790164169432
p4797,1,0.0166666666666667,,2,9,9,1,150,0,9,0.02631579,0.5,0,0,0,0.0165293019512106
p4799,1,0.0166666666666667,,1,1,1,1,150,1,11,0.02631579,1,0,0,0,0.0165293019512106
p48,0,0,,1,2,2,1,1,0.10754159,,,1,1,1,1,0
p480,1,0.0166666666666667,,2,17,13,2,165,0.0350207,13,0.02631579,1,1,1,0,0.0165293019512106
p4800,1,0.0166666666666667,,2,8,7,2,168,0.11268422,7,0.02631579,1,1,1,1,0.0165293019512106
p4801,1,0.0166666666666667,,2,9,8,1,150,0,8,0.02631579,0.5,0,0,0,0.0165293019512106
p4802,0,0,,1,1,1,1,29,0.73398745,,,1,0,0,0,0
p4803,0,0,,1,2,2,0,,,,,0,0,0,0,0
p4804,0,0,,1,1,1,1,0,0,,,1,0,0,0,0
p4805,1,0.0166666666666667,,2,11,10,1,60,0,8,0.02631579,0.5,1,1,1,0.0165293019512106
p4806,1,0.0166666666666667,,2,8,7,2,100.5,0.04373185,6,0.02631579,1,0,0,0,0.0165293019512106
p4807,1,0.0166666666666667,,2,10,9,1,150,0,9,0.02631579,0.5,0,0,0,0.0165293019512106
p4808,1,0.0166666666666667,,2,8,8,2,246,0.31783805,8,0.02631579,1,0,0,0,0.0165293019512106
p4809,0,0,,1,6,6,0,,,,,0,1,0,0,0
p481,1,0.0166666666666667,,2,12,9,1,150,0,9,0.02631579,0.5,1,1,1,0.0165293019512106
p4810,2,0.0333333333333333,52.2333333333333,2,8,7,2,375,0.5,33,0.039473685,1,1,1,1,0.0327898228229909
p4811,3,0.05,24.3916666666667,3,62,54,3,445,0.333333333333333,38.6666666666667,0.0526315783333333,1,1,0,0,0.048790164169432
p4812,0,0,,1,1,1,1,3,0.0959165,,,1,0,0,0,0
p4813,1,0.0166666666666667,,2,17,14,2,264.5,0.283261,14,0.02631579,1,1,1,1,0.0165293019512106
p4814,3,0.05,21.0666666666667,4,105,49,4,512,0.037304235,33.3333333333333,0.0526315783333333,1,0,0,0,0.048790164169432
p4816,0,0,,1,1,1,1,8,0.36744246,,,1,1,1,0,0
p4817,3,0.05,16.675,4,95,43,3,360,0,31,0.0526315783333333,0.75,0,0,0,0.048790164169432
p4818,1,0.0166666666666667,,2,10,9,1,150,0,8,0.02631579,0.5,0,0,0,0.0165293019512106
p4819,1,0.0166666666666667,,2,9,7,2,170.5,0.29775625,6,0.02631579,1,1,1,1,0.0165293019512106
p4820,1,0.0166666666666667,,2,9,8,1,150,0,7,0.02631579,0.5,0,0,0,0.0165293019512106
p4821,1,0.0166666666666667,,2,14,10,1,150,0,9,0.02631579,0.5,0,0,0,0.0165293019512106
p4822,1,0.0166666666666667,,2,10,8,2,245.5,0.217962115,7,0.02631579,1,0,0,0,0.0165293019512106
p4824,3,0.05,17.25,4,85,40,3,475,0,28,0.0526315783333333,0.75,1,1,1,0.048790164169432
p4825,1,0.0166666666666667,,1,1,1,1,150,1,5,0.02631579,1,0,0,0,0.0165293019512106
p4826,1,0.0166666666666667,,2,12,10,1,150,0,10,0.02631579,0.5,1,1,1,0.0165293019512106
p4827,3,0.05,15.9666666666667,3,69,48,3,385,0.333333333333333,38,0.0526315783333333,1,1,1,1,0.048790164169432
p4828,1,0.0166666666666667,,2,9,8,1,150,0,8,0.02631579,0.5,0,0,0,0.0165293019512106
p4829,1,0.0166666666666667,,2,8,7,1,150,0,7,0.02631579,0.5,0,0,0,0.0165293019512106
p483,3,0.05,18.7666666666667,4,94,44,3,475,0,30.3333333333333,0.0526315783333333,0.75,1,0,0,0.048790164169432
p4830,1,0.0166666666666667,,2,17,16,2,216,0.24728805,16,0.02631579,1,1,1,1,0.0165293019512106
p4831,1,0.0166666666666667,,2,21,20,1,140,0,17,0.02631579,0.5,1,1,1,0.0165293019512106
p4832,0,0,,1,1,1,1,64.65625,0.15684184,,,1,1,1,1,0
p4833,1,0.0166666666666667,,2,11,9,1,150,0,8,0.02631579,0.5,1,0,0,0.0165293019512106
p4834,3,0.05,17.6,4,98,45,4,476.25,9.590447e-05,32,0.0526315783333333,1,1,1,1,0.048790164169432
p4835,3,0.05,19.925,4,100,47,4,423.75,0.0404615175,32.6666666666667,0.0526315783333333,1,1,1,1,0.048790164169432
p4836,0,0,,1,0,0,1,61.0625,0.27174205,,,1,0,0,0,0
p4837,1,0.0166666666666667,,2,17,14,2,204,0.2860948,13,0.02631579,1,1,1,0,0.0165293019512106
p4838,1,0.0166666666666667,,2,7,7,2,145.5,0.0413214525,7,0.02631579,1,1,1,1,0.0165293019512106
p4839,3,0.05,16.85,4,78,38,4,557.25,0.101023725,26,0.0526315783333333,1,1,1,1,0.048790164169432
p484,1,0.0166666666666667,,2,23,21,2,195.5,0.12649104,20,0.02631579,1,0,0,0,0.0165293019512106
p4840,2,0.0333333333333333,17.3666666666667,3,60,38,2,90,0,28.5,0.013157895,0.666666666666667,1,1,1,0.0327898228229909
p4841,1,0.0166666666666667,,3,80,43,2,21,0,41.3333333333333,0.02631579,0.666666666666667,1,1,1,0.0165293019512106
p4842,3,0.05,23.2583333333333,4,126,58,3,475,0,40.6666666666667,0.0526315783333333,0.75,1,1,0,0.048790164169432
p4843,1,0.0166666666666667,,2,10,8,1,60,0,7,0.02631579,0.5,0,0,0,0.0165293019512106
p4844,1,0.0166666666666667,,2,11,10,2,151,0.003719927,9,0.02631579,1,0,0,0,0.0165293019512106
p4845,2,0.0333333333333333,38.1,2,9,8,2,375,0.5,27,0.039473685,1,1,1,0,0.0327898228229909
p4846,1,0.0166666666666667,,2,12,11,1,150,0,11,0.02631579,0.5,0,0,0,0.0165293019512106
p4847,2,0.0333333333333333,49.1166666666667,3,67,58,2,330,0,32.5,0.039473685,0.666666666666667,1,1,1,0.0327898228229909
p4848,1,0.0166666666666667,,1,1,1,1,150,1,7,0.02631579,1,0,0,0,0.0165293019512106
p4849,1,0.0166666666666667,,2,10,8,2,168,0.13913725,8,0.02631579,1,1,1,1,0.0165293019512106
p485,1,0.0166666666666667,,2,25,17,1,150,0,16,0.02631579,0.5,1,1,1,0.0165293019512106
p4850,1,0.0166666666666667,,2,12,11,2,158.5,0.148397175,10,0.02631579,1,0,0,0,0.0165293019512106
p4851,1,0.0166666666666667,,2,12,10,1,150,0,10,0.02631579,0.5,1,1,0,0.0165293019512106
p4852,1,0.0166666666666667,,2,12,11,1,150,0,10,0.02631579,0.5,1,1,1,0.0165293019512106
p4853,1,0.0166666666666667,,2,15,13,1,150,0,12,0.02631579,0.5,0,0,0,0.0165293019512106
p4854,1,0.0166666666666667,,2,15,13,1,150,0,12,0.02631579,0.5,1,1,1,0.0165293019512106
p4855,1,0.0166666666666667,,2,15,13,1,15,,13,0,0.5,1,1,1,0.0165293019512106
p4856,3,0.05,21.7833333333333,3,24,14,3,158,0.0674226533333333,24.6666666666667,0.0526315783333333,1,0,0,0,0.048790164169432
p4858,1,0.0166666666666667,,2,12,10,1,150,0,10,0.02631579,0.5,1,1,1,0.0165293019512106
p4859,1,0.0166666666666667,,2,8,7,2,150,0,6,0.02631579,1,0,0,0,0.0165293019512106
p486,1,0.0166666666666667,,2,22,21,1,150,0,21,0.02631579,0.5,1,1,1,0.0165293019512106
p4860,1,0.0166666666666667,,2,37,36,1,150,0,35,0.02631579,0.5,0,0,0,0.0165293019512106
p4861,1,0.0166666666666667,,2,12,11,2,94.5,0.2885304,10,0.02631579,1,1,1,1,0.0165293019512106
p4862,2,0.0333333333333333,16.85,3,28,21,3,256.333333333333,0.0674544766666667,14.5,0.039473685,1,1,1,1,0.0327898228229909
p4863,3,0.05,24.3916666666667,4,118,57,3,475,0,38.6666666666667,0.0526315783333333,0.75,1,1,1,0.048790164169432
p4864,1,0.0166666666666667,,1,2,2,1,150,1,13,0.02631579,1,1,1,0,0.0165293019512106
p4865,1,0.0166666666666667,,2,12,10,2,248.5,0.23448,9,0.02631579,1,1,1,1,0.0165293019512106
p4866,1,0.0166666666666667,,2,10,9,2,203.5,0.109287025,8,0.02631579,1,0,0,0,0.0165293019512106
p4868,1,0.0166666666666667,,2,9,8,2,316,0.42082835,8,0.02631579,1,0,0,0,0.0165293019512106
p4869,1,0.0166666666666667,,2,10,10,2,79,0.09590433,8,0.02631579,1,0,0,0,0.0165293019512106
p487,1,0.0166666666666667,,2,12,11,1,15,,9,0,0.5,0,0,0,0.0165293019512106
p4870,2,0.0333333333333333,9.06666666666667,3,30,19,3,160,0.005566526,14.5,0.02631579,1,0,0,0,0.0327898228229909
p4871,1,0.0166666666666667,,2,19,16,1,150,0,15,0.02631579,0.5,0,0,0,0.0165293019512106
p4872,1,0.0166666666666667,,2,10,8,2,231,0.39300905,7,0.02631579,1,1,1,1,0.0165293019512106
p4873,1,0.0166666666666667,,2,16,14,2,195.5,0.209397315,13,0.02631579,1,0,0,0,0.0165293019512106
p4874,3,0.05,26.15,3,64,56,2,375,0,40,0.0526315783333333,0.666666666666667,1,1,1,0.048790164169432
p4875,1,0.0166666666666667,,2,9,8,1,150,0,6,0.02631579,0.5,1,1,1,0.0165293019512106
p4876,1,0.0166666666666667,,2,7,7,1,150,0,6,0.02631579,0.5,1,1,1,0.0165293019512106
p4877,3,0.05,21.5416666666667,3,57,49,3,500,0.000567588733333333,34,0.0526315783333333,1,1,1,1,0.048790164169432
p4878,1,0.0166666666666667,,2,12,10,2,190,0.092906235,9,0.02631579,1,1,1,1,0.0165293019512106
p4879,3,0.05,20.9166666666667,4,110,50,3,375,0,35.3333333333333,0.0526315783333333,0.75,1,0,0,0.048790164169432
p488,2,0.0333333333333333,40.3166666666667,3,61,50,2,292.5,0,29,0.039473685,0.666666666666667,1,1,1,0.0327898228229909
p4880,1,0.0166666666666667,,3,21,13,4,93.5625,0.241906765666667,13,0.02631579,1.33333333333333,0,0,0,0.0165293019512106
p4881,1,0.0166666666666667,,2,72,42,1,150,0,41,0.02631579,0.5,1,1,1,0.0165293019512106
p4882,3,0.05,24.7916666666667,4,117,57,4,487.5,0.00058323105,38.6666666666667,0.0526315783333333,1,1,1,0,0.048790164169432
p4883,1,0.0166666666666667,,2,6,5,2,190.5,0.240840435,5,0.02631579,1,1,0,0,0.0165293019512106
p4884,1,0.0166666666666667,,2,11,9,1,150,0,9,0.02631579,0.5,0,0,0,0.0165293019512106
p4885,1,0.0166666666666667,,2,10,9,2,245.5,0.383125215,9,0.02631579,1,0,0,0,0.0165293019512106
p4886,1,0.0166666666666667,,1,2,2,1,150,1,10,0.02631579,1,1,1,1,0.0165293019512106
p4887,1,0.0166666666666667,,2,15,14,1,150,0,12,0.02631579,0.5,1,1,0,0.0165293019512106
p4888,2,0.0333333333333333,49.2333333333333,2,9,8,2,375,0.5,31,0.039473685,1,0,0,0,0.0327898228229909
p4889,1,0.0166666666666667,,2,7,6,1,150,0,5,0.02631579,0.5,0,0,0,0.0165293019512106
p489,1,0.0166666666666667,,2,20,15,1,150,0,14,0.02631579,0.5,1,1,1,0.0165293019512106
p4890,3,0.05,21.9333333333333,3,56,48,3,475,0.333333333333333,34.3333333333333,0.0526315783333333,1,1,1,1,0.048790164169432
p4891,1,0.0166666666666667,,2,11,10,1,150,0,10,0.02631579,0.5,1,1,1,0.0165293019512106
p4892,1,0.0166666666666667,,1,0,0,1,150,1,6,0.02631579,1,1,1,1,0.0165293019512106
p4893,1,0.0166666666666667,,2,10,10,1,150,0,10,0.02631579,0.5,0,0,0,0.0165293019512106
p4894,1,0.0166666666666667,,1,3,3,1,150,1,9,0.02631579,1,1,1,1,0.0165293019512106
p4896,1,0.0166666666666667,,2,12,11,1,150,0,10,0.02631579,0.5,1,1,1,0.0165293019512106
p4897,1,0.0166666666666667,,2,10,9,1,150,0,8,0.02631579,0.5,0,0,0,0.0165293019512106
p4898,0,0,,1,3,3,1,10,0.29349077,,,1,1,1,1,0
p4899,1,0.0166666666666667,,2,11,9,1,150,0,9,0.02631579,0.5,1,1,1,0.0165293019512106
p490,1,0.0166666666666667,,1,2,2,1,150,1,10,0.02631579,1,0,0,0,0.0165293019512106
p4900,2,0.0333333333333333,43.85,2,5,5,2,330,0.5,27,0.039473685,1,1,1,1,0.0327898228229909
p4901,1,0.0166666666666667,,1,1,1,1,135,1,9,0.02631579,1,0,0,0,0.0165293019512106
p4902,2,0.0333333333333333,47.1333333333333,2,9,8,2,330,0.5,30.5,0.039473685,1,1,1,1,0.0327898228229909
p4903,1,0.0166666666666667,,2,13,10,1,150,0,9,0.02631579,0.5,1,1,1,0.0165293019512106
p4904,1,0.0166666666666667,,2,15,13,1,150,0,13,0.02631579,0.5,1,1,0,0.0165293019512106
p4905,1,0.0166666666666667,,1,1,1,1,150,1,7,0.02631579,1,1,1,1,0.0165293019512106
p4906,1,0.0166666666666667,,2,7,6,2,150,6.783493e-05,6,0.02631579,1,0,0,0,0.0165293019512106
p4908,1,0.0166666666666667,,2,7,6,2,164,0.06385701,6,0.02631579,1,0,0,0,0.0165293019512106
p4909,1,0.0166666666666667,,2,13,11,1,150,0,11,0.02631579,0.5,0,0,0,0.0165293019512106
p4910,1,0.0166666666666667,,2,8,7,2,160.5,0.23810762,7,0.02631579,1,0,0,0,0.0165293019512106
p4911,1,0.0166666666666667,,2,18,15,1,50,0,14,0.02631579,0.5,0,0,0,0.0165293019512106
p4912,1,0.0166666666666667,,2,13,10,2,157.5,0.19722903,9,0.02631579,1,1,1,1,0.0165293019512106
p4913,1,0.0166666666666667,,2,17,16,1,150,0,16,0.02631579,0.5,1,1,1,0.0165293019512106
p4915,2,0.0333333333333333,46.1166666666667,2,8,7,2,350,0.5,29,0.039473685,1,1,1,1,0.0327898228229909
p4916,2,0.0333333333333333,41.95,2,6,5,2,375,0.5,26,0.039473685,1,0,0,0,0.0327898228229909
p4917,3,0.05,26.1583333333333,3,66,57,2,375,0,41,0.0526315783333333,0.666666666666667,1,0,0,0.048790164169432
p4918,29,0.483333333333333,1.2547619047619,6,151.280000000001,41,6,3877.49888533333,0.0366657574074074,22.551724137931,0.129561403322221,1,0,0,0,0.394291807510039
p4919,0,0,,1,1,1,0,,,,,0,0,0,0,0
p492,3,0.05,20.4666666666667,4,97,47,3,365,0,31.6666666666667,0.0526315783333333,0.75,1,1,1,0.048790164169432
p4920,1,0.0166666666666667,,2,12,11,2,75.5,0.0196624825,10,0.02631579,1,1,1,1,0.0165293019512106
p4922,1,0.0166666666666667,,2,12,12,2,165.5,0.045209745,11,0.02631579,1,0,0,0,0.0165293019512106
p4923,1,0.0166666666666667,,2,10,8,2,249.5,0.30699425,8,0.02631579,1,1,1,1,0.0165293019512106
p4924,1,0.0166666666666667,,2,11,10,2,191,0.168562025,9,0.02631579,1,0,0,0,0.0165293019512106
p4925,2,0.0333333333333333,41,2,12,9,2,375,0.5,28.5,0.039473685,1,1,1,1,0.0327898228229909
p4926,1,0.0166666666666667,,2,9,8,1,150,0,8,0.02631579,0.5,0,0,0,0.0165293019512106
p4927,1,0.0166666666666667,,1,1,1,1,150,1,11,0.02631579,1,0,0,0,0.0165293019512106
p4928,1,0.0166666666666667,,2,13,11,1,150,0,10,0.02631579,0.5,0,0,0,0.0165293019512106
p4929,3,0.05,19.2416666666667,3,49,42,3,475,0.333333333333333,30.6666666666667,0.0526315783333333,1,0,0,0,0.048790164169432
p493,1,0.0166666666666667,,1,1,1,1,150,1,6,0.02631579,1,0,0,0,0.0165293019512106
p4930,1,0.0166666666666667,,2,15,12,1,150,0,11,0.02631579,0.5,1,1,1,0.0165293019512106
p4931,1,0.0166666666666667,,2,8,7,1,150,0,6,0.02631579,0.5,1,1,1,0.0165293019512106
p4932,1,0.0166666666666667,,2,21,19,1,150,0,18,0.02631579,0.5,1,1,1,0.0165293019512106
p4933,2,0.0333333333333333,20.2333333333333,3,37,19,3,91.5,0.066399565,22,0.02631579,1,1,1,1,0.0327898228229909
p4934,1,0.0166666666666667,,2,9,8,1,150,0,8,0.02631579,0.5,0,0,0,0.0165293019512106
p4935,1,0.0166666666666667,,2,8,6,1,150,0,6,0.02631579,0.5,0,0,0,0.0165293019512106
p4936,1,0.0166666666666667,,3,16,10,3,58,0.21076502,9,0.02631579,1,0,0,0,0.0165293019512106
p4937,2,0.0333333333333333,46.2166666666667,2,8,8,2,375,0.5,31,0.039473685,1,1,1,0,0.0327898228229909
p4938,0,0,,1,2,2,1,4,0.2650173,,,1,1,1,0,0
p4939,3,0.05,22.5083333333333,3,55,49,3,325,0.333333333333333,35,0.0526315783333333,1,1,1,1,0.048790164169432
p494,1,0.0166666666666667,,2,12,10,2,189,0.24713464,9,0.02631579,1,1,1,1,0.0165293019512106
p4940,2,0.0333333333333333,44.9666666666667,3,59,52,2,375,0,28.5,0.039473685,0.666666666666667,1,1,1,0.0327898228229909
p4941,3,0.05,22.0583333333333,4,105,51,3,385,0,34.3333333333333,0.0526315783333333,0.75,1,0,0,0.048790164169432
p4942,1,0.0166666666666667,,2,6,4,2,81,0.162521,4.9225,0.02631579,1,0,0,0,0.0165293019512106
p4943,1,0.0166666666666667,,2,18,15,1,150,0,10,0.02631579,0.5,0,0,0,0.0165293019512106
p4944,1,0.0166666666666667,,2,9,8,2,197.5,0.11533951,7,0.02631579,1,1,1,1,0.0165293019512106
p4945,1,0.0166666666666667,,2,15,13,1,150,0,12,0.02631579,0.5,1,1,1,0.0165293019512106
p4946,1,0.0166666666666667,,1,0,0,1,150,1,6,0.02631579,1,0,0,0,0.0165293019512106
p4947,1,0.0166666666666667,,2,22,21,1,150,0,21,0.02631579,0.5,0,0,0,0.0165293019512106
p4948,1,0.0166666666666667,,2,13,11,1,150,0,10,0.02631579,0.5,1,1,1,0.0165293019512106
p4949,0,0,,1,1,1,1,4,0.13537551,,,1,0,0,0,0
p495,1,0.0166666666666667,,2,24,16,2,179,0.3483855,15,0.02631579,1,1,1,1,0.0165293019512106
p4950,3,0.05,23.0333333333333,4,123,57,3,475,0,39,0.0526315783333333,0.75,0,0,0,0.048790164169432
p4951,1,0.0166666666666667,,2,25,22,2,206,0.150993035,19,0.02631579,1,1,1,1,0.0165293019512106
p4952,2,0.0333333333333333,47.1,3,68,57,2,330,0,33.5,0.039473685,0.666666666666667,0,0,0,0.0327898228229909
p4953,1,0.0166666666666667,,2,9,8,1,150,0,8,0.02631579,0.5,1,1,1,0.0165293019512106
p4954,1,0.0166666666666667,,2,7,6,2,191.5,0.136965485,6,0.02631579,1,0,0,0,0.0165293019512106
p4955,1,0.0166666666666667,,2,12,10,1,150,0,10,0.02631579,0.5,1,1,1,0.0165293019512106
p4956,1,0.0166666666666667,,2,8,8,2,150,0,7,0.02631579,1,1,1,1,0.0165293019512106
p4957,1,0.0166666666666667,,1,1,1,1,150,1,6,0.02631579,1,0,0,0,0.0165293019512106
p4958,2,0.0333333333333333,46.2833333333333,3,63,55,2,337.5,0,30,0.039473685,0.666666666666667,1,1,1,0.0327898228229909
p496,3,0.05,17.15,3,45,38,3,475,0.333333333333333,27.3333333333333,0.0526315783333333,1,1,0,0,0.048790164169432
p4960,1,0.0166666666666667,,2,8,7,2,168.5,0.0539087875,6,0.02631579,1,0,0,0,0.0165293019512106
p4962,1,0.0166666666666667,,2,10,9,2,116,0.035593122,9,0.02631579,1,0,0,0,0.0165293019512106
p4963,2,0.0333333333333333,15.5333333333333,3,54,34,3,6.33333333333333,0.0690019566666667,25,0.013157895,1,0,0,0,0.0327898228229909
p4964,2,0.0333333333333333,49.1666666666667,3,65,57,2,375,0,31.5,0.039473685,0.666666666666667,1,1,1,0.0327898228229909
p4965,3,0.05,23.1333333333333,4,109,52,3,475,0,36,0.0526315783333333,0.75,1,0,0,0.048790164169432
p4966,2,0.0333333333333333,43.4333333333333,2,11,9,2,375,0.5,29.5,0.039473685,1,1,1,1,0.0327898228229909
p4967,1,0.0166666666666667,,2,9,8,2,44,0.0451569,7,0.02631579,1,0,0,0,0.0165293019512106
p4968,2,0.0333333333333333,10.2333333333333,3,38,24,2,90,0,18,0.013157895,0.666666666666667,1,1,1,0.0327898228229909
p4969,1,0.0166666666666667,,2,13,11,1,150,0,10,0.02631579,0.5,0,0,0,0.0165293019512106
p497,3,0.05,18.175,4,67,42,4,265.5,0.05188258,22,0.0526315783333333,1,0,0,0,0.048790164169432
p4971,0,0,,1,1,1,1,15,0.47117618,,,1,0,0,0,0
p4972,1,0.0166666666666667,,2,7,6,2,191,0.26288075,6,0.02631579,1,0,0,0,0.0165293019512106
p4973,1,0.0166666666666667,,2,10,9,1,150,0,9,0.02631579,0.5,1,1,1,0.0165293019512106
p4974,1,0.0166666666666667,,2,13,12,1,85,0,11,0.02631579,0.5,1,1,1,0.0165293019512106
p4975,1,0.0166666666666667,,2,8,8,1,60,0,8,0.02631579,0.5,1,1,1,0.0165293019512106
p4976,2,0.0333333333333333,31.6666666666667,3,44,37,2,250,0,20.5,0.039473685,0.666666666666667,1,1,0,0.0327898228229909
p4977,1,0.0166666666666667,,3,12,9,2,261.5,0.3580347,9,0.02631579,0.666666666666667,0,0,0,0.0165293019512106
p4978,1,0.0166666666666667,,2,13,12,2,214.5,0.144477325,11,0.02631579,1,1,1,1,0.0165293019512106
p4979,1,0.0166666666666667,,2,9,8,1,150,0,7,0.02631579,0.5,1,0,0,0.0165293019512106
p498,2,0.0333333333333333,41.9166666666667,2,13,11,1,150,0,32,0.039473685,0.5,1,0,0,0.0327898228229909
p4980,1,0.0166666666666667,,1,1,1,1,150,1,7,0.02631579,1,1,1,1,0.0165293019512106
p4982,1,0.0166666666666667,,1,2,2,1,150,1,7,0.02631579,1,0,0,0,0.0165293019512106
p4983,2,0.0333333333333333,51.55,3,67,59,2,375,0,32.5,0.039473685,0.666666666666667,1,1,0,0.0327898228229909
p4984,1,0.0166666666666667,,1,0,0,1,15,1,6,0,1,1,1,0,0.0165293019512106
p4985,1,0.0166666666666667,,2,11,8,2,96.5,0.8855773,7,0,1,1,1,1,0.0165293019512106
p4986,1,0.0166666666666667,,2,12,10,1,150,0,9,0.02631579,0.5,0,0,0,0.0165293019512106
p4987,1,0.0166666666666667,,2,16,11,2,203,0.2720001,11,0.02631579,1,1,1,1,0.0165293019512106
p4988,1,0.0166666666666667,,2,2,1,1,150,1,10,0.02631579,0.5,0,0,0,0.0165293019512106
p4989,1,0.0166666666666667,,2,32,21,1,60,0,20,0.02631579,0.5,1,1,0,0.0165293019512106
p499,1,0.0166666666666667,,2,9,7,2,178.5,0.070270115,7,0.02631579,1,0,0,0,0.0165293019512106
p4990,1,0.0166666666666667,,1,2,2,1,150,1,12,0.02631579,1,1,1,1,0.0165293019512106
p4991,3,0.05,24.9333333333333,4,117,57,3,475,0,38.3333333333333,0.0526315783333333,0.75,1,0,0,0.048790164169432
p4992,1,0.0166666666666667,,2,14,12,2,208,0.116244325,11,0.02631579,1,0,0,0,0.0165293019512106
p4993,3,0.05,23.6,4,127,59,3,475,0,38.6666666666667,0.0526315783333333,0.75,1,1,1,0.048790164169432
p4994,1,0.0166666666666667,,2,5,5,1,150,0,5,0.02631579,0.5,1,1,1,0.0165293019512106
p4995,1,0.0166666666666667,,2,14,13,1,150,0,12,0.02631579,0.5,1,1,1,0.0165293019512106
p4996,2,0.0333333333333333,22.85,4,49,27,4,154.25,0.333333333333333,20.5,0.039473685,1,1,1,1,0.0327898228229909
p4997,3,0.05,25.3333333333333,3,65,56,3,475,0.333333333333333,40,0.0526315783333333,1,1,1,1,0.048790164169432
p4998,2,0.0333333333333333,9.6,3,25,17,2,90,0,12,0.013157895,0.666666666666667,1,1,1,0.0327898228229909
p4999,1,0.0166666666666667,,2,9,8,1,150,0,7,0.02631579,0.5,0,0,0,0.0165293019512106
p5,1,0.0166666666666667,,2,11,10,1,150,0,9,0.02631579,0.5,1,1,0,0.0165293019512106
p50,1,0.0166666666666667,,2,15,13,1,0,0,11,0.02631579,0.5,1,1,1,0.0165293019512106
p500,3,0.05,18.8083333333333,3,49,41,3,475,0.333333333333333,30.3333333333333,0.0526315783333333,1,1,1,1,0.048790164169432
p5000,1,0.0166666666666667,,2,10,9,1,150,0,8,0.02631579,0.5,0,0,0,0.0165293019512106
p5001,1,0.0166666666666667,,2,26,21,1,60,0,19,0.02631579,0.5,1,1,1,0.0165293019512106
p5002,1,0.0166666666666667,,2,18,16,2,185.5,0.23140615,16,0.02631579,1,0,0,0,0.0165293019512106
p5003,1,0.0166666666666667,,2,25,17,2,206,0.1412116,16,0.02631579,1,1,0,0,0.0165293019512106
p5004,3,0.05,21.4333333333333,4,107,51,4,530,0.024262134,34.6666666666667,0.0526315783333333,1,1,0,0,0.048790164169432
p5005,2,0.0333333333333333,41.9333333333333,3,58,50,3,456.666666666667,0.0324467633333333,28,0.039473685,1,1,1,1,0.0327898228229909
p5006,1,0.0166666666666667,,2,19,15,1,150,0,14,0.02631579,0.5,1,1,1,0.0165293019512106
p5007,1,0.0166666666666667,,2,6,6,2,159,0.010356851,6,0.02631579,1,0,0,0,0.0165293019512106
p5008,1,0.0166666666666667,,2,7,6,1,150,0,6,0.02631579,0.5,0,0,0,0.0165293019512106
p5009,1,0.0166666666666667,,2,19,16,1,15,,12,0,0.5,1,1,1,0.0165293019512106
p5010,1,0.0166666666666667,,2,13,11,1,60,0,9,0.02631579,0.5,0,0,0,0.0165293019512106
p5011,2,0.0333333333333333,7.41666666666667,3,29,17,2,90,0,13,0.013157895,0.666666666666667,1,1,1,0.0327898228229909
p5012,1,0.0166666666666667,,1,12,12,1,150,1,20,0.02631579,1,1,1,0,0.0165293019512106
p5013,1,0.0166666666666667,,1,2,2,1,150,1,23,0.02631579,1,1,1,1,0.0165293019512106
p5014,3,0.05,23.5416666666667,4,118,55,3,441.666666666667,0,37.6666666666667,0.0526315783333333,0.75,1,0,0,0.048790164169432
p5015,3,0.05,21.7083333333333,4,106,50,3,458.333333333333,0,35,0.0526315783333333,0.75,1,1,0,0.048790164169432
p5016,2,0.0333333333333333,43.65,2,14,11,2,330,0.5,32,0.039473685,1,1,1,1,0.0327898228229909
p5017,1,0.0166666666666667,,2,11,9,1,150,0,9,0.02631579,0.5,0,0,0,0.0165293019512106
p5019,1,0.0166666666666667,,2,8,7,1,150,0,7,0.02631579,0.5,0,0,0,0.0165293019512106
p502,2,0.0333333333333333,47.3666666666667,2,13,10,2,375,0.5,33,0.039473685,1,1,0,0,0.0327898228229909
p5020,2,0.0333333333333333,31.35,2,10,8,2,350,0.5,22.5,0.039473685,1,0,0,0,0.0327898228229909
p5021,1,0.0166666666666667,,2,8,7,2,256.5,0.30565285,6,0.02631579,1,1,0,0,0.0165293019512106
p5022,1,0.0166666666666667,,2,9,8,1,150,0,7,0.02631579,0.5,1,1,1,0.0165293019512106
p5023,1,0.0166666666666667,,2,43,36,1,150,0,33,0.02631579,0.5,1,0,0,0.0165293019512106
p5024,0,0,,1,1,1,0,,,,,0,1,1,0,0
p5025,1,0.0166666666666667,,2,11,10,1,150,0,9,0.02631579,0.5,0,0,0,0.0165293019512106
p5026,1,0.0166666666666667,,2,8,7,2,163,0.030446572,7,0.02631579,1,0,0,0,0.0165293019512106
p5028,3,0.05,24.2,5,151.280000000001,58,4,401.25,0,37.3333333333333,0.0526315783333333,0.8,1,0,0,0.048790164169432
p5029,1,0.0166666666666667,,2,6,6,2,235.5,0.24508174,6,0.02631579,1,0,0,0,0.0165293019512106
p503,1,0.0166666666666667,,2,8,7,2,171.5,0.039902102,6,0.02631579,1,1,0,0,0.0165293019512106
p5030,1,0.0166666666666667,,3,20,12,3,175.333333333333,0.063142365,7,0.02631579,1,1,1,1,0.0165293019512106
p5031,1,0.0166666666666667,,2,10,9,2,220.5,0.375810535,9,0.02631579,1,1,1,0,0.0165293019512106
p5032,2,0.0333333333333333,47,2,9,8,1,150,0,31.5,0.039473685,0.5,0,0,0,0.0327898228229909
p5033,2,0.0333333333333333,49.0666666666667,2,13,11,1,150,0,34.5,0.039473685,0.5,1,1,1,0.0327898228229909
p5034,9,0.15,6.82083333333333,6,151.280000000001,59,6,8260.32948996292,0,41.3333333333333,0.129561403322221,0.9,0,0,0,0.139761942375159
p5035,2,0.0333333333333333,51.1833333333333,2,10,9,1,110,0,33.5,0.039473685,0.5,1,1,1,0.0327898228229909
p5036,1,0.0166666666666667,,2,12,11,2,150,0.0050531435,10,0.02631579,1,0,0,0,0.0165293019512106
p5037,1,0.0166666666666667,,2,9,8,2,209,0.16443041,7,0.02631579,1,1,1,1,0.0165293019512106
p5038,1,0.0166666666666667,,2,13,11,1,150,0,10,0.02631579,0.5,1,1,1,0.0165293019512106
p5039,1,0.0166666666666667,,2,14,11,1,150,0,11,0.02631579,0.5,0,0,0,0.0165293019512106
p504,1,0.0166666666666667,,2,14,11,3,86.6666666666667,0.194590716666667,11,0.02631579,1.5,1,1,1,0.0165293019512106
p5040,1,0.0166666666666667,,2,14,11,1,150,0,10,0.02631579,0.5,0,0,0,0.0165293019512106
p5041,2,0.0333333333333333,48.3333333333333,3,66,57,2,350,0,31.5,0.039473685,0.666666666666667,0,0,0,0.0327898228229909
p5042,1,0.0166666666666667,,2,17,14,1,150,0,13,0.02631579,0.5,0,0,0,0.0165293019512106
p5043,1,0.0166666666666667,,2,22,17,2,126.5,0.279857575,17,0.02631579,1,1,1,1,0.0165293019512106
p5045,1,0.0166666666666667,,2,12,11,1,10,0,9,0.02631579,0.5,1,1,0,0.0165293019512106
p5046,2,0.0333333333333333,6.83333333333333,2,8,7,2,67.5,1,9.5,0.02631579,1,0,0,0,0.0327898228229909
p5047,3,0.05,16.7083333333333,3,21,12,4,328,0.30097253,19.6666666666667,0.0526315783333333,1.33333333333333,1,1,1,0.048790164169432
p5049,1,0.0166666666666667,,2,10,9,1,150,0,9,0.02631579,0.5,1,1,1,0.0165293019512106
p505,1,0.0166666666666667,,1,2,2,1,15,1,9,0,1,0,0,0,0.0165293019512106
p5051,1,0.0166666666666667,,1,1,1,1,150,1,7,0.02631579,1,0,0,0,0.0165293019512106
p5052,9,0.15,3.875,6,151.280000000001,39,6,1647.222,0,29.8888888888889,0.129561403322221,0.9,0,0,0,0.139761942375159
p5054,1,0.0166666666666667,,2,23,19,2,171.5,0.122765375,15,0.02631579,1,1,0,0,0.0165293019512106
p5055,1,0.0166666666666667,,2,1,1,2,185.5,0.625648915,6,0.02631579,1,1,1,1,0.0165293019512106
p5057,3,0.05,18.675,4,87,42,3,475,0,28.6666666666667,0.0526315783333333,0.75,0,0,0,0.048790164169432
p5058,3,0.05,18.6916666666667,3,51,42,3,475,0.333333333333333,31,0.0526315783333333,1,1,1,0,0.048790164169432
p5059,3,0.05,25.7416666666667,3,72,55,3,475,0.333333333333333,40,0.0526315783333333,1,0,0,0,0.048790164169432
p506,0,0,,1,7,7,0,,,,,0,0,0,0,0
p5060,2,0.0333333333333333,13.9333333333333,3,38,23,4,109.75,0.13582812,20,0.039473685,1.33333333333333,0,0,0,0.0327898228229909
p5063,1,0.0166666666666667,,2,9,8,1,150,0,7,0.02631579,0.5,0,0,0,0.0165293019512106
p5064,1,0.0166666666666667,,2,26,22,2,218,0.23439497,21,0.02631579,1,1,1,1,0.0165293019512106
p5065,1,0.0166666666666667,,1,1,1,1,0,1,6,0.02631579,1,0,0,0,0.0165293019512106
p5066,3,0.05,23.525,4,96,58,4,171.5,0.0703038,31.3333333333333,0.0526315783333333,1,0,0,0,0.048790164169432
p5068,1,0.0166666666666667,,2,10,9,1,150,0,8,0.02631579,0.5,0,0,0,0.0165293019512106
p5069,1,0.0166666666666667,,2,29,27,2,209.5,0.3558279,25,0.02631579,1,0,0,0,0.0165293019512106
p507,2,0.0333333333333333,38.9333333333333,2,9,8,2,375,0.5,26.5,0.039473685,1,1,1,1,0.0327898228229909
p5070,1,0.0166666666666667,,2,11,9,3,193.333333333333,0.266135769333333,8,0.02631579,1.5,1,0,0,0.0165293019512106
p5071,1,0.0166666666666667,,2,17,16,1,15,,15,0,0.5,1,1,0,0.0165293019512106
p5072,1,0.0166666666666667,,1,1,1,1,150,1,11,0.02631579,1,0,0,0,0.0165293019512106
p5073,1,0.0166666666666667,,2,13,11,2,199,0.30897925,10,0.02631579,1,1,1,1,0.0165293019512106
p5074,2,0.0333333333333333,47.25,2,10,9,2,330,0.5,31,0.039473685,1,1,1,1,0.0327898228229909
p5075,1,0.0166666666666667,,2,7,6,2,217,0.173245965,5,0.02631579,1,0,0,0,0.0165293019512106
p5076,1,0.0166666666666667,,2,10,9,2,210,0.2090031,8,0.02631579,1,0,0,0,0.0165293019512106
p5077,1,0.0166666666666667,,2,7,6,1,150,0,5,0.02631579,0.5,0,0,0,0.0165293019512106
p5078,2,0.0333333333333333,9.18333333333333,3,45,26,2,90,0,19.5,0.013157895,0.666666666666667,0,0,0,0.0327898228229909
p5079,1,0.0166666666666667,,2,10,9,2,125,0.0006128963,8,0.02631579,1,1,1,1,0.0165293019512106
p508,1,0.0166666666666667,,1,1,1,1,150,1,6,0.02631579,1,1,1,1,0.0165293019512106
p5080,1,0.0166666666666667,,2,22,18,1,150,0,10,0.02631579,0.5,0,0,0,0.0165293019512106
p5081,1,0.0166666666666667,,2,27,21,2,179,0.038590845,18,0.02631579,1,1,1,0,0.0165293019512106
p5082,2,0.0333333333333333,45.8666666666667,2,14,13,2,330,0.5,34,0.039473685,1,0,0,0,0.0327898228229909
p5083,1,0.0166666666666667,,2,11,10,2,261,0.3016134,10,0.02631579,1,1,1,0,0.0165293019512106
p5084,3,0.05,18.7083333333333,3,55,44,2,375,0,32.6666666666667,0.0526315783333333,0.666666666666667,0,0,0,0.048790164169432
p5085,1,0.0166666666666667,,2,16,12,2,254.5,0.3260242,11,0.02631579,1,0,0,0,0.0165293019512106
p5086,2,0.0333333333333333,37.5166666666667,2,6,5,2,375,0.5,23.5,0.039473685,1,0,0,0,0.0327898228229909
p5087,1,0.0166666666666667,,2,19,16,2,261,0.305904985,15,0.02631579,1,0,0,0,0.0165293019512106
p5088,1,0.0166666666666667,,1,1,1,1,150,1,6,0.02631579,1,0,0,0,0.0165293019512106
p509,2,0.0333333333333333,27.6166666666667,3,67,38,2,90,0,20.5,0.013157895,0.666666666666667,0,0,0,0.0327898228229909
p5090,3,0.05,22.4,4,111,53,3,400,0,35.3333333333333,0.0526315783333333,0.75,0,0,0,0.048790164169432
p5091,3,0.05,24.65,4,126,59,3,475,0,40.6666666666667,0.0526315783333333,0.75,0,0,0,0.048790164169432
p5092,1,0.0166666666666667,,2,20,14,2,295,0.40365435,14,0.02631579,1,1,1,1,0.0165293019512106
p5094,1,0.0166666666666667,,2,13,11,2,162,0.020380675,10,0.02631579,1,0,0,0,0.0165293019512106
p5095,3,0.05,22.6666666666667,4,109,52,3,385,0,35.3333333333333,0.0526315783333333,0.75,0,0,0,0.048790164169432
p5096,1,0.0166666666666667,,2,9,8,2,245,0.2517863,7,0.02631579,1,0,0,0,0.0165293019512106
p5097,1,0.0166666666666667,,2,16,15,1,150,0,15,0.02631579,0.5,1,1,1,0.0165293019512106
p5098,1,0.0166666666666667,,2,7,6,1,150,0,5,0.02631579,0.5,0,0,0,0.0165293019512106
p5099,3,0.05,21.6,4,114,53,3,441.666666666667,0,37.6666666666667,0.0526315783333333,0.75,0,0,0,0.048790164169432
p51,1,0.0166666666666667,,2,18,15,1,150,0,14,0.02631579,0.5,1,1,1,0.0165293019512106
p510,3,0.05,23.925,3,58,51,3,475,0.333333333333333,36,0.0526315783333333,1,0,0,0,0.048790164169432
p5100,1,0.0166666666666667,,2,10,9,1,60,0,8,0.02631579,0.5,1,0,0,0.0165293019512106
p5101,2,0.0333333333333333,46.6333333333333,2,14,10,1,150,0,33,0.039473685,0.5,1,1,1,0.0327898228229909
p5103,1,0.0166666666666667,,2,12,10,1,150,0,9,0.02631579,0.5,1,0,0,0.0165293019512106
p5104,1,0.0166666666666667,,2,8,7,2,212,0.17512144,6,0.02631579,1,1,1,1,0.0165293019512106
p5105,1,0.0166666666666667,,2,10,9,1,150,0,9,0.02631579,0.5,1,0,0,0.0165293019512106
p5106,1,0.0166666666666667,,2,10,9,1,150,0,8,0.02631579,0.5,0,0,0,0.0165293019512106
p5107,2,0.0333333333333333,9.01666666666667,4,39,17,4,159.5,0.01826553,12.5,0.02631579,1,1,1,0,0.0327898228229909
p5108,1,0.0166666666666667,,1,1,1,1,135,1,7,0.02631579,1,1,1,1,0.0165293019512106
p5109,0,0,,1,1,1,1,0,0.09860231,,,1,0,0,0,0
p511,1,0.0166666666666667,,1,2,2,1,150,1,7,0.02631579,1,1,1,1,0.0165293019512106
p5110,1,0.0166666666666667,,2,15,10,1,150,0,9,0.02631579,0.5,1,1,1,0.0165293019512106
p5111,1,0.0166666666666667,,1,2,2,1,150,1,17,0.02631579,1,1,0,0,0.0165293019512106
p5112,1,0.0166666666666667,,2,7,6,2,150,0.008272562,5,0.02631579,1,1,1,1,0.0165293019512106
p5113,2,0.0333333333333333,8.9,3,34,20,3,158.333333333333,0,15.5,0.02631579,1,0,0,0,0.0327898228229909
p5114,1,0.0166666666666667,,2,15,15,2,199.5,0.11501632,14,0.02631579,1,0,0,0,0.0165293019512106
p5115,1,0.0166666666666667,,2,8,7,1,150,0,7,0.02631579,0.5,1,1,1,0.0165293019512106
p5116,2,0.0333333333333333,7.4,2,9,8,2,157.5,1,10.5,0.02631579,1,0,0,0,0.0327898228229909
p5117,1,0.0166666666666667,,2,68,57,1,150,0,41.3333333333333,0.02631579,0.5,1,1,1,0.0165293019512106
p5118,1,0.0166666666666667,,2,10,9,1,150,0,8,0.02631579,0.5,1,1,1,0.0165293019512106
p5119,0,0,,1,0,0,1,1161,0.56282574,,,1,1,1,0,0
p512,1,0.0166666666666667,,2,7,7,1,150,0,6,0.02631579,0.5,1,1,1,0.0165293019512106
p5120,37,0.616666666666667,1.48935185185185,6,151.280000000001,59,6,7737.70397297297,0,32.1621621621622,0.129561403322221,0.973684210526316,0,0,0,0.480366416281282
p5121,1,0.0166666666666667,,2,11,10,1,60,0,8,0.02631579,0.5,0,0,0,0.0165293019512106
p5122,1,0.0166666666666667,,2,11,9,2,194,0.13685237,8,0.02631579,1,0,0,0,0.0165293019512106
p5123,1,0.0166666666666667,,2,101,57,1,150,0,41.3333333333333,0.02631579,0.5,1,1,1,0.0165293019512106
p5125,1,0.0166666666666667,,1,1,1,1,150,1,15,0.02631579,1,0,0,0,0.0165293019512106
p5126,2,0.0333333333333333,52.7166666666667,2,8,7,1,150,0,32.5,0.039473685,0.5,0,0,0,0.0327898228229909
p5127,1,0.0166666666666667,,1,1,1,1,150,1,6,0.02631579,1,0,0,0,0.0165293019512106
p5128,1,0.0166666666666667,,2,8,6,2,206.5,0.2826432,6,0.02631579,1,0,0,0,0.0165293019512106
p5129,1,0.0166666666666667,,2,10,9,2,100.5,0.111849965,9,0.02631579,1,0,0,0,0.0165293019512106
p5130,2,0.0333333333333333,12.4166666666667,3,39,24,2,157.5,0,16,0.02631579,0.666666666666667,1,1,0,0.0327898228229909
p5131,1,0.0166666666666667,,2,7,6,2,185,0.091721855,6,0.02631579,1,0,0,0,0.0165293019512106
p5133,3,0.05,25.925,4,125,59,3,415,0,41,0.0526315783333333,0.75,1,1,1,0.048790164169432
p5134,1,0.0166666666666667,,2,18,15,1,150,0,14,0.02631579,0.5,0,0,0,0.0165293019512106
p5135,3,0.05,17.1666666666667,4,89,42,3,441.666666666667,0,28.6666666666667,0.0526315783333333,0.75,1,1,1,0.048790164169432
p5136,0,0,,1,2,2,0,,,,,0,0,0,0,0
p5137,0,0,,1,0,0,1,23,0.6477397,,,1,0,0,0,0
p5138,1,0.0166666666666667,,2,14,11,2,326.5,0.4864498,10,0.02631579,1,1,1,1,0.0165293019512106
p5139,1,0.0166666666666667,,2,10,9,1,150,0,9,0.02631579,0.5,1,1,1,0.0165293019512106
p514,1,0.0166666666666667,,2,9,8,2,136,0.186425135,7,0.02631579,1,1,1,1,0.0165293019512106
p5140,1,0.0166666666666667,,1,0,0,1,150,1,5,0.02631579,1,0,0,0,0.0165293019512106
p5141,2,0.0333333333333333,39.55,3,57,47,3,450,0,27,0.039473685,1,1,1,1,0.0327898228229909
p5142,3,0.05,24.4666666666667,4,116,56,3,475,0,38.6666666666667,0.0526315783333333,0.75,1,1,1,0.048790164169432
p5143,0,0,,1,1,1,1,0,0.017022746,,,1,1,1,1,0
p5144,0,0,,1,1,1,0,,,,,0,0,0,0,0
p5145,2,0.0333333333333333,38.5166666666667,3,61,48,2,375,0,28,0.039473685,0.666666666666667,0,0,0,0.0327898228229909
p5146,1,0.0166666666666667,,2,20,19,2,161,0.026497045,19,0.02631579,1,0,0,0,0.0165293019512106
p5149,1,0.0166666666666667,,2,9,9,2,256.5,0.23980814,9,0.02631579,1,1,1,1,0.0165293019512106
p515,1,0.0166666666666667,,2,11,9,1,150,0,9,0.02631579,0.5,1,1,0,0.0165293019512106
p5150,1,0.0166666666666667,,2,23,18,1,150,0,17,0.02631579,0.5,0,0,0,0.0165293019512106
p5151,1,0.0166666666666667,,2,13,12,1,150,0,12,0.02631579,0.5,1,1,0,0.0165293019512106
p5152,1,0.0166666666666667,,2,9,8,2,201,0.116765695,8,0.02631579,1,0,0,0,0.0165293019512106
p5153,1,0.0166666666666667,,1,4,4,1,150,1,11,0.02631579,1,0,0,0,0.0165293019512106
p5154,1,0.0166666666666667,,2,18,13,1,135,0,12,0.02631579,0.5,0,0,0,0.0165293019512106
p5157,0,0,,1,0,0,1,0,0.029693425,,,1,0,0,0,0
p5158,1,0.0166666666666667,,2,10,9,2,212,0.32383515,9,0.02631579,1,1,1,1,0.0165293019512106
p5159,1,0.0166666666666667,,2,9,8,2,200.5,0.10670984,7,0.02631579,1,0,0,0,0.0165293019512106
p516,3,0.05,19.825,4,94,45,3,475,0,30.3333333333333,0.0526315783333333,0.75,1,1,1,0.048790164169432
p5161,1,0.0166666666666667,,2,9,8,2,186,0.41128528,7,0.02631579,1,0,0,0,0.0165293019512106
p5162,0,0,,1,1,1,2,8.5,0.210487355,,,2,0,0,0,0
p5163,1,0.0166666666666667,,2,10,8,2,190,0.071081935,8,0.02631579,1,0,0,0,0.0165293019512106
p5164,2,0.0333333333333333,41.0333333333333,3,54,47,2,360,0,26.5,0.039473685,0.666666666666667,0,0,0,0.0327898228229909
p5165,1,0.0166666666666667,,1,1,1,1,150,1,8,0.02631579,1,0,0,0,0.0165293019512106
p5166,1,0.0166666666666667,,2,17,16,1,150,0,12,0.02631579,0.5,0,0,0,0.0165293019512106
p5167,1,0.0166666666666667,,2,11,9,1,150,0,8,0.02631579,0.5,1,1,1,0.0165293019512106
p5168,0,0,,1,3,3,1,12.75,0.9064085,,,1,0,0,0,0
p517,0,0,,1,2,2,0,,,,,0,1,1,1,0
p5170,0,0,,1,2,2,1,1,0.09739498,,,1,0,0,0,0
p5171,3,0.05,17.0833333333333,4,83,39,3,475,0,27,0.0526315783333333,0.75,1,1,1,0.048790164169432
p5172,1,0.0166666666666667,,2,9,7,2,178,0.094297915,6,0.02631579,1,1,1,1,0.0165293019512106
p5173,1,0.0166666666666667,,1,1,1,1,150,1,14,0.02631579,1,0,0,0,0.0165293019512106
p5174,1,0.0166666666666667,,1,2,2,1,150,1,8,0.02631579,1,0,0,0,0.0165293019512106
p5175,1,0.0166666666666667,,2,52,50,1,150,0,17,0.02631579,0.5,1,1,1,0.0165293019512106
p5176,1,0.0166666666666667,,2,11,10,2,223.5,0.20412585,9,0.02631579,1,1,1,1,0.0165293019512106
p5178,2,0.0333333333333333,21.5166666666667,5,72,28,5,146.9,0.296305913333333,17,0.02631579,1,1,0,0,0.0327898228229909
p5179,1,0.0166666666666667,,2,6,5,2,206,0.173370615,5,0.02631579,1,0,0,0,0.0165293019512106
p518,1,0.0166666666666667,,2,18,14,1,150,0,13,0.02631579,0.5,0,0,0,0.0165293019512106
p5180,0,0,,1,2,2,0,,,,,0,1,0,0,0
p5181,1,0.0166666666666667,,2,12,11,1,150,0,10,0.02631579,0.5,1,1,1,0.0165293019512106
p5182,1,0.0166666666666667,,2,10,8,2,240,0.23166795,8,0.02631579,1,0,0,0,0.0165293019512106
p5183,1,0.0166666666666667,,2,11,10,2,226.5,0.177691965,9,0.02631579,1,1,0,0,0.0165293019512106
p5184,1,0.0166666666666667,,2,10,9,1,150,0,9,0.02631579,0.5,0,0,0,0.0165293019512106
p5185,1,0.0166666666666667,,2,17,11,2,178,0.17874746,11,0.02631579,1,0,0,0,0.0165293019512106
p5186,2,0.0333333333333333,19.6666666666667,2,7,6,2,491.200135,0.5,16,0.039473685,1,0,0,0,0.0327898228229909
p5187,3,0.05,20.2333333333333,4,101,48,3,475,0,33,0.0526315783333333,0.75,1,1,1,0.048790164169432
p5188,3,0.05,24.275,4,116,55,3,475,0,37.3333333333333,0.0526315783333333,0.75,1,1,1,0.048790164169432
p5189,3,0.05,21.4333333333333,4,104,49,3,475,0,34,0.0526315783333333,0.75,1,1,1,0.048790164169432
p5190,0,0,,1,1,1,1,7,0.3102116,,,1,0,0,0,0
p5191,25,0.416666666666667,2.24861111111111,6,151.280000000001,59,6,1420.9996928,0,28.92,0.129561403322221,0.961538461538461,1,1,0,0.348306694268216
p5192,0,0,,1,0,0,0,,,,,0,1,1,1,0
p5194,1,0.0166666666666667,,2,15,12,1,150,0,12,0.02631579,0.5,0,0,0,0.0165293019512106
p5195,1,0.0166666666666667,,2,19,14,1,150,0,14,0.02631579,0.5,1,1,1,0.0165293019512106
p5197,1,0.0166666666666667,,2,29,27,1,150,0,12,0.02631579,0.5,1,1,1,0.0165293019512106
p5198,3,0.05,20.9416666666667,3,49,43,2,277.5,0,31.6666666666667,0.0526315783333333,0.666666666666667,1,1,1,0.048790164169432
p5199,1,0.0166666666666667,,2,9,8,2,195.5,0.15617381,7,0.02631579,1,1,1,1,0.0165293019512106
p52,2,0.0333333333333333,14.2,2,28,28,1,15,0,33.5,0.013157895,0.5,1,1,1,0.0327898228229909
p520,1,0.0166666666666667,,2,33,21,2,154,0.0135673135,20,0.02631579,1,1,1,0,0.0165293019512106
p5200,0,0,,1,0,0,1,380.25,0.16442598,,,1,1,1,1,0
p5201,1,0.0166666666666667,,2,14,12,1,150,0,10,0.02631579,0.5,1,1,1,0.0165293019512106
p5202,0,0,,1,4,4,1,8260.32948996292,0.21059978,,,1,0,0,0,0
p5203,1,0.0166666666666667,,2,27,20,1,150,0,15,0.02631579,0.5,0,0,0,0.0165293019512106
p5204,1,0.0166666666666667,,2,6,6,2,226.5,0.16107294,6,0.02631579,1,0,0,0,0.0165293019512106
p5206,2,0.0333333333333333,50.8,2,8,7,1,150,0,31.5,0.039473685,0.5,1,1,1,0.0327898228229909
p5207,1,0.0166666666666667,,2,10,9,1,150,0,9,0.02631579,0.5,0,0,0,0.0165293019512106
p5208,3,0.05,19.9666666666667,4,48,23,4,425.25,0.0786950075,16,0.0526315783333333,1,0,0,0,0.048790164169432
p5209,1,0.0166666666666667,,2,17,13,1,150,0,13,0.02631579,0.5,0,0,0,0.0165293019512106
p521,1,0.0166666666666667,,1,4,4,1,150,1,9,0.02631579,1,0,0,0,0.0165293019512106
p5210,12,0.2,2.16212121212121,6,105,22,6,8260.32948996292,0.166666666666667,9.16666666666667,0.129561403322221,1,0,0,0,0.182321556793955
p5212,1,0.0166666666666667,,1,3,3,1,150,1,19,0.02631579,1,1,1,1,0.0165293019512106
p5213,3,0.05,24.6916666666667,4,116,57,3,441.666666666667,0,38,0.0526315783333333,0.75,1,1,1,0.048790164169432
p5214,2,0.0333333333333333,51.95,3,65,59,2,375,0,32,0.039473685,0.666666666666667,0,0,0,0.0327898228229909
p5215,1,0.0166666666666667,,2,6,5,2,162,0.01238752,5,0.02631579,1,0,0,0,0.0165293019512106
p5216,0,0,,1,0,0,1,19,0.4219043,,,1,0,0,0,0
p5217,2,0.0333333333333333,47.9333333333333,2,12,9,2,375,0.5,32,0.039473685,1,0,0,0,0.0327898228229909
p5218,3,0.05,24.625,4,123,58,3,365,0,39.3333333333333,0.0526315783333333,0.75,1,1,1,0.048790164169432
p5219,1,0.0166666666666667,,2,12,10,2,211,0.14781046,9,0.02631579,1,0,0,0,0.0165293019512106
p522,1,0.0166666666666667,,2,12,11,1,150,0,10,0.02631579,0.5,1,1,1,0.0165293019512106
p5220,1,0.0166666666666667,,2,35,32,1,150,0,30,0.02631579,0.5,1,1,1,0.0165293019512106
p5221,2,0.0333333333333333,16.0166666666667,3,27,20,3,249,0.0871057666666667,14,0.039473685,1,1,1,0,0.0327898228229909
p5222,2,0.0333333333333333,49.85,2,8,7,2,375,0.5,31,0.039473685,1,0,0,0,0.0327898228229909
p5223,1,0.0166666666666667,,2,9,8,2,170,0.0254895465,7,0.02631579,1,1,1,1,0.0165293019512106
p5224,3,0.05,21.8583333333333,4,104,50,3,475,0,34.3333333333333,0.0526315783333333,0.75,1,1,1,0.048790164169432
p5225,3,0.05,18.9583333333333,4,96,45,3,475,0,30.6666666666667,0.0526315783333333,0.75,0,0,0,0.048790164169432
p5226,3,0.05,25.5583333333333,4,125,59,3,475,0,41,0.0526315783333333,0.75,0,0,0,0.048790164169432
p5227,2,0.0333333333333333,23.7,2,6,4,2,375,0.5,16,0.039473685,1,1,1,1,0.0327898228229909
p5228,1,0.0166666666666667,,2,10,9,1,150,0,9,0.02631579,0.5,1,1,1,0.0165293019512106
p5229,3,0.05,25.9416666666667,4,122,58,3,475,0,40,0.0526315783333333,0.75,1,1,1,0.048790164169432
p523,1,0.0166666666666667,,2,10,7,1,150,0,7,0.02631579,0.5,1,0,0,0.0165293019512106
p5230,3,0.05,19.95,4,98,47,3,475,0,31,0.0526315783333333,0.75,1,1,0,0.048790164169432
p5231,2,0.0333333333333333,45.4,2,8,7,2,285,0.5,29.5,0.039473685,1,0,0,0,0.0327898228229909
p5232,1,0.0166666666666667,,1,2,2,1,150,1,6,0.02631579,1,1,1,1,0.0165293019512106
p5233,1,0.0166666666666667,,2,10,10,2,189,0.12560466,8,0.02631579,1,0,0,0,0.0165293019512106
p5234,1,0.0166666666666667,,2,12,11,1,150,0,11,0.02631579,0.5,1,1,1,0.0165293019512106
p5235,0,0,,1,28,28,1,0,0.50538796,,,1,1,1,1,0
p5236,1,0.0166666666666667,,2,14,12,2,157,0.125585585,11,0.02631579,1,0,0,0,0.0165293019512106
p5237,1,0.0166666666666667,,2,10,10,1,150,0,9,0.02631579,0.5,0,0,0,0.0165293019512106
p5238,1,0.0166666666666667,,1,1,1,1,150,1,8,0.02631579,1,0,0,0,0.0165293019512106
p5239,1,0.0166666666666667,,2,11,9,1,85,0,8,0.02631579,0.5,0,0,0,0.0165293019512106
p524,1,0.0166666666666667,,2,7,7,2,153.5,0.027737852,6,0.02631579,1,1,1,1,0.0165293019512106
p5240,1,0.0166666666666667,,2,36,34,2,35,0,33,0.02631579,1,0,0,0,0.0165293019512106
p5241,3,0.05,18.6583333333333,4,92,45,3,475,0,29.3333333333333,0.0526315783333333,0.75,0,0,0,0.048790164169432
p5242,1,0.0166666666666667,,2,15,13,1,135,0,8,0.02631579,0.5,1,1,1,0.0165293019512106
p5243,1,0.0166666666666667,,2,11,9,1,150,0,8,0.02631579,0.5,1,1,1,0.0165293019512106
p5244,1,0.0166666666666667,,2,17,16,2,125,0.028764462,16,0.02631579,1,0,0,0,0.0165293019512106
p5245,1,0.0166666666666667,,2,8,7,2,150,0.0039080685,7,0.02631579,1,1,1,0,0.0165293019512106
p5247,1,0.0166666666666667,,2,11,10,1,150,0,9,0.02631579,0.5,1,1,1,0.0165293019512106
p5248,1,0.0166666666666667,,2,16,12,1,150,0,11,0.02631579,0.5,1,0,0,0.0165293019512106
p5249,1,0.0166666666666667,,2,10,9,2,182,0.082847485,8,0.02631579,1,0,0,0,0.0165293019512106
p525,1,0.0166666666666667,,2,30,19,1,150,0,17,0.02631579,0.5,1,1,1,0.0165293019512106
p5250,1,0.0166666666666667,,2,10,9,1,150,0,7,0.02631579,0.5,1,1,1,0.0165293019512106
p5251,1,0.0166666666666667,,2,25,20,1,150,0,19,0.02631579,0.5,1,1,1,0.0165293019512106
p5252,1,0.0166666666666667,,2,9,8,1,150,0,8,0.02631579,0.5,1,1,1,0.0165293019512106
p5253,1,0.0166666666666667,,2,8,7,1,150,0,7,0.02631579,0.5,0,0,0,0.0165293019512106
p5254,1,0.0166666666666667,,2,11,9,1,150,0,8,0.02631579,0.5,1,1,1,0.0165293019512106
p5255,1,0.0166666666666667,,2,16,14,1,150,0,13,0.02631579,0.5,1,1,1,0.0165293019512106
p5256,0,0,,1,0,0,1,2,0.1869275,,,1,0,0,0,0
p5257,1,0.0166666666666667,,1,1,1,1,150,1,15,0.02631579,1,0,0,0,0.0165293019512106
p5258,3,0.05,23.3083333333333,4,105,52,4,535.75,0.02956806125,34,0.0526315783333333,1,0,0,0,0.048790164169432
p5259,2,0.0333333333333333,50.65,2,13,12,1,85,0,33.5,0.039473685,0.5,0,0,0,0.0327898228229909
p526,1,0.0166666666666667,,2,25,21,1,150,0,20,0.02631579,0.5,0,0,0,0.0165293019512106
p5260,1,0.0166666666666667,,1,1,1,1,150,1,6,0.02631579,1,0,0,0,0.0165293019512106
p5261,1,0.0166666666666667,,2,11,10,1,150,0,10,0.02631579,0.5,1,1,1,0.0165293019512106
p5263,3,0.05,21.425,4,108,52,3,136.666666666667,0,33.3333333333333,0.0526315783333333,0.75,0,0,0,0.048790164169432
p5264,3,0.05,19.4583333333333,4,96,45,3,475,0,31.3333333333333,0.0526315783333333,0.75,1,1,1,0.048790164169432
p5265,1,0.0166666666666667,,2,14,14,1,150,0,5,0.02631579,0.5,1,1,0,0.0165293019512106
p5266,1,0.0166666666666667,,3,76,56,3,328.666666666667,0.202388633333333,18,0.02631579,1,1,1,1,0.0165293019512106
p5267,1,0.0166666666666667,,1,1,1,1,150,1,7,0.02631579,1,0,0,0,0.0165293019512106
p5268,1,0.0166666666666667,,2,11,10,2,283.5,0.32825925,10,0.02631579,1,0,0,0,0.0165293019512106
p5269,1,0.0166666666666667,,2,18,15,1,150,0,12,0.02631579,0.5,1,1,0,0.0165293019512106
p5270,1,0.0166666666666667,,2,9,8,1,150,0,7,0.02631579,0.5,1,1,0,0.0165293019512106
p5272,1,0.0166666666666667,,2,18,17,1,150,0,11,0.02631579,0.5,1,1,1,0.0165293019512106
p5273,13,0.216666666666667,1.73333333333333,6,151.280000000001,47,6,3085.42821428571,0.0713449335714286,36.5384615384615,0.129561403322221,1,1,1,1,0.19611487892629
p5275,1,0.0166666666666667,,2,22,20,2,15.875,0.28543556,20,0,1,0,0,0,0.0165293019512106
p5276,1,0.0166666666666667,,2,7,7,1,150,0,7,0.02631579,0.5,1,1,1,0.0165293019512106
p5277,1,0.0166666666666667,,2,9,8,2,162,0.10038825,7,0.02631579,1,0,0,0,0.0165293019512106
p5278,1,0.0166666666666667,,2,11,9,1,150,0,9,0.02631579,0.5,1,1,0,0.0165293019512106
p5279,1,0.0166666666666667,,2,8,7,1,150,0,7,0.02631579,0.5,1,1,0,0.0165293019512106
p528,1,0.0166666666666667,,2,14,13,1,15,,12,0,0.5,1,1,1,0.0165293019512106
p5280,1,0.0166666666666667,,2,9,8,1,150,0,7,0.02631579,0.5,1,1,0,0.0165293019512106
p5281,29,0.483333333333333,1.98511904761905,6,151.280000000001,59,6,4703.10315517241,0,40.5862068965517,0.129561403322221,0.966666666666667,1,1,1,0.394291807510039
p5282,2,0.0333333333333333,47.4833333333333,3,64,55,2,375,0,30.5,0.039473685,0.666666666666667,0,0,0,0.0327898228229909
p5284,3,0.05,26.4583333333333,3,64,57,2,202.5,0,40.6666666666667,0.0526315783333333,0.666666666666667,1,1,1,0.048790164169432
p5285,1,0.0166666666666667,,2,6,6,2,236,0.168531685,5,0.02631579,1,0,0,0,0.0165293019512106
p5286,2,0.0333333333333333,5.91666666666667,3,30,17,2,90,0,13,0.013157895,0.666666666666667,1,1,1,0.0327898228229909
p5287,1,0.0166666666666667,,2,26,24,1,150,0,23,0.02631579,0.5,1,1,0,0.0165293019512106
p5288,2,0.0333333333333333,38.4333333333333,1,10,10,2,350,0.5,28,0.039473685,2,1,0,0,0.0327898228229909
p5289,1,0.0166666666666667,,2,15,10,1,150,0,9,0.02631579,0.5,0,0,0,0.0165293019512106
p529,1,0.0166666666666667,,2,8,7,1,150,0,6,0.02631579,0.5,0,0,0,0.0165293019512106
p5290,1,0.0166666666666667,,2,9,8,2,214,0.38175855,7,0.02631579,1,1,0,0,0.0165293019512106
p5292,1,0.0166666666666667,,2,8,7,1,150,0,7,0.02631579,0.5,1,1,0,0.0165293019512106
p5293,2,0.0333333333333333,41.2833333333333,2,13,11,2,250,0.5,29.5,0.039473685,1,0,0,0,0.0327898228229909
p5294,2,0.0333333333333333,45.1,2,11,9,2,375,0.5,30.5,0.039473685,1,0,0,0,0.0327898228229909
p5296,2,0.0333333333333333,52.2166666666667,2,10,9,1,150,0,33,0.039473685,0.5,1,1,1,0.0327898228229909
p5297,3,0.05,16.7083333333333,4,87,43,3,475,0,27,0.0526315783333333,0.75,1,0,0,0.048790164169432
p5298,0,0,,1,1,1,1,216.75,0.92233604,,,1,1,1,1,0
p5299,1,0.0166666666666667,,2,9,8,2,150,0,7,0.02631579,1,0,0,0,0.0165293019512106
p53,1,0.0166666666666667,,2,6,6,2,271,0.302338035,6,0.02631579,1,0,0,0,0.0165293019512106
p530,1,0.0166666666666667,,2,4,4,1,150,0,4.9225,0.02631579,0.5,1,1,1,0.0165293019512106
p5300,1,0.0166666666666667,,2,9,8,2,145,0.197191565,7,0.02631579,1,1,1,1,0.0165293019512106
p5301,2,0.0333333333333333,36.3833333333333,3,48,42,2,375,0,23,0.039473685,0.666666666666667,1,1,1,0.0327898228229909
p5302,1,0.0166666666666667,,2,12,10,2,190,0.239573315,9,0.02631579,1,0,0,0,0.0165293019512106
p5303,3,0.05,21.025,4,106,50,3,475,0,34,0.0526315783333333,0.75,0,0,0,0.048790164169432
p5304,1,0.0166666666666667,,1,3,3,1,150,1,12,0.02631579,1,1,1,1,0.0165293019512106
p5306,1,0.0166666666666667,,2,19,16,1,150,0,13,0.02631579,0.5,1,1,1,0.0165293019512106
p5307,1,0.0166666666666667,,2,11,10,1,150,0,9,0.02631579,0.5,0,0,0,0.0165293019512106
p5308,1,0.0166666666666667,,1,1,1,1,150,1,6,0.02631579,1,0,0,0,0.0165293019512106
p5309,1,0.0166666666666667,,1,0,0,1,150,1,7,0.02631579,1,0,0,0,0.0165293019512106
p531,1,0.0166666666666667,,2,30,21,1,150,0,20,0.02631579,0.5,1,1,1,0.0165293019512106
p5310,2,0.0333333333333333,39.2666666666667,3,57,47,2,375,0,27,0.039473685,0.666666666666667,0,0,0,0.0327898228229909
p5311,35,0.583333333333333,1.53529411764706,6,151.280000000001,56,6,8260.32948996292,0,25.7428571428571,0.129561403322221,0.972222222222222,0,0,0,0.45953232937844
p5312,1,0.0166666666666667,,2,43,41,1,100,0,7,0.02631579,0.5,1,1,1,0.0165293019512106
p5313,1,0.0166666666666667,,2,14,12,2,214.5,0.14969165,11,0.02631579,1,0,0,0,0.0165293019512106
p5314,1,0.0166666666666667,,1,1,1,1,150,1,8,0.02631579,1,1,1,1,0.0165293019512106
p5315,1,0.0166666666666667,,2,21,21,1,150,0,20,0.02631579,0.5,1,1,1,0.0165293019512106
p5316,1,0.0166666666666667,,2,23,14,2,150,0.162151785,14,0.02631579,1,1,1,0,0.0165293019512106
p5317,1,0.0166666666666667,,1,0,0,1,150,1,5,0.02631579,1,1,1,1,0.0165293019512106
p5318,3,0.05,23.3,4,84,51,4,316,0.1530145,28.6666666666667,0.0526315783333333,1,1,1,1,0.048790164169432
p532,1,0.0166666666666667,,2,12,9,1,150,0,9,0.02631579,0.5,0,0,0,0.0165293019512106
p5320,1,0.0166666666666667,,2,10,9,1,150,0,8,0.02631579,0.5,1,1,1,0.0165293019512106
p5322,1,0.0166666666666667,,2,25,18,1,150,0,18,0.02631579,0.5,1,1,1,0.0165293019512106
p5324,1,0.0166666666666667,,2,11,10,2,192,0.13388768,10,0.02631579,1,1,1,1,0.0165293019512106
p5325,4,0.0666666666666667,15.7166666666667,5,117,47,4,556.25,0.25,30.5,0.06578947375,0.8,0,0,0,0.0645385211375712
p5327,3,0.05,22.4583333333333,4,108,52,4,525,0,35.6666666666667,0.0526315783333333,1,0,0,0,0.048790164169432
p5328,1,0.0166666666666667,,2,18,16,2,172,0.0743826,11,0.02631579,1,0,0,0,0.0165293019512106
p533,1,0.0166666666666667,,2,17,16,1,150,0,16,0.02631579,0.5,1,1,0,0.0165293019512106
p5330,1,0.0166666666666667,,2,9,7,2,200.5,0.1357189,6,0.02631579,1,1,1,1,0.0165293019512106
p5331,1,0.0166666666666667,,2,14,13,1,150,0,12,0.02631579,0.5,0,0,0,0.0165293019512106
p5332,1,0.0166666666666667,,2,22,17,1,150,0,16,0.02631579,0.5,0,0,0,0.0165293019512106
p5333,2,0.0333333333333333,49.4166666666667,2,8,7,2,375,0.5,31.5,0.039473685,1,0,0,0,0.0327898228229909
p5334,2,0.0333333333333333,35.3666666666667,3,59,43,3,214.333333333333,0.133494433333333,30,0.039473685,1,1,1,1,0.0327898228229909
p5335,1,0.0166666666666667,,2,15,13,2,144.5,0.06527475,9,0.02631579,1,0,0,0,0.0165293019512106
p5336,1,0.0166666666666667,,2,17,14,2,59.625,0.44904357,13,0,1,1,1,1,0.0165293019512106
p5337,3,0.05,20.0583333333333,3,54,45,3,475,0.333333333333333,33,0.0526315783333333,1,1,1,1,0.048790164169432
p5338,1,0.0166666666666667,,2,10,8,2,228,0.172502025,7,0.02631579,1,1,1,1,0.0165293019512106
p5339,2,0.0333333333333333,51.2166666666667,4,118,57,3,475,0,31.5,0.0526315775,0.75,1,1,1,0.0327898228229909
p534,2,0.0333333333333333,47.2,3,63,55,2,375,0,29.5,0.039473685,0.666666666666667,1,1,0,0.0327898228229909
p5340,3,0.05,23.5833333333333,3,58,50,2,375,0,35,0.0526315783333333,0.666666666666667,0,0,0,0.048790164169432
p5342,1,0.0166666666666667,,2,24,19,1,150,0,19,0.02631579,0.5,1,1,1,0.0165293019512106
p5343,1,0.0166666666666667,,2,9,8,2,185,0.041881225,8,0.02631579,1,0,0,0,0.0165293019512106
p5344,2,0.0333333333333333,47.3,2,8,7,2,375,0.5,29.5,0.039473685,1,1,1,1,0.0327898228229909
p5345,1,0.0166666666666667,,2,24,18,1,150,0,17,0.02631579,0.5,0,0,0,0.0165293019512106
p5346,1,0.0166666666666667,,1,3,3,1,150,1,9,0.02631579,1,0,0,0,0.0165293019512106
p5347,1,0.0166666666666667,,2,11,10,1,150,0,8,0.02631579,0.5,1,1,1,0.0165293019512106
p5348,3,0.05,23.0916666666667,4,122,56,3,441.666666666667,0,38.3333333333333,0.0526315783333333,0.75,1,1,1,0.048790164169432
p535,3,0.05,22.8166666666667,4,107,51,3,375,0,34.6666666666667,0.0526315783333333,0.75,0,0,0,0.048790164169432
p5350,1,0.0166666666666667,,2,9,8,1,150,0,7,0.02631579,0.5,1,1,1,0.0165293019512106
p5353,1,0.0166666666666667,,2,14,13,1,8260.32948996292,0,11,0.02631579,0.5,1,1,1,0.0165293019512106
p5354,0,0,,1,1,1,1,0,0.0010899256,,,1,0,0,0,0
p5355,1,0.0166666666666667,,2,16,13,1,60,0,11,0.02631579,0.5,1,1,1,0.0165293019512106
p5356,1,0.0166666666666667,,2,20,18,2,140.5,0.20210357,18,0.02631579,1,1,1,1,0.0165293019512106
p5357,1,0.0166666666666667,,2,12,11,2,214,0.1809483,11,0.02631579,1,0,0,0,0.0165293019512106
p5358,1,0.0166666666666667,,2,11,10,2,186.5,0.09640979,9,0.02631579,1,1,1,0,0.0165293019512106
p5359,1,0.0166666666666667,,2,10,8,1,150,0,7,0.02631579,0.5,1,1,1,0.0165293019512106
p536,3,0.05,22.825,4,112,53,4,536.25,0.0332791725,36.6666666666667,0.0526315783333333,1,0,0,0,0.048790164169432
p5360,1,0.0166666666666667,,2,8,8,2,200,0.3063675,8,0.02631579,1,0,0,0,0.0165293019512106
p5361,1,0.0166666666666667,,2,8,7,1,110,0,7,0.02631579,0.5,0,0,0,0.0165293019512106
p5362,3,0.05,23.3,4,112,53,3,475,0,35.6666666666667,0.0526315783333333,0.75,1,0,0,0.048790164169432
p5363,1,0.0166666666666667,,2,11,9,1,150,0,8,0.02631579,0.5,1,1,0,0.0165293019512106
p5364,1,0.0166666666666667,,2,10,9,2,150,0,9,0.02631579,1,0,0,0,0.0165293019512106
p5365,1,0.0166666666666667,,2,13,11,1,150,0,10,0.02631579,0.5,1,1,1,0.0165293019512106
p5366,1,0.0166666666666667,,2,10,7,2,261.5,0.2354308,6,0.02631579,1,0,0,0,0.0165293019512106
p5368,1,0.0166666666666667,,2,11,10,1,150,0,9,0.02631579,0.5,1,0,0,0.0165293019512106
p5369,1,0.0166666666666667,,2,14,12,2,152,0.0100582575,11,0.02631579,1,1,1,1,0.0165293019512106
p537,3,0.05,18.3333333333333,4,87,42,4,534.5,0.0406032,28.3333333333333,0.0526315783333333,1,1,1,0,0.048790164169432
p5370,1,0.0166666666666667,,2,11,10,1,150,0,9,0.02631579,0.5,1,0,0,0.0165293019512106
p5371,3,0.05,19.1083333333333,4,100,46,3,475,0,31.6666666666667,0.0526315783333333,0.75,1,0,0,0.048790164169432
p5372,1,0.0166666666666667,,2,23,19,2,16.5,0.108183635,18,0,1,0,0,0,0.0165293019512106
p5373,1,0.0166666666666667,,2,17,14,1,60,0,13,0.02631579,0.5,0,0,0,0.0165293019512106
p5374,3,0.05,22.3666666666667,4,112,52,3,458.333333333333,0,36.3333333333333,0.0526315783333333,0.75,1,1,1,0.048790164169432
p5375,2,0.0333333333333333,6.03333333333333,3,19,12,3,189.583333333333,0.5479718,9,0.02631579,1,0,0,0,0.0327898228229909
p5376,1,0.0166666666666667,,2,6,6,2,112.5,0.14308609,6,0.02631579,1,1,0,0,0.0165293019512106
p5377,1,0.0166666666666667,,2,8,7,2,264.5,0.2888373,7,0.02631579,1,1,1,1,0.0165293019512106
p5378,3,0.05,20.425,4,98,47,3,335,0,32,0.0526315783333333,0.75,1,1,0,0.048790164169432
p5379,10,0.166666666666667,4.98888888888889,6,151.280000000001,52,6,8260.32948996292,0,35.1,0.1131578925,0.909090909090909,1,1,1,0.154150679827258
p5380,1,0.0166666666666667,,2,14,12,1,150,0,12,0.02631579,0.5,1,1,1,0.0165293019512106
p5381,1,0.0166666666666667,,2,10,9,1,150,0,9,0.02631579,0.5,1,1,1,0.0165293019512106
p5382,2,0.0333333333333333,46.35,2,11,9,2,367.5,0.5,31,0.039473685,1,0,0,0,0.0327898228229909
p5383,1,0.0166666666666667,,2,6,6,2,241,0.19768481,6,0.02631579,1,1,1,1,0.0165293019512106
p5384,1,0.0166666666666667,,2,7,6,1,150,0,5,0.02631579,0.5,1,0,0,0.0165293019512106
p5385,36,0.6,1.07666666666667,6,151.280000000001,38,6,8260.32948996292,0.0277777777777778,20.8333333333333,0.129561403322221,1,0,0,0,0.470003629245736
p5386,1,0.0166666666666667,,2,15,14,2,228,0.168619425,14,0.02631579,1,0,0,0,0.0165293019512106
p5387,1,0.0166666666666667,,2,13,11,1,10,0,10,0.02631579,0.5,1,0,0,0.0165293019512106
p5389,1,0.0166666666666667,,2,12,12,2,209.5,0.2854087,11,0.02631579,1,1,1,0,0.0165293019512106
p539,1,0.0166666666666667,,2,13,10,1,150,0,10,0.02631579,0.5,0,0,0,0.0165293019512106
p5390,1,0.0166666666666667,,2,5,5,2,234,0.32408885,5,0.02631579,1,0,0,0,0.0165293019512106
p5391,0,0,,1,1,1,1,18,0.5354693,,,1,0,0,0,0
p5393,1,0.0166666666666667,,3,44,34,3,58,0.030304931,30,0.02631579,1,0,0,0,0.0165293019512106
p5394,3,0.05,17.6666666666667,4,95,42,3,475,0,29.6666666666667,0.0526315783333333,0.75,1,1,0,0.048790164169432
p5395,3,0.05,21.7333333333333,4,102,50,3,433.333333333333,0,33,0.0526315783333333,0.75,1,1,0,0.048790164169432
p5396,1,0.0166666666666667,,2,14,12,1,150,0,11,0.02631579,0.5,0,0,0,0.0165293019512106
p5397,1,0.0166666666666667,,2,9,8,1,150,0,7,0.02631579,0.5,0,0,0,0.0165293019512106
p5398,1,0.0166666666666667,,1,2,2,1,150,1,9,0.02631579,1,0,0,0,0.0165293019512106
p5399,1,0.0166666666666667,,2,10,9,2,150,0,9,0.02631579,1,0,0,0,0.0165293019512106
p54,1,0.0166666666666667,,1,1,1,0,,,10,0.02631579,0,1,1,1,0.0165293019512106
p5400,1,0.0166666666666667,,2,9,8,3,217.666666666667,0.202538356666667,7,0.02631579,1.5,1,0,0,0.0165293019512106
p5401,0,0,,2,2,2,2,3.5,0.105404414,,,1,0,0,0,0
p5402,1,0.0166666666666667,,1,2,2,0,,,7,0.02631579,0,1,1,1,0.0165293019512106
p5403,1,0.0166666666666667,,2,13,11,1,10,0,10,0.02631579,0.5,0,0,0,0.0165293019512106
p5404,3,0.05,19.5833333333333,4,101,47,3,333.333333333333,0,32.3333333333333,0.0526315783333333,0.75,0,0,0,0.048790164169432
p5405,3,0.05,20.0666666666667,4,96,46,3,475,0,31.6666666666667,0.0526315783333333,0.75,0,0,0,0.048790164169432
p5406,0,0,,1,1,1,1,0,0.12075104,,,1,0,0,0,0
p5407,3,0.05,24.4083333333333,3,57,52,3,331.666666666667,0.333333333333333,37,0.0526315783333333,1,0,0,0,0.048790164169432
p5408,1,0.0166666666666667,,2,19,18,1,75,0,15,0.02631579,0.5,0,0,0,0.0165293019512106
p5409,2,0.0333333333333333,41.9333333333333,2,13,9,2,375,0.5,29,0.039473685,1,1,1,1,0.0327898228229909
p541,1,0.0166666666666667,,2,9,8,2,317,0.4693473,8,0.02631579,1,1,1,1,0.0165293019512106
p5410,1,0.0166666666666667,,2,13,10,1,150,0,9,0.02631579,0.5,0,0,0,0.0165293019512106
p5411,0,0,,1,5,5,0,,,,,0,1,1,1,0
p5412,1,0.0166666666666667,,2,6,6,2,193.5,0.09472429,5,0.02631579,1,0,0,0,0.0165293019512106
p5413,1,0.0166666666666667,,2,12,10,2,306,0.442890165,9,0.02631579,1,1,1,1,0.0165293019512106
p5414,3,0.05,21.6833333333333,3,62,50,3,351.666666666667,0.333333333333333,36.3333333333333,0.0526315783333333,1,1,1,0,0.048790164169432
p5415,2,0.0333333333333333,51.8333333333333,3,66,58,2,325,0,31.5,0.039473685,0.666666666666667,0,0,0,0.0327898228229909
p5416,1,0.0166666666666667,,1,0,0,1,150,1,4.9225,0.02631579,1,0,0,0,0.0165293019512106
p5417,1,0.0166666666666667,,2,8,7,2,295,0.39398995,7,0.02631579,1,0,0,0,0.0165293019512106
p5418,1,0.0166666666666667,,2,14,13,2,176.5,0.066393835,13,0.02631579,1,0,0,0,0.0165293019512106
p5419,3,0.05,20.575,4,102,48,3,475,0,33.3333333333333,0.0526315783333333,0.75,0,0,0,0.048790164169432
p542,1,0.0166666666666667,,1,1,1,1,150,1,6,0.02631579,1,0,0,0,0.0165293019512106
p5420,1,0.0166666666666667,,2,8,7,1,150,0,7,0.02631579,0.5,1,1,1,0.0165293019512106
p5421,2,0.0333333333333333,34.45,3,46,40,2,375,0,22.5,0.039473685,0.666666666666667,1,1,1,0.0327898228229909
p5422,3,0.05,21.125,4,104,49,3,475,0,33.6666666666667,0.0526315783333333,0.75,1,1,1,0.048790164169432
p5423,2,0.0333333333333333,51.3,2,9,8,1,150,0,33.5,0.039473685,0.5,0,0,0,0.0327898228229909
p5424,1,0.0166666666666667,,2,14,11,2,275.5,0.34957625,10,0.02631579,1,0,0,0,0.0165293019512106
p5425,1,0.0166666666666667,,1,0,0,1,150,1,9,0.02631579,1,1,1,1,0.0165293019512106
p5426,1,0.0166666666666667,,2,11,10,1,150,0,9,0.02631579,0.5,0,0,0,0.0165293019512106
p5427,1,0.0166666666666667,,2,10,9,1,150,0,8,0.02631579,0.5,1,1,1,0.0165293019512106
p5428,0,0,,2,4,3,1,0,,,,0.5,1,1,0,0
p543,1,0.0166666666666667,,2,18,16,1,60,0,14,0.02631579,0.5,1,1,1,0.0165293019512106
p5430,2,0.0333333333333333,42.75,2,7,6,2,375,0.5,27.5,0.039473685,1,0,0,0,0.0327898228229909
p5431,1,0.0166666666666667,,2,13,12,1,150,0,11,0.02631579,0.5,1,1,1,0.0165293019512106
p5432,1,0.0166666666666667,,2,8,7,1,150,0,7,0.02631579,0.5,1,1,0,0.0165293019512106
p5433,3,0.05,21.6833333333333,4,107,51,3,465,0,35,0.0526315783333333,0.75,1,1,1,0.048790164169432
p5434,1,0.0166666666666667,,2,15,13,1,60,0,10,0.02631579,0.5,1,1,1,0.0165293019512106
p5435,1,0.0166666666666667,,2,10,9,1,150,0,8,0.02631579,0.5,1,0,0,0.0165293019512106
p5436,1,0.0166666666666667,,2,13,11,1,150,0,9,0.02631579,0.5,0,0,0,0.0165293019512106
p5437,1,0.0166666666666667,,2,14,12,2,223,0.16839434,11,0.02631579,1,0,0,0,0.0165293019512106
p5438,0,0,,2,1,1,1,132.75,0.60708094,,,0.5,0,0,0,0
p5439,3,0.05,22.3333333333333,4,108,52,3,428.333333333333,0,35,0.0526315783333333,0.75,0,0,0,0.048790164169432
p544,0,0,,1,2,2,1,5,0.72239184,,,1,1,1,1,0
p5440,1,0.0166666666666667,,1,2,2,1,150,1,9,0.02631579,1,1,1,1,0.0165293019512106
p5442,0,0,,1,2,2,0,,,,,0,0,0,0,0
p5443,1,0.0166666666666667,,2,10,8,1,150,0,7,0.02631579,0.5,0,0,0,0.0165293019512106
p5446,1,0.0166666666666667,,2,17,13,2,193,0.25935337,13,0.02631579,1,1,1,1,0.0165293019512106
p5447,2,0.0333333333333333,42.7666666666667,3,79,58,2,375,0,35.5,0.039473685,0.666666666666667,0,0,0,0.0327898228229909
p5448,1,0.0166666666666667,,2,15,13,1,150,0,11,0.02631579,0.5,1,1,1,0.0165293019512106
p5449,1,0.0166666666666667,,2,8,8,2,157.5,0.014432084,7,0.02631579,1,0,0,0,0.0165293019512106
p545,1,0.0166666666666667,,1,2,2,1,150,1,8,0.02631579,1,1,1,1,0.0165293019512106
p5450,1,0.0166666666666667,,2,8,8,1,150,0,6,0.02631579,0.5,1,1,1,0.0165293019512106
p5451,1,0.0166666666666667,,2,16,12,1,150,0,10,0.02631579,0.5,0,0,0,0.0165293019512106
p5452,1,0.0166666666666667,,2,13,12,1,35,0,10,0.02631579,0.5,0,0,0,0.0165293019512106
p5453,1,0.0166666666666667,,2,1,1,2,208,0.6338842,6,0.02631579,1,0,0,0,0.0165293019512106
p5454,2,0.0333333333333333,36.7333333333333,2,8,7,2,375,0.5,24,0.039473685,1,0,0,0,0.0327898228229909
p5455,2,0.0333333333333333,5.93333333333333,3,27,15,2,90,0,12,0.013157895,0.666666666666667,1,1,1,0.0327898228229909
p5456,0,0,,1,1,1,1,2,0.22198156,,,1,1,1,1,0
p5458,1,0.0166666666666667,,2,7,6,2,140,0.12553431,5,0.02631579,1,0,0,0,0.0165293019512106
p5459,1,0.0166666666666667,,2,8,6,2,159,0.017760755,5,0.02631579,1,1,1,1,0.0165293019512106
p546,1,0.0166666666666667,,2,18,16,1,10,0,14,0.02631579,0.5,0,0,0,0.0165293019512106
p5460,0,0,,1,1,1,1,5,0.110326014,,,1,1,0,0,0
p5461,1,0.0166666666666667,,2,7,7,2,150,0.0009997085,7,0.02631579,1,0,0,0,0.0165293019512106
p5462,0,0,,1,1,1,1,24,0.5038382,,,1,0,0,0,0
p5464,3,0.05,22.25,4,115,54,3,400,0,37,0.0526315783333333,0.75,1,0,0,0.048790164169432
p5465,1,0.0166666666666667,,2,17,15,2,306.5,0.402273325,15,0.02631579,1,0,0,0,0.0165293019512106
p5467,1,0.0166666666666667,,1,1,1,1,150,1,6,0.02631579,1,0,0,0,0.0165293019512106
p5468,1,0.0166666666666667,,2,9,8,2,224.5,0.229797885,7,0.02631579,1,1,0,0,0.0165293019512106
p5469,2,0.0333333333333333,6.95,3,34,20,2,90,0,16,0.013157895,0.666666666666667,1,0,0,0.0327898228229909
p547,1,0.0166666666666667,,2,8,7,2,165,0.0300697685,6,0.02631579,1,1,0,0,0.0165293019512106
p5470,1,0.0166666666666667,,2,15,11,1,150,0,11,0.02631579,0.5,1,1,1,0.0165293019512106
p5471,1,0.0166666666666667,,2,22,20,1,60,0,18,0.02631579,0.5,1,1,1,0.0165293019512106
p5472,2,0.0333333333333333,47.0666666666667,3,64,57,2,375,0,29.5,0.039473685,0.666666666666667,1,1,1,0.0327898228229909
p5473,1,0.0166666666666667,,2,14,12,2,193,0.18111735,11,0.02631579,1,1,1,0,0.0165293019512106
p5475,1,0.0166666666666667,,2,9,8,2,200.5,0.215474965,8,0.02631579,1,1,1,1,0.0165293019512106
p5476,1,0.0166666666666667,,2,4,4,2,307.5,0.4018975,4.9225,0.02631579,1,0,0,0,0.0165293019512106
p5477,1,0.0166666666666667,,2,12,11,1,150,0,10,0.02631579,0.5,0,0,0,0.0165293019512106
p5479,1,0.0166666666666667,,2,9,8,2,218,0.21977485,7,0.02631579,1,1,1,0,0.0165293019512106
p548,1,0.0166666666666667,,2,15,14,1,150,0,13,0.02631579,0.5,1,1,1,0.0165293019512106
p5480,3,0.05,20.4083333333333,4,101,48,3,365,0,32.6666666666667,0.0526315783333333,0.75,1,1,1,0.048790164169432
p5481,1,0.0166666666666667,,2,4,3,2,75,0.5,8,0.02631579,1,0,0,0,0.0165293019512106
p5482,3,0.05,16.9166666666667,4,145,55,3,475,0,41.3333333333333,0.0526315783333333,0.75,0,0,0,0.048790164169432
p5483,1,0.0166666666666667,,2,11,10,2,259,0.30042222,10,0.02631579,1,0,0,0,0.0165293019512106
p5484,1,0.0166666666666667,,2,6,5,2,299,0.4998405,5,0.02631579,1,1,1,1,0.0165293019512106
p5485,1,0.0166666666666667,,2,10,8,1,150,0,8,0.02631579,0.5,0,0,0,0.0165293019512106
p5486,0,0,,1,2,2,1,58,0.34403247,,,1,1,1,1,0
p5487,2,0.0333333333333333,49.5333333333333,2,10,8,2,367.5,0.5,32,0.039473685,1,0,0,0,0.0327898228229909
p5488,3,0.05,21.1916666666667,4,116,52,3,401.666666666667,0,36,0.0526315783333333,0.75,1,1,1,0.048790164169432
p5489,2,0.0333333333333333,45.9666666666667,2,23,19,2,375,0.5,34.5,0.039473685,1,0,0,0,0.0327898228229909
p549,1,0.0166666666666667,,2,19,14,2,8260.32948996292,0.147174465,11,0.02631579,1,0,0,0,0.0165293019512106
p5490,2,0.0333333333333333,40.1,2,8,7,2,285,0.5,27,0.039473685,1,0,0,0,0.0327898228229909
p5491,1,0.0166666666666667,,2,8,7,2,250,0.1757407,6,0.02631579,1,0,0,0,0.0165293019512106
p5492,0,0,,1,1,1,1,0,0,,,1,0,0,0,0
p5493,1,0.0166666666666667,,2,9,8,1,150,0,8,0.02631579,0.5,0,0,0,0.0165293019512106
p5494,1,0.0166666666666667,,2,13,11,1,150,0,10,0.02631579,0.5,0,0,0,0.0165293019512106
p5495,1,0.0166666666666667,,2,10,10,2,175.5,0.05530921,8,0.02631579,1,1,1,1,0.0165293019512106
p5496,1,0.0166666666666667,,2,6,5,1,15,,5,0,0.5,1,0,0,0.0165293019512106
p5497,1,0.0166666666666667,,2,8,7,2,217.5,0.259879,7,0.02631579,1,1,0,0,0.0165293019512106
p5498,1,0.0166666666666667,,2,6,5,2,168,0.06089129,4.9225,0.02631579,1,0,0,0,0.0165293019512106
p5499,0,0,,2,1,1,1,38.25,0.122219265,,,0.5,0,0,0,0
p55,1,0.0166666666666667,,2,17,16,1,150,0,15,0.02631579,0.5,0,0,0,0.0165293019512106
p550,1,0.0166666666666667,,2,8,7,2,257.5,0.25927478,7,0.02631579,1,1,1,1,0.0165293019512106
p5500,2,0.0333333333333333,49.3833333333333,2,8,7,2,375,0.5,31.5,0.039473685,1,0,0,0,0.0327898228229909
p5501,1,0.0166666666666667,,2,40,24,1,0,0,23,0.02631579,0.5,1,1,1,0.0165293019512106
p5502,2,0.0333333333333333,39.0833333333333,2,7,6,2,375,0.5,24.5,0.039473685,1,0,0,0,0.0327898228229909
p5503,1,0.0166666666666667,,2,18,18,2,150.875,0.014008408,13,0.02631579,1,0,0,0,0.0165293019512106
p5504,1,0.0166666666666667,,2,9,8,2,216.5,0.143431485,8,0.02631579,1,0,0,0,0.0165293019512106
p5505,1,0.0166666666666667,,2,19,13,1,60,0,12,0.02631579,0.5,1,1,1,0.0165293019512106
p5506,1,0.0166666666666667,,2,14,13,2,212,0.188891115,13,0.02631579,1,0,0,0,0.0165293019512106
p5507,1,0.0166666666666667,,2,7,7,1,150,0,7,0.02631579,0.5,1,1,1,0.0165293019512106
p5508,0,0,,1,10,10,1,6,0.25527734,,,1,1,1,1,0
p5509,1,0.0166666666666667,,2,32,28,1,150,0,21,0.02631579,0.5,0,0,0,0.0165293019512106
p551,2,0.0333333333333333,6.65,3,30,18,2,90,0,14,0.013157895,0.666666666666667,1,1,1,0.0327898228229909
p5510,1,0.0166666666666667,,1,2,2,1,150,1,6,0.02631579,1,1,1,1,0.0165293019512106
p5511,1,0.0166666666666667,,2,16,14,2,176.5,0.0498879475,13,0.02631579,1,1,1,1,0.0165293019512106
p5512,1,0.0166666666666667,,2,8,7,2,222.5,0.2080928,5,0.02631579,1,1,0,0,0.0165293019512106
p5513,2,0.0333333333333333,47.6166666666667,2,13,11,1,150,0,34,0.039473685,0.5,0,0,0,0.0327898228229909
p5514,3,0.05,6.70833333333333,4,41,20,4,525,0.000241069025,13.3333333333333,0.0526315783333333,1,1,1,1,0.048790164169432
p5515,1,0.0166666666666667,,2,10,9,1,150,0,8,0.02631579,0.5,1,1,1,0.0165293019512106
p5516,1,0.0166666666666667,,2,8,6,2,215,0.150286615,5,0.02631579,1,0,0,0,0.0165293019512106
p5517,1,0.0166666666666667,,2,11,9,2,167.5,0.2729082,8,0.02631579,1,0,0,0,0.0165293019512106
p5518,3,0.05,18.5166666666667,3,48,40,3,475,0.333333333333333,29.6666666666667,0.0526315783333333,1,1,1,1,0.048790164169432
p5519,2,0.0333333333333333,39.75,2,9,8,2,375,0.5,27,0.039473685,1,1,1,1,0.0327898228229909
p5520,2,0.0333333333333333,48.8333333333333,2,7,6,1,150,0,29.5,0.039473685,0.5,1,1,1,0.0327898228229909
p5521,1,0.0166666666666667,,2,9,7,2,162,0.0140206425,6,0.02631579,1,1,1,0,0.0165293019512106
p5522,1,0.0166666666666667,,2,7,6,1,150,0,6,0.02631579,0.5,0,0,0,0.0165293019512106
p5523,3,0.05,18.9916666666667,4,102,47,3,360,0,33.3333333333333,0.0526315783333333,0.75,0,0,0,0.048790164169432
p5525,1,0.0166666666666667,,2,8,7,2,177.5,0.318162175,5,0.02631579,1,1,1,1,0.0165293019512106
p5526,1,0.0166666666666667,,2,13,10,1,150,0,9,0.02631579,0.5,0,0,0,0.0165293019512106
p5527,1,0.0166666666666667,,2,12,11,1,150,0,10,0.02631579,0.5,0,0,0,0.0165293019512106
p5528,1,0.0166666666666667,,2,10,9,1,150,0,8,0.02631579,0.5,1,1,1,0.0165293019512106
p553,1,0.0166666666666667,,2,8,7,2,112.5,0.0492534375,7,0.02631579,1,0,0,0,0.0165293019512106
p5531,2,0.0333333333333333,40.8666666666667,3,58,48,3,450,0.043661032,26.5,0.039473685,1,1,1,1,0.0327898228229909
p5532,3,0.05,19.0916666666667,4,100,46,3,475,0,32.3333333333333,0.0526315783333333,0.75,1,1,0,0.048790164169432
p5533,3,0.05,23.8,3,60,51,3,425,0.333333333333333,37.6666666666667,0.0526315783333333,1,1,1,0,0.048790164169432
p5534,2,0.0333333333333333,49.9,3,67,58,2,375,0,33,0.039473685,0.666666666666667,0,0,0,0.0327898228229909
p5535,3,0.05,20.3083333333333,4,97,47,3,475,0,32,0.0526315783333333,0.75,1,0,0,0.048790164169432
p5536,1,0.0166666666666667,,1,0,0,0,,,16,0.02631579,0,1,1,1,0.0165293019512106
p5537,1,0.0166666666666667,,1,6,6,0,,,23,0.02631579,0,1,1,0,0.0165293019512106
p5539,0,0,,1,1,1,1,2,0.1527913,,,1,0,0,0,0
p554,1,0.0166666666666667,,2,17,15,1,135,0,14,0.02631579,0.5,1,1,0,0.0165293019512106
p5540,1,0.0166666666666667,,1,2,2,1,150,1,6,0.02631579,1,0,0,0,0.0165293019512106
p5541,1,0.0166666666666667,,2,9,7,2,158.5,0.021463465,7,0.02631579,1,0,0,0,0.0165293019512106
p5542,25,0.416666666666667,2.16111111111111,6,151.280000000001,58,6,8260.32948996292,0.108836333333333,26.04,0.129561403322221,1,0,0,0,0.348306694268216
p5543,1,0.0166666666666667,,2,11,9,1,150,0,8,0.02631579,0.5,1,0,0,0.0165293019512106
p5544,2,0.0333333333333333,50.25,3,67,58,2,362.5,0,32.5,0.039473685,0.666666666666667,1,1,0,0.0327898228229909
p5545,1,0.0166666666666667,,2,8,8,2,150,0.0020052075,8,0.02631579,1,1,1,1,0.0165293019512106
p5546,1,0.0166666666666667,,2,13,12,2,118,0.116109325,11,0.02631579,1,0,0,0,0.0165293019512106
p5547,1,0.0166666666666667,,2,17,14,2,85,0.048268235,12,0.02631579,1,1,1,1,0.0165293019512106
p5548,2,0.0333333333333333,34.35,3,46,40,3,459.666666666667,0.12423588,22,0.039473685,1,0,0,0,0.0327898228229909
p5549,0,0,,1,1,1,1,35,0.75445426,,,1,0,0,0,0
p555,1,0.0166666666666667,,2,13,10,1,150,0,9,0.02631579,0.5,0,0,0,0.0165293019512106
p5550,1,0.0166666666666667,,2,10,8,2,211,0.232325285,7,0.02631579,1,1,1,1,0.0165293019512106
p5551,3,0.05,18.1583333333333,4,93,43,3,458.333333333333,0,29.6666666666667,0.0526315783333333,0.75,1,1,0,0.048790164169432
p5552,3,0.05,24.3,4,108,53,3,475,0,36,0.0526315783333333,0.75,0,0,0,0.048790164169432
p5553,1,0.0166666666666667,,1,1,1,1,15,1,12,0,1,0,0,0,0.0165293019512106
p5554,1,0.0166666666666667,,2,11,10,2,161.5,0.031159705,9,0.02631579,1,0,0,0,0.0165293019512106
p5555,1,0.0166666666666667,,2,11,10,2,203,0.15028145,8,0.02631579,1,1,0,0,0.0165293019512106
p5556,0,0,,1,1,1,1,53.8125,0.12874943,,,1,1,1,1,0
p5557,3,0.05,25.4916666666667,3,66,56,2,350,0,41,0.0526315783333333,0.666666666666667,0,0,0,0.048790164169432
p5558,1,0.0166666666666667,,2,9,8,1,150,0,8,0.02631579,0.5,1,0,0,0.0165293019512106
p5559,1,0.0166666666666667,,2,9,8,2,183,0.134862215,8,0.02631579,1,0,0,0,0.0165293019512106
p556,1,0.0166666666666667,,2,11,10,1,150,0,10,0.02631579,0.5,1,1,1,0.0165293019512106
p5560,1,0.0166666666666667,,2,11,8,2,241.5,0.35574177,8,0.02631579,1,1,1,1,0.0165293019512106
p5561,1,0.0166666666666667,,1,1,1,1,50,1,14,0.02631579,1,0,0,0,0.0165293019512106
p5562,3,0.05,4.58333333333333,4,151.280000000001,45,3,160,,40.6666666666667,0.02631579,0.75,1,1,1,0.048790164169432
p5564,3,0.05,22.4333333333333,4,113,53,3,475,0,36,0.0526315783333333,0.75,1,1,1,0.048790164169432
p5566,1,0.0166666666666667,,2,21,18,1,150,0,18,0.02631579,0.5,1,1,0,0.0165293019512106
p5567,3,0.05,22.9833333333333,4,109,53,3,365,0,35.3333333333333,0.0526315783333333,0.75,0,0,0,0.048790164169432
p5569,1,0.0166666666666667,,2,7,6,2,257,0.30891368,5,0.02631579,1,0,0,0,0.0165293019512106
p557,1,0.0166666666666667,,2,13,13,2,173,0.0453961,12,0.02631579,1,1,1,1,0.0165293019512106
p5570,1,0.0166666666666667,,2,18,15,1,0,0,11,0.02631579,0.5,1,1,1,0.0165293019512106
p5571,1,0.0166666666666667,,2,12,10,1,5,0,9,0.02631579,0.5,0,0,0,0.0165293019512106
p5572,1,0.0166666666666667,,1,0,0,1,60,1,5,0.02631579,1,0,0,0,0.0165293019512106
p5573,1,0.0166666666666667,,2,16,14,2,156,0.009073576,13,0.02631579,1,0,0,0,0.0165293019512106
p5574,0,0,,1,2,2,1,18,0.61437017,,,1,1,1,1,0
p5575,3,0.05,22.6583333333333,4,111,52,3,475,0,35.6666666666667,0.0526315783333333,0.75,0,0,0,0.048790164169432
p5576,1,0.0166666666666667,,1,1,1,1,0,1,10,0.02631579,1,0,0,0,0.0165293019512106
p5577,1,0.0166666666666667,,2,11,10,1,150,0,9,0.02631579,0.5,1,1,1,0.0165293019512106
p5578,3,0.05,25.0333333333333,4,123,58,3,475,0,40.3333333333333,0.0526315783333333,0.75,1,1,0,0.048790164169432
p5579,2,0.0333333333333333,6.7,3,27,16,3,195.333333333333,0.168227933333333,12.5,0.013157895,1,1,1,1,0.0327898228229909
p558,1,0.0166666666666667,,2,10,9,1,150,0,8,0.02631579,0.5,1,1,1,0.0165293019512106
p5580,1,0.0166666666666667,,2,11,10,1,150,0,9,0.02631579,0.5,1,0,0,0.0165293019512106
p5581,1,0.0166666666666667,,2,47,41,1,150,0,40,0.02631579,0.5,1,1,0,0.0165293019512106
p5582,1,0.0166666666666667,,2,15,14,1,150,0,13,0.02631579,0.5,1,1,1,0.0165293019512106
p5583,1,0.0166666666666667,,2,10,8,2,178,0.113958185,7,0.02631579,1,0,0,0,0.0165293019512106
p5584,1,0.0166666666666667,,2,14,12,1,150,0,11,0.02631579,0.5,1,1,1,0.0165293019512106
p5585,1,0.0166666666666667,,2,9,7,2,285.5,0.44725442,7,0.02631579,1,0,0,0,0.0165293019512106
p5586,4,0.0666666666666667,2.93888888888889,4,17,8,4,8260.32948996292,0.25,6.25,0.06578947375,1,0,0,0,0.0645385211375712
p5587,1,0.0166666666666667,,2,8,7,2,187.5,0.06905046,6,0.02631579,1,1,0,0,0.0165293019512106
p5588,1,0.0166666666666667,,2,8,7,1,150,0,6,0.02631579,0.5,0,0,0,0.0165293019512106
p5589,0,0,,1,2,2,1,17,0.45790353,,,1,1,1,1,0
p5590,0,0,,1,0,0,1,22,0.44890434,,,1,1,1,1,0
p5591,3,0.05,21,4,106,49,3,458.333333333333,0,34,0.0526315783333333,0.75,1,1,1,0.048790164169432
p5592,3,0.05,21.7166666666667,4,110,51,3,475,0,36,0.0526315783333333,0.75,0,0,0,0.048790164169432
p5593,1,0.0166666666666667,,1,41,41,2,600,0,41,0.05263158,2,1,1,1,0.0165293019512106
p5594,3,0.05,21.4916666666667,4,106,51,3,378.333333333333,0,34,0.0526315783333333,0.75,1,1,1,0.048790164169432
p5595,21,0.35,1.81333333333333,6,151.280000000001,34,6,8260.32948996292,0.0731148013636364,18.2380952380952,0.129561403322221,1.04761904761905,1,1,0,0.300104592450338
p5596,1,0.0166666666666667,,2,4,4,2,253.5,0.3314878,4.9225,0.02631579,1,0,0,0,0.0165293019512106
p5597,1,0.0166666666666667,,2,34,23,1,150,0,20,0.02631579,0.5,0,0,0,0.0165293019512106
p5598,3,0.05,18.475,4,92,44,3,475,0,29.6666666666667,0.0526315783333333,0.75,0,0,0,0.048790164169432
p5599,1,0.0166666666666667,,1,0,0,1,150,1,7,0.02631579,1,0,0,0,0.0165293019512106
p56,3,0.05,23.6583333333333,4,117,56,3,450,0,37.6666666666667,0.0526315783333333,0.75,1,1,0,0.048790164169432
p5600,3,0.05,20.9833333333333,3,22,14,2,90,0,22.6666666666667,0.02631579,0.666666666666667,0,0,0,0.048790164169432
p5601,3,0.05,17.875,4,89,42,3,475,0,29,0.0526315783333333,0.75,1,0,0,0.048790164169432
p5603,1,0.0166666666666667,,2,7,7,2,303,0.406015365,6,0.02631579,1,1,1,0,0.0165293019512106
p5604,1,0.0166666666666667,,2,47,29,1,150,0,24,0.02631579,0.5,1,1,1,0.0165293019512106
p5605,1,0.0166666666666667,,1,1,1,1,150,1,8,0.02631579,1,1,1,1,0.0165293019512106
p5606,1,0.0166666666666667,,2,13,11,2,297.5,0.37109755,9,0.02631579,1,1,1,0,0.0165293019512106
p5607,1,0.0166666666666667,,1,6,6,1,150,1,27,0.02631579,1,1,1,1,0.0165293019512106
p5609,1,0.0166666666666667,,2,14,12,1,150,0,8,0.02631579,0.5,0,0,0,0.0165293019512106
p561,1,0.0166666666666667,,2,11,9,2,177.5,0.10131181,8,0.02631579,1,1,1,0,0.0165293019512106
p5610,1,0.0166666666666667,,2,21,18,1,150,0,16,0.02631579,0.5,0,0,0,0.0165293019512106
p5611,1,0.0166666666666667,,2,10,8,1,150,0,7,0.02631579,0.5,0,0,0,0.0165293019512106
p5612,2,0.0333333333333333,14.4166666666667,3,34,21,4,183.25,0.18913207,16.5,0.039473685,1.33333333333333,1,0,0,0.0327898228229909
p5613,1,0.0166666666666667,,2,15,12,1,150,0,11,0.02631579,0.5,1,1,0,0.0165293019512106
p5614,2,0.0333333333333333,42.9833333333333,2,15,12,2,375,0.5,31.5,0.039473685,1,1,1,1,0.0327898228229909
p5616,1,0.0166666666666667,,2,13,11,2,196,0.07601422,10,0.02631579,1,0,0,0,0.0165293019512106
p5617,1,0.0166666666666667,,1,0,0,1,150,1,7,0.02631579,1,1,1,0,0.0165293019512106
p5618,2,0.0333333333333333,6.8,3,30,18,2,90,0,13.5,0.013157895,0.666666666666667,0,0,0,0.0327898228229909
p562,1,0.0166666666666667,,2,12,9,2,116,0.262958975,7,0.02631579,1,1,1,1,0.0165293019512106
p5620,1,0.0166666666666667,,2,9,8,2,28,0.03199763,7,0.02631579,1,1,1,1,0.0165293019512106
p5621,3,0.05,22.5416666666667,4,109,52,3,475,0,35,0.0526315783333333,0.75,0,0,0,0.048790164169432
p5622,1,0.0166666666666667,,2,6,5,2,162,0.0201200785,4.9225,0.02631579,1,0,0,0,0.0165293019512106
p5623,1,0.0166666666666667,,2,8,7,2,192,0.1908868,7,0.02631579,1,0,0,0,0.0165293019512106
p5624,1,0.0166666666666667,,2,11,9,1,150,0,9,0.02631579,0.5,1,1,1,0.0165293019512106
p5625,1,0.0166666666666667,,2,13,10,1,150,0,10,0.02631579,0.5,1,1,1,0.0165293019512106
p5626,1,0.0166666666666667,,2,16,11,1,150,0,11,0.02631579,0.5,0,0,0,0.0165293019512106
p5627,3,0.05,16.65,4,78,38,3,475,0,25.6666666666667,0.0526315783333333,0.75,1,1,1,0.048790164169432
p5628,2,0.0333333333333333,8.28333333333333,3,36,21,2,90,0,16.5,0.013157895,0.666666666666667,1,1,0,0.0327898228229909
p5629,1,0.0166666666666667,,2,14,13,1,10,0,12,0.02631579,0.5,1,1,1,0.0165293019512106
p563,1,0.0166666666666667,,2,14,11,1,150,0,10,0.02631579,0.5,1,1,1,0.0165293019512106
p5630,1,0.0166666666666667,,2,9,8,2,206,0.22423257,7,0.02631579,1,1,1,1,0.0165293019512106
p5631,1,0.0166666666666667,,2,14,12,1,60,0,10,0.02631579,0.5,0,0,0,0.0165293019512106
p5632,3,0.05,22.75,4,109,52,4,465.75,0.04463959,36,0.0526315783333333,1,0,0,0,0.048790164169432
p5633,3,0.05,19.6166666666667,4,96,46,3,360,0,31.3333333333333,0.0526315783333333,0.75,0,0,0,0.048790164169432
p5634,1,0.0166666666666667,,1,1,1,1,150,1,7,0.02631579,1,1,1,0,0.0165293019512106
p5635,2,0.0333333333333333,32.6833333333333,2,8,7,2,375,0.5,22,0.039473685,1,1,1,1,0.0327898228229909
p5636,1,0.0166666666666667,,2,7,6,2,150,0,6,0.02631579,1,1,1,1,0.0165293019512106
p5637,1,0.0166666666666667,,2,8,7,2,174.5,0.13304396,7,0.02631579,1,1,1,1,0.0165293019512106
p5638,0,0,,1,2,2,1,23,0.48980948,,,1,1,1,1,0
p5639,2,0.0333333333333333,47.3666666666667,2,6,6,2,375,0.5,29,0.039473685,1,1,1,0,0.0327898228229909
p564,2,0.0333333333333333,54.45,3,62,58,2,437.5,0,30,0.0921052625,0.666666666666667,0,0,0,0.0327898228229909
p5640,0,0,,1,1,1,0,,,,,0,0,0,0,0
p5641,3,0.05,25.1,4,117,56,3,475,0,38.3333333333333,0.0526315783333333,0.75,1,1,1,0.048790164169432
p5642,2,0.0333333333333333,34.6666666666667,2,7,6,2,375,0.5,23,0.039473685,1,0,0,0,0.0327898228229909
p5643,1,0.0166666666666667,,2,12,11,1,150,0,10,0.02631579,0.5,1,1,1,0.0165293019512106
p5644,1,0.0166666666666667,,2,9,8,2,88,0.0555163325,7,0.02631579,1,1,1,1,0.0165293019512106
p5645,2,0.0333333333333333,38.8166666666667,2,19,15,2,362.5,0.5,34,0.039473685,1,0,0,0,0.0327898228229909
p5646,2,0.0333333333333333,6.9,3,41,21,2,90,0,16.5,0.013157895,0.666666666666667,1,1,1,0.0327898228229909
p5647,1,0.0166666666666667,,2,9,8,2,245,0.21972595,8,0.02631579,1,1,1,1,0.0165293019512106
p5648,1,0.0166666666666667,,2,12,10,1,150,0,9,0.02631579,0.5,1,1,1,0.0165293019512106
p5649,1,0.0166666666666667,,1,32,32,3,4307,0.397218193333333,32,0.129561403322221,3,1,1,1,0.0165293019512106
p565,1,0.0166666666666667,,1,5,5,1,150,1,16,0.02631579,1,0,0,0,0.0165293019512106
p5650,1,0.0166666666666667,,2,12,11,2,119,0.14828074,9,0.02631579,1,0,0,0,0.0165293019512106
p5651,0,0,,1,2,2,1,24,0.43083885,,,1,0,0,0,0
p5652,1,0.0166666666666667,,2,18,14,1,150,0,14,0.02631579,0.5,0,0,0,0.0165293019512106
p5653,2,0.0333333333333333,9.21666666666667,3,10,8,2,157.5,1,11.5,0.02631579,0.666666666666667,0,0,0,0.0327898228229909
p5655,1,0.0166666666666667,,2,9,8,1,150,0,7,0.02631579,0.5,1,1,1,0.0165293019512106
p5656,2,0.0333333333333333,43.9666666666667,2,7,7,1,135,0,29,0.039473685,0.5,1,1,1,0.0327898228229909
p5657,1,0.0166666666666667,,2,6,5,2,188,0.12668708,5,0.02631579,1,1,1,1,0.0165293019512106
p5658,1,0.0166666666666667,,1,1,1,1,150,1,5,0.02631579,1,0,0,0,0.0165293019512106
p5659,0,0,,1,1,1,1,28,0.82866955,,,1,1,1,1,0
p566,1,0.0166666666666667,,2,3,3,2,202.5,0.70749423,20,0.02631579,1,1,1,0,0.0165293019512106
p5660,1,0.0166666666666667,,2,7,5,2,302,0.4017983,4.9225,0.02631579,1,0,0,0,0.0165293019512106
p5661,3,0.05,24.5833333333333,4,109,55,3,434.166666666667,0,35,0.04385965,0.75,1,1,1,0.048790164169432
p5664,1,0.0166666666666667,,2,14,13,2,153,0.018851634,12,0.02631579,1,0,0,0,0.0165293019512106
p5665,1,0.0166666666666667,,2,13,10,1,150,0,9,0.02631579,0.5,1,1,1,0.0165293019512106
p5666,1,0.0166666666666667,,2,5,5,2,156.5,0.0188379975,5,0.02631579,1,1,1,0,0.0165293019512106
p5667,1,0.0166666666666667,,2,11,10,2,64.5,0.03692197,9,0.02631579,1,0,0,0,0.0165293019512106
p5668,1,0.0166666666666667,,4,56,32,4,194.75,0.00043131257,8,0.02631579,1,0,0,0,0.0165293019512106
p5669,3,0.05,21.2166666666667,3,17,12,4,322,0.301299665,22,0.0526315783333333,1.33333333333333,0,0,0,0.048790164169432
p567,1,0.0166666666666667,,2,11,11,1,60,0,8,0.02631579,0.5,0,0,0,0.0165293019512106
p5670,1,0.0166666666666667,,2,25,20,1,5,0,17,0.02631579,0.5,0,0,0,0.0165293019512106
p5671,1,0.0166666666666667,,2,31,26,1,150,0,25,0.02631579,0.5,1,1,1,0.0165293019512106
p5672,1,0.0166666666666667,,2,9,8,2,308.5,0.3978715,7,0.02631579,1,1,1,0,0.0165293019512106
p5673,1,0.0166666666666667,,1,1,1,1,150,1,7,0.02631579,1,0,0,0,0.0165293019512106
p5674,0,0,,1,8,8,1,1,0.20041321,,,1,0,0,0,0
p5675,1,0.0166666666666667,,2,7,7,1,150,0,7,0.02631579,0.5,0,0,0,0.0165293019512106
p5676,1,0.0166666666666667,,2,13,12,2,156,0,12,0.02631579,1,0,0,0,0.0165293019512106
p5677,2,0.0333333333333333,50.6666666666667,2,10,9,1,150,0,33.5,0.039473685,0.5,0,0,0,0.0327898228229909
p5678,1,0.0166666666666667,,3,21,11,3,90.3333333333333,0.124146285,8,0.02631579,1,0,0,0,0.0165293019512106
p5679,1,0.0166666666666667,,2,11,9,2,239,0.25062875,9,0.02631579,1,1,1,1,0.0165293019512106
p568,1,0.0166666666666667,,2,11,10,1,150,0,8,0.02631579,0.5,1,1,1,0.0165293019512106
p5680,2,0.0333333333333333,52.7333333333333,2,9,8,1,150,0,33,0.039473685,0.5,1,0,0,0.0327898228229909
p5681,1,0.0166666666666667,,2,13,11,1,150,0,10,0.02631579,0.5,0,0,0,0.0165293019512106
p5682,2,0.0333333333333333,23.45,3,16,10,5,267.4,0.133841452,8.5,0.039473685,1.66666666666667,1,1,1,0.0327898228229909
p5683,1,0.0166666666666667,,2,28,23,1,150,0,21,0.02631579,0.5,0,0,0,0.0165293019512106
p5684,1,0.0166666666666667,,2,6,5,2,183,0.10728912,5,0.02631579,1,1,1,1,0.0165293019512106
p5685,1,0.0166666666666667,,3,59,37,3,162,0,14,0.02631579,1,0,0,0,0.0165293019512106
p5686,1,0.0166666666666667,,2,9,8,2,239.5,0.203157485,7,0.02631579,1,1,1,1,0.0165293019512106
p5687,1,0.0166666666666667,,2,24,24,1,60,0,23,0.02631579,0.5,1,0,0,0.0165293019512106
p5688,1,0.0166666666666667,,5,57,19,6,157.083333333333,0.30599132275,8,0.02631579,1.2,1,0,0,0.0165293019512106
p5689,1,0.0166666666666667,,2,9,7,1,150,0,7,0.02631579,0.5,0,0,0,0.0165293019512106
p569,1,0.0166666666666667,,2,7,7,2,165.5,0.0224862265,6,0.02631579,1,1,1,0,0.0165293019512106
p5690,0,0,,1,1,1,1,0,0.007996824,,,1,0,0,0,0
p5691,1,0.0166666666666667,,2,8,7,1,150,0,6,0.02631579,0.5,0,0,0,0.0165293019512106
p5692,1,0.0166666666666667,,2,25,16,1,150,0,16,0.02631579,0.5,0,0,0,0.0165293019512106
p5693,7,0.116666666666667,6.03333333333333,6,99,28,6,8260.32948996292,0.142857142857143,19.5714285714286,0.105263156428571,1,1,1,0,0.110348057168865
p5694,3,0.05,23.0916666666667,4,114,54,3,8260.32948996292,0,37,0.0526315783333333,0.75,1,1,1,0.048790164169432
p5696,1,0.0166666666666667,,2,11,9,2,192.5,0.156356275,8,0.02631579,1,1,1,1,0.0165293019512106
p5697,1,0.0166666666666667,,2,14,11,2,183.5,0.43142763,9,0.02631579,1,1,1,1,0.0165293019512106
p57,3,0.05,25.2333333333333,4,121,58,3,475,0,39.6666666666667,0.0526315783333333,0.75,0,0,0,0.048790164169432
p570,1,0.0166666666666667,,2,13,12,2,220.5,0.40350205,11,0.02631579,1,0,0,0,0.0165293019512106
p5700,1,0.0166666666666667,,1,1,1,1,0,1,10,0.02631579,1,1,1,1,0.0165293019512106
p5701,1,0.0166666666666667,,2,7,6,2,103.5,0.17273061,6,0.02631579,1,0,0,0,0.0165293019512106
p5702,1,0.0166666666666667,,2,11,10,1,150,0,10,0.02631579,0.5,0,0,0,0.0165293019512106
p5703,1,0.0166666666666667,,2,7,7,1,150,0,6,0.02631579,0.5,1,1,1,0.0165293019512106
p5704,1,0.0166666666666667,,2,10,9,1,150,0,8,0.02631579,0.5,0,0,0,0.0165293019512106
p5705,1,0.0166666666666667,,2,9,8,1,60,0,7,0.02631579,0.5,0,0,0,0.0165293019512106
p5706,1,0.0166666666666667,,2,15,12,2,177.5,0.213177485,12,0.02631579,1,0,0,0,0.0165293019512106
p5707,1,0.0166666666666667,,2,18,15,1,150,0,14,0.02631579,0.5,1,1,1,0.0165293019512106
p5708,1,0.0166666666666667,,2,10,8,2,198,0.154774575,7,0.02631579,1,1,1,1,0.0165293019512106
p5709,2,0.0333333333333333,51.2,3,69,59,2,375,0,33,0.039473685,0.666666666666667,0,0,0,0.0327898228229909
p571,1,0.0166666666666667,,1,0,0,1,150,1,8,0.02631579,1,0,0,0,0.0165293019512106
p5710,1,0.0166666666666667,,3,22,11,3,150,0.0089879865,9,0.02631579,1,0,0,0,0.0165293019512106
p5711,2,0.0333333333333333,4.31666666666667,2,9,8,2,90,0.5,10,0.013157895,1,0,0,0,0.0327898228229909
p5712,1,0.0166666666666667,,2,9,8,1,150,0,7,0.02631579,0.5,1,1,1,0.0165293019512106
p5713,1,0.0166666666666667,,2,21,20,1,110,0,6,0.02631579,0.5,0,0,0,0.0165293019512106
p5715,1,0.0166666666666667,,2,11,10,1,150,0,9,0.02631579,0.5,1,1,1,0.0165293019512106
p5716,1,0.0166666666666667,,2,10,9,1,150,0,8,0.02631579,0.5,1,1,1,0.0165293019512106
p5717,2,0.0333333333333333,49.1666666666667,2,14,12,1,150,0,34.5,0.039473685,0.5,0,0,0,0.0327898228229909
p5718,1,0.0166666666666667,,1,1,1,1,150,1,6,0.02631579,1,0,0,0,0.0165293019512106
p572,2,0.0333333333333333,46.3166666666667,2,11,9,2,375,0.5,30.5,0.039473685,1,1,1,0,0.0327898228229909
p5720,0,0,,1,2,2,0,,,,,0,1,1,1,0
p5721,1,0.0166666666666667,,2,19,16,1,100,0,12,0.02631579,0.5,1,1,1,0.0165293019512106
p5723,1,0.0166666666666667,,2,8,7,2,150,0,7,0.02631579,1,1,1,1,0.0165293019512106
p5724,3,0.05,19.875,4,99,46,3,475,0,32,0.0526315783333333,0.75,0,0,0,0.048790164169432
p5725,3,0.05,23.4,4,104,51,3,475,0,34,0.0526315783333333,0.75,1,1,1,0.048790164169432
p5726,3,0.05,21.65,4,101,49,3,475,0,33,0.0526315783333333,0.75,1,0,0,0.048790164169432
p5727,1,0.0166666666666667,,2,10,8,1,150,0,7,0.02631579,0.5,1,1,1,0.0165293019512106
p5728,1,0.0166666666666667,,2,45,27,1,150,0,26,0.02631579,0.5,1,1,0,0.0165293019512106
p5729,1,0.0166666666666667,,2,7,6,2,165.5,0.041476015,6,0.02631579,1,1,1,1,0.0165293019512106
p573,3,0.05,21.15,4,103,49,3,326.666666666667,0,33.3333333333333,0.0526315783333333,0.75,0,0,0,0.048790164169432
p5730,1,0.0166666666666667,,2,14,12,2,195.5,0.06739466,11,0.02631579,1,0,0,0,0.0165293019512106
p5731,1,0.0166666666666667,,2,14,11,2,157,0.039457145,10,0.02631579,1,1,1,1,0.0165293019512106
p5732,1,0.0166666666666667,,2,30,22,1,150,0,21,0.02631579,0.5,1,1,1,0.0165293019512106
p5734,1,0.0166666666666667,,2,22,20,1,150,0,19,0.02631579,0.5,1,1,1,0.0165293019512106
p5736,1,0.0166666666666667,,2,12,10,2,203,0.34056985,10,0.02631579,1,1,0,0,0.0165293019512106
p5737,1,0.0166666666666667,,3,47,37,2,204,0,8,0.02631579,0.666666666666667,1,1,1,0.0165293019512106
p5738,3,0.05,9.35833333333333,6,100,47,6,256,0.0602186025,14.6666666666667,0.03508772,1,1,1,1,0.048790164169432
p5739,1,0.0166666666666667,,2,15,13,1,150,0,12,0.02631579,0.5,1,1,0,0.0165293019512106
p574,2,0.0333333333333333,15.3333333333333,3,41,28,2,157.5,,19,0.02631579,0.666666666666667,0,0,0,0.0327898228229909
p5740,1,0.0166666666666667,,2,13,12,1,5,0,10,0.02631579,0.5,1,1,0,0.0165293019512106
p5742,1,0.0166666666666667,,2,14,12,1,50,0,11,0.02631579,0.5,1,1,1,0.0165293019512106
p5743,3,0.05,22.2416666666667,4,104,50,3,475,0,34,0.0526315783333333,0.75,1,1,0,0.048790164169432
p5744,1,0.0166666666666667,,3,35,27,3,210.583333333333,0.415562125,7,0.02631579,1,0,0,0,0.0165293019512106
p5745,1,0.0166666666666667,,2,12,11,1,150,0,10,0.02631579,0.5,1,1,1,0.0165293019512106
p5746,1,0.0166666666666667,,2,7,6,2,150.5,0.0023889793,6,0.02631579,1,0,0,0,0.0165293019512106
p5747,3,0.05,24.4166666666667,4,118,56,3,475,0,38.6666666666667,0.0526315783333333,0.75,1,0,0,0.048790164169432
p5748,1,0.0166666666666667,,2,9,8,1,150,0,7,0.02631579,0.5,0,0,0,0.0165293019512106
p575,3,0.05,21.7916666666667,4,110,52,3,475,0,35,0.0526315783333333,0.75,1,0,0,0.048790164169432
p5750,1,0.0166666666666667,,2,7,6,2,229.5,0.210684135,6,0.02631579,1,0,0,0,0.0165293019512106
p5751,1,0.0166666666666667,,2,16,15,2,187.5,0.3624979,14,0.02631579,1,1,1,1,0.0165293019512106
p5752,1,0.0166666666666667,,2,48,46,1,150,0,11,0.02631579,0.5,1,1,0,0.0165293019512106
p5754,3,0.05,25.3666666666667,4,123,58,3,475,0,40,0.0526315783333333,0.75,0,0,0,0.048790164169432
p5755,1,0.0166666666666667,,2,10,9,2,231.5,0.232038275,8,0.02631579,1,0,0,0,0.0165293019512106
p5756,1,0.0166666666666667,,2,8,7,2,13,0.1689387,7,0.02631579,1,1,1,1,0.0165293019512106
p5757,1,0.0166666666666667,,2,24,23,1,150,0,23,0.02631579,0.5,1,0,0,0.0165293019512106
p5758,1,0.0166666666666667,,2,6,6,2,172.5,0.084371165,6,0.02631579,1,0,0,0,0.0165293019512106
p5759,1,0.0166666666666667,,2,12,11,1,150,0,9,0.02631579,0.5,0,0,0,0.0165293019512106
p576,2,0.0333333333333333,43.6666666666667,2,14,10,1,150,0,31,0.039473685,0.5,1,1,0,0.0327898228229909
p5760,3,0.05,15.8666666666667,4,82,38,3,385,0,26,0.0526315783333333,0.75,0,0,0,0.048790164169432
p5762,1,0.0166666666666667,,2,47,28,1,150,0,27,0.02631579,0.5,1,1,1,0.0165293019512106
p5763,2,0.0333333333333333,6.8,3,37,20,2,90,0,16.5,0.013157895,0.666666666666667,1,1,1,0.0327898228229909
p5764,1,0.0166666666666667,,2,13,11,1,60,0,9,0.02631579,0.5,0,0,0,0.0165293019512106
p5766,1,0.0166666666666667,,1,1,1,1,150,1,6,0.02631579,1,0,0,0,0.0165293019512106
p5767,3,0.05,20.7666666666667,4,101,49,3,475,0,32.3333333333333,0.0526315783333333,0.75,1,1,1,0.048790164169432
p577,1,0.0166666666666667,,2,12,11,1,125,0,11,0.02631579,0.5,0,0,0,0.0165293019512106
p5770,1,0.0166666666666667,,2,13,11,2,211,0.24290496,10,0.02631579,1,0,0,0,0.0165293019512106
p5771,3,0.05,25.325,3,68,57,2,375,0,41.3333333333333,0.0526315783333333,0.666666666666667,0,0,0,0.048790164169432
p5772,1,0.0166666666666667,,2,8,7,1,150,0,7,0.02631579,0.5,1,1,1,0.0165293019512106
p5773,3,0.05,24.8083333333333,4,121,58,3,475,0,40,0.0526315783333333,0.75,1,0,0,0.048790164169432
p5774,3,0.05,23.4,5,151.280000000001,55,4,525,0,37,0.0526315783333333,0.8,1,1,0,0.048790164169432
p5775,1,0.0166666666666667,,2,8,7,2,274,0.33906985,7,0.02631579,1,0,0,0,0.0165293019512106
p5776,1,0.0166666666666667,,2,10,8,2,144,0.063250965,8,0.02631579,1,0,0,0,0.0165293019512106
p5778,1,0.0166666666666667,,2,14,13,2,155,0.0156843,12,0.02631579,1,1,1,1,0.0165293019512106
p5779,1,0.0166666666666667,,3,41,34,3,348.5,0.0094166405,6,0.02631579,1,1,1,1,0.0165293019512106
p578,1,0.0166666666666667,,2,10,9,1,150,0,8,0.02631579,0.5,1,1,1,0.0165293019512106
p5780,1,0.0166666666666667,,2,53,30,1,150,0,28,0.02631579,0.5,1,1,1,0.0165293019512106
p5781,1,0.0166666666666667,,2,12,10,1,75,0,8,0.02631579,0.5,1,1,1,0.0165293019512106
p5782,1,0.0166666666666667,,2,18,16,1,150,0,16,0.02631579,0.5,0,0,0,0.0165293019512106
p5783,2,0.0333333333333333,13.1166666666667,2,12,9,2,157.5,1,14.5,0.02631579,1,1,1,0,0.0327898228229909
p5784,1,0.0166666666666667,,2,7,7,1,50,0,6,0.02631579,0.5,0,0,0,0.0165293019512106
p5785,1,0.0166666666666667,,2,9,8,1,150,0,8,0.02631579,0.5,1,1,1,0.0165293019512106
p5786,1,0.0166666666666667,,2,13,11,1,150,0,11,0.02631579,0.5,1,0,0,0.0165293019512106
p5787,3,0.05,17.8,4,84,41,4,522,0.0304818125,27.6666666666667,0.0526315783333333,1,0,0,0,0.048790164169432
p5788,1,0.0166666666666667,,1,2,2,1,150,1,11,0.02631579,1,1,1,1,0.0165293019512106
p5789,1,0.0166666666666667,,2,6,6,2,164.5,0.022637941,6,0.02631579,1,0,0,0,0.0165293019512106
p5791,1,0.0166666666666667,,2,13,12,1,150,0,12,0.02631579,0.5,0,0,0,0.0165293019512106
p5793,1,0.0166666666666667,,2,8,6,2,174.5,0.10803555,5,0.02631579,1,0,0,0,0.0165293019512106
p5794,1,0.0166666666666667,,2,7,6,2,163.5,0.040393435,5,0.02631579,1,1,1,1,0.0165293019512106
p5795,1,0.0166666666666667,,2,8,7,1,150,0,7,0.02631579,0.5,1,1,1,0.0165293019512106
p5796,1,0.0166666666666667,,1,1,1,1,150,1,8,0.02631579,1,0,0,0,0.0165293019512106
p5797,1,0.0166666666666667,,2,20,18,1,150,0,16,0.02631579,0.5,0,0,0,0.0165293019512106
p5798,1,0.0166666666666667,,1,2,2,2,182,0.107229345,9,0.02631579,2,0,0,0,0.0165293019512106
p5799,2,0.0333333333333333,49.6833333333333,3,38,30,3,328.666666666667,0.145989656666667,18.5,0.039473685,1,1,1,0,0.0327898228229909
p58,1,0.0166666666666667,,2,13,12,1,150,0,12,0.02631579,0.5,1,1,1,0.0165293019512106
p580,1,0.0166666666666667,,2,13,11,1,75,0,8,0.02631579,0.5,1,1,1,0.0165293019512106
p5800,1,0.0166666666666667,,2,21,20,1,150,0,19,0.02631579,0.5,1,1,1,0.0165293019512106
p5801,3,0.05,26,4,127,59,3,475,0,41,0.0526315783333333,0.75,0,0,0,0.048790164169432
p5802,2,0.0333333333333333,36.2333333333333,2,8,7,2,375,0.5,25,0.039473685,1,0,0,0,0.0327898228229909
p5803,1,0.0166666666666667,,2,16,14,2,134.5,0.13421871,14,0.02631579,1,0,0,0,0.0165293019512106
p5804,0,0,,1,1,1,1,57.5,0.20559837,,,1,0,0,0,0
p5805,1,0.0166666666666667,,2,15,12,1,150,0,11,0.02631579,0.5,0,0,0,0.0165293019512106
p5806,1,0.0166666666666667,,2,17,14,1,150,0,13,0.02631579,0.5,0,0,0,0.0165293019512106
p5807,2,0.0333333333333333,38.55,3,51,44,2,330,0,24.5,0.039473685,0.666666666666667,1,0,0,0.0327898228229909
p5808,1,0.0166666666666667,,2,18,16,2,158,0.0490320175,14,0.02631579,1,1,1,1,0.0165293019512106
p5809,3,0.05,22.4166666666667,4,100,47,4,450,0,34,0.0526315783333333,1,1,1,1,0.048790164169432
p581,1,0.0166666666666667,,1,1,1,1,150,,11,0.02631579,1,0,0,0,0.0165293019512106
p5810,3,0.05,23.55,4,116,54,3,475,0,37.3333333333333,0.0526315783333333,0.75,0,0,0,0.048790164169432
p5811,1,0.0166666666666667,,2,11,9,1,150,0,8,0.02631579,0.5,1,1,1,0.0165293019512106
p5812,1,0.0166666666666667,,2,9,9,2,15,0.009372644,8,0,1,0,0,0,0.0165293019512106
p5813,3,0.05,21.95,3,56,48,3,398.333333333333,0.333333333333333,34.3333333333333,0.0526315783333333,1,0,0,0,0.048790164169432
p5814,2,0.0333333333333333,45.0666666666667,2,10,8,2,375,0.5,29.5,0.039473685,1,0,0,0,0.0327898228229909
p5815,1,0.0166666666666667,,2,7,7,1,150,0,7,0.02631579,0.5,1,1,1,0.0165293019512106
p5816,1,0.0166666666666667,,1,4,4,1,150,1,9,0.02631579,1,1,1,1,0.0165293019512106
p5817,1,0.0166666666666667,,2,10,9,2,34.5,0.3486464,8,0.02631579,1,1,1,1,0.0165293019512106
p5818,3,0.05,21.975,4,102,49,3,475,0,31,0.0526315783333333,0.75,0,0,0,0.048790164169432
p5819,1,0.0166666666666667,,2,10,9,1,150,0,9,0.02631579,0.5,1,1,1,0.0165293019512106
p582,0,0,,1,59,59,0,,,,,0,1,1,1,0
p5820,1,0.0166666666666667,,2,18,16,1,0,0,14,0.02631579,0.5,1,1,1,0.0165293019512106
p5821,1,0.0166666666666667,,2,15,10,1,150,0,10,0.02631579,0.5,1,0,0,0.0165293019512106
p5822,3,0.05,26.175,3,66,57,2,375,0,40.6666666666667,0.0526315783333333,0.666666666666667,1,1,0,0.048790164169432
p5823,1,0.0166666666666667,,1,1,1,1,150,1,9,0.02631579,1,1,1,1,0.0165293019512106
p5824,1,0.0166666666666667,,2,18,16,2,166,0.26969185,14,0.02631579,1,1,1,1,0.0165293019512106
p5825,3,0.05,18.275,4,89,42,3,475,0,29.3333333333333,0.0526315783333333,0.75,1,1,1,0.048790164169432
p5826,2,0.0333333333333333,42.7,3,65,53,2,285,0,31,0.039473685,0.666666666666667,1,1,1,0.0327898228229909
p5827,2,0.0333333333333333,39.0333333333333,2,11,9,2,375,0.5,27.5,0.039473685,1,1,1,1,0.0327898228229909
p5828,1,0.0166666666666667,,2,13,11,2,99,0.48344925,10,0.02631579,1,0,0,0,0.0165293019512106
p5829,3,0.05,24.5916666666667,4,82,59,3,265,0,25.3333333333333,0.02631579,0.75,0,0,0,0.048790164169432
p583,2,0.0333333333333333,24.7666666666667,2,6,5,2,375,0.5,16.5,0.039473685,1,0,0,0,0.0327898228229909
p5830,1,0.0166666666666667,,2,8,8,2,97,0.07819593,8,0.02631579,1,1,1,1,0.0165293019512106
p5831,3,0.05,21.6916666666667,4,113,54,3,273.333333333333,0,35.3333333333333,0.0526315783333333,0.75,1,1,1,0.048790164169432
p5832,0,0,,1,4,4,0,,,,,0,0,0,0,0
p5833,2,0.0333333333333333,47.2166666666667,2,15,13,1,60,0,35,0.039473685,0.5,1,1,1,0.0327898228229909
p5834,1,0.0166666666666667,,2,22,18,1,150,0,17,0.02631579,0.5,1,1,0,0.0165293019512106
p5835,1,0.0166666666666667,,2,11,9,1,150,0,8,0.02631579,0.5,0,0,0,0.0165293019512106
p5836,0,0,,1,1,1,1,2,0.1578187,,,1,0,0,0,0
p5837,1,0.0166666666666667,,2,15,15,1,15,,14,0,0.5,0,0,0,0.0165293019512106
p5838,1,0.0166666666666667,,2,12,9,1,150,0,9,0.02631579,0.5,0,0,0,0.0165293019512106
p5839,2,0.0333333333333333,43.3833333333333,2,7,6,2,330,0.5,27.5,0.039473685,1,1,1,1,0.0327898228229909
p584,1,0.0166666666666667,,1,1,1,1,150,1,7,0.02631579,1,0,0,0,0.0165293019512106
p5840,1,0.0166666666666667,,2,12,10,1,150,0,9,0.02631579,0.5,1,1,1,0.0165293019512106
p5841,1,0.0166666666666667,,2,10,9,2,205.5,0.1401207,8,0.02631579,1,1,1,1,0.0165293019512106
p5842,1,0.0166666666666667,,2,11,10,2,184,0.085180705,10,0.02631579,1,0,0,0,0.0165293019512106
p5843,1,0.0166666666666667,,2,15,14,2,150,0.001800279,13,0.02631579,1,0,0,0,0.0165293019512106
p5844,2,0.0333333333333333,31.7666666666667,3,43,37,2,375,0,20.5,0.039473685,0.666666666666667,0,0,0,0.0327898228229909
p5845,0,0,,1,1,1,1,6,0.24627815,,,1,0,0,0,0
p5846,3,0.05,24.825,3,69,57,2,375,0,41.3333333333333,0.0526315783333333,0.666666666666667,1,1,1,0.048790164169432
p5847,1,0.0166666666666667,,2,8,7,2,144.5,0.26129645,6,0.02631579,1,1,1,1,0.0165293019512106
p5848,1,0.0166666666666667,,1,2,2,1,150,1,8,0.02631579,1,0,0,0,0.0165293019512106
p5849,2,0.0333333333333333,43.8666666666667,2,12,10,2,330,0.5,32,0.039473685,1,1,1,1,0.0327898228229909
p585,1,0.0166666666666667,,2,13,10,2,157,0.085120885,9,0.02631579,1,0,0,0,0.0165293019512106
p5850,2,0.0333333333333333,36.15,3,69,49,3,450,0,30,0.039473685,1,0,0,0,0.0327898228229909
p5851,2,0.0333333333333333,49.0333333333333,2,9,7,2,375,0.5,31.5,0.039473685,1,1,1,1,0.0327898228229909
p5852,1,0.0166666666666667,,2,9,8,2,260,0.30841775,8,0.02631579,1,1,0,0,0.0165293019512106
p5853,3,0.05,25.1,4,119,57,3,475,0,38.3333333333333,0.0526315783333333,0.75,0,0,0,0.048790164169432
p5854,1,0.0166666666666667,,2,13,12,1,15,,12,0,0.5,1,1,1,0.0165293019512106
p5855,1,0.0166666666666667,,2,29,24,2,268.5,0.35019,10,0.02631579,1,1,0,0,0.0165293019512106
p5856,1,0.0166666666666667,,2,27,21,1,150,0,19,0.02631579,0.5,1,1,1,0.0165293019512106
p5857,1,0.0166666666666667,,2,7,7,1,150,0,7,0.02631579,0.5,1,1,1,0.0165293019512106
p5858,1,0.0166666666666667,,2,57,57,1,300,0,41.3333333333333,0,0.5,1,1,1,0.0165293019512106
p5859,1,0.0166666666666667,,2,20,18,1,0,0,17,0.02631579,0.5,0,0,0,0.0165293019512106
p586,1,0.0166666666666667,,2,21,20,1,150,0,14,0.02631579,0.5,1,1,1,0.0165293019512106
p5860,3,0.05,20.95,3,56,47,3,475,0.333333333333333,34.3333333333333,0.0526315783333333,1,1,1,1,0.048790164169432
p5861,2,0.0333333333333333,45.0166666666667,3,70,57,2,330,0,33.5,0.039473685,0.666666666666667,1,0,0,0.0327898228229909
p5862,1,0.0166666666666667,,2,11,9,1,150,0,7,0.02631579,0.5,1,1,1,0.0165293019512106
p5864,1,0.0166666666666667,,2,11,10,1,150,0,10,0.02631579,0.5,0,0,0,0.0165293019512106
p5865,1,0.0166666666666667,,2,12,11,1,10,0,9,0.02631579,0.5,1,0,0,0.0165293019512106
p5866,3,0.05,24.2583333333333,4,80,56,4,352,0.051528025,26.6666666666667,0.0526315783333333,1,1,1,1,0.048790164169432
p5867,2,0.0333333333333333,50.4,2,11,10,1,150,0,34,0.039473685,0.5,0,0,0,0.0327898228229909
p5868,2,0.0333333333333333,15.1833333333333,4,77,44,5,316.6,0.0461158886,17.5,0.039473685,1.25,0,0,0,0.0327898228229909
p5869,1,0.0166666666666667,,2,12,11,2,182,0.07930257,11,0.02631579,1,1,1,0,0.0165293019512106
p587,3,0.05,21.0166666666667,4,104,49,3,475,0,34,0.0526315783333333,0.75,0,0,0,0.048790164169432
p5870,1,0.0166666666666667,,2,65,36,1,150,0,36,0.02631579,0.5,1,1,0,0.0165293019512106
p5871,3,0.05,24.75,4,120,57,3,335,0,39,0.0526315783333333,0.75,1,1,1,0.048790164169432
p5872,1,0.0166666666666667,,2,56,55,1,300,0,41.3333333333333,0,0.5,1,1,1,0.0165293019512106
p5873,1,0.0166666666666667,,1,1,1,1,150,1,6,0.02631579,1,0,0,0,0.0165293019512106
p5874,1,0.0166666666666667,,2,13,12,1,150,0,12,0.02631579,0.5,1,1,1,0.0165293019512106
p5875,1,0.0166666666666667,,2,16,15,2,170.5,0.25371135,15,0.02631579,1,1,0,0,0.0165293019512106
p5877,1,0.0166666666666667,,2,10,9,2,58.5,0.19600633,8,0.02631579,1,1,0,0,0.0165293019512106
p5878,2,0.0333333333333333,45.0333333333333,2,8,7,2,375,0.5,28.5,0.039473685,1,0,0,0,0.0327898228229909
p5879,1,0.0166666666666667,,2,12,11,2,272,0.32809295,11,0.02631579,1,1,1,1,0.0165293019512106
p588,1,0.0166666666666667,,2,12,10,1,150,0,10,0.02631579,0.5,1,1,1,0.0165293019512106
p5880,1,0.0166666666666667,,2,10,10,1,150,0,10,0.02631579,0.5,1,1,1,0.0165293019512106
p5881,3,0.05,22.95,4,133,58,3,475,0,41.3333333333333,0.0526315783333333,0.75,1,1,1,0.048790164169432
p5882,2,0.0333333333333333,8.55,3,41,23,2,75,0,18.5,0.013157895,0.666666666666667,1,1,1,0.0327898228229909
p5883,1,0.0166666666666667,,1,2,2,1,150,1,7,0.02631579,1,0,0,0,0.0165293019512106
p5884,1,0.0166666666666667,,3,54,31,4,2543,0.661052333333333,20,0.02631579,1.33333333333333,1,1,0,0.0165293019512106
p5885,1,0.0166666666666667,,2,7,6,2,150,0,6,0.02631579,1,1,1,1,0.0165293019512106
p5886,1,0.0166666666666667,,2,21,20,1,150,0,20,0.02631579,0.5,1,1,1,0.0165293019512106
p5887,1,0.0166666666666667,,2,8,7,2,214.5,0.151187315,7,0.02631579,1,1,1,1,0.0165293019512106
p5888,2,0.0333333333333333,19.1666666666667,3,43,27,3,212.333333333333,0.07031097,20.5,0.039473685,1,1,1,1,0.0327898228229909
p5889,3,0.05,20.0833333333333,3,56,46,3,475,0.333333333333333,33.3333333333333,0.0526315783333333,1,1,1,1,0.048790164169432
p589,1,0.0166666666666667,,1,2,2,1,150,1,9,0.02631579,1,1,1,0,0.0165293019512106
p5890,1,0.0166666666666667,,2,10,9,2,162.5,0.088948265,7,0.02631579,1,1,1,1,0.0165293019512106
p5891,1,0.0166666666666667,,2,13,10,2,313.5,0.40700358,9,0.02631579,1,1,1,1,0.0165293019512106
p5892,1,0.0166666666666667,,2,23,21,1,150,0,20,0.02631579,0.5,0,0,0,0.0165293019512106
p5893,1,0.0166666666666667,,2,13,12,1,150,0,12,0.02631579,0.5,1,1,0,0.0165293019512106
p5894,1,0.0166666666666667,,2,10,8,2,176.5,0.23048965,7,0.02631579,1,1,1,0,0.0165293019512106
p5895,3,0.05,23.475,4,111,53,3,475,0,35.6666666666667,0.0526315783333333,0.75,1,1,1,0.048790164169432
p5896,3,0.05,18.8166666666667,4,96,44,3,415,0,31,0.0526315783333333,0.75,1,1,1,0.048790164169432
p5897,1,0.0166666666666667,,2,10,9,1,60,0,7,0.02631579,0.5,0,0,0,0.0165293019512106
p5898,0,0,,1,7,7,0,,,,,0,0,0,0,0
p5899,0,0,,1,1,1,1,3,0.06594199,,,1,1,1,1,0
p59,2,0.0333333333333333,5.35,3,25,14,2,90,0,11,0.013157895,0.666666666666667,0,0,0,0.0327898228229909
p5900,1,0.0166666666666667,,2,19,13,1,150,0,13,0.02631579,0.5,1,1,1,0.0165293019512106
p5901,1,0.0166666666666667,,2,17,13,1,50,0,12,0.02631579,0.5,0,0,0,0.0165293019512106
p5902,1,0.0166666666666667,,2,11,10,1,150,0,9,0.02631579,0.5,1,1,1,0.0165293019512106
p5903,1,0.0166666666666667,,2,9,8,2,228,0.18413706,8,0.02631579,1,1,1,1,0.0165293019512106
p5904,1,0.0166666666666667,,2,9,8,1,150,0,8,0.02631579,0.5,1,1,1,0.0165293019512106
p5905,3,0.05,20.6,4,98,47,4,547,0.0665408375,31.6666666666667,0.0526315783333333,1,1,0,0,0.048790164169432
p5906,1,0.0166666666666667,,2,10,8,1,150,0,7,0.02631579,0.5,1,1,1,0.0165293019512106
p5907,1,0.0166666666666667,,2,14,13,2,201,0.167179525,12,0.02631579,1,1,1,1,0.0165293019512106
p5908,3,0.05,17.0333333333333,4,80,38,3,425,0,26,0.0526315783333333,0.75,0,0,0,0.048790164169432
p591,1,0.0166666666666667,,2,13,11,2,142,0.083769635,11,0.02631579,1,0,0,0,0.0165293019512106
p5910,0,0,,1,1,1,1,12,0.7460428,,,1,1,1,1,0
p5911,1,0.0166666666666667,,2,21,21,1,150,0,20,0.02631579,0.5,1,1,1,0.0165293019512106
p5912,1,0.0166666666666667,,2,18,15,1,150,0,13,0.02631579,0.5,0,0,0,0.0165293019512106
p5913,1,0.0166666666666667,,2,22,19,1,150,0,16,0.02631579,0.5,1,1,1,0.0165293019512106
p5914,1,0.0166666666666667,,1,1,1,1,150,1,7,0.02631579,1,0,0,0,0.0165293019512106
p5915,0,0,,1,5,5,0,,,,,0,1,1,1,0
p5916,1,0.0166666666666667,,1,3,3,1,150,1,10,0.02631579,1,0,0,0,0.0165293019512106
p5917,1,0.0166666666666667,,2,22,17,2,76,0.0013161333,17,0.02631579,1,1,0,0,0.0165293019512106
p5918,1,0.0166666666666667,,2,12,10,1,150,0,9,0.02631579,0.5,0,0,0,0.0165293019512106
p5919,1,0.0166666666666667,,2,7,6,1,150,0,6,0.02631579,0.5,0,0,0,0.0165293019512106
p5920,2,0.0333333333333333,4.96666666666667,2,8,7,2,90,0.5,8.5,0.013157895,1,0,0,0,0.0327898228229909
p5921,3,0.05,20.3166666666667,4,9,5,3,458.333333333333,0.333333333333333,15.6666666666667,0.0526315783333333,0.75,1,1,1,0.048790164169432
p5922,1,0.0166666666666667,,2,13,12,2,89,0.042773075,11,0.02631579,1,0,0,0,0.0165293019512106
p5923,3,0.05,19.4583333333333,4,94,45,3,415,0,30,0.0526315783333333,0.75,0,0,0,0.048790164169432
p5924,1,0.0166666666666667,,2,10,10,2,109,0.05186353,9,0.02631579,1,0,0,0,0.0165293019512106
p5925,3,0.05,22.3083333333333,4,116,54,3,475,0,37.6666666666667,0.0526315783333333,0.75,0,0,0,0.048790164169432
p5926,1,0.0166666666666667,,2,10,9,2,141.5,0.21192737,8,0.02631579,1,1,1,1,0.0165293019512106
p5927,1,0.0166666666666667,,2,10,9,1,150,0,8,0.02631579,0.5,1,1,1,0.0165293019512106
p5928,1,0.0166666666666667,,2,9,8,2,167.625,0.12359665,7,0.02631579,1,0,0,0,0.0165293019512106
p5929,2,0.0333333333333333,43.25,3,66,57,2,375,0,29,0.039473685,0.666666666666667,0,0,0,0.0327898228229909
p593,2,0.0333333333333333,10.1166666666667,3,25,16,3,207.666666666667,0.12852286,10,0.02631579,1,0,0,0,0.0327898228229909
p5931,1,0.0166666666666667,,2,16,13,2,160.5,0.2502206,12,0.02631579,1,1,0,0,0.0165293019512106
p5932,1,0.0166666666666667,,2,20,16,1,150,0,15,0.02631579,0.5,1,1,1,0.0165293019512106
p5933,2,0.0333333333333333,49.65,3,70,59,2,375,0,33.5,0.039473685,0.666666666666667,0,0,0,0.0327898228229909
p5934,2,0.0333333333333333,48.3,3,71,59,2,332.5,0,34,0.039473685,0.666666666666667,0,0,0,0.0327898228229909
p5935,1,0.0166666666666667,,2,13,10,1,150,0,9,0.02631579,0.5,0,0,0,0.0165293019512106
p5936,1,0.0166666666666667,,2,10,9,1,150,0,9,0.02631579,0.5,1,1,1,0.0165293019512106
p5937,1,0.0166666666666667,,2,12,10,1,135,0,10,0.02631579,0.5,1,1,1,0.0165293019512106
p5938,1,0.0166666666666667,,2,37,30,1,150,0,16,0.02631579,0.5,1,1,0,0.0165293019512106
p5939,2,0.0333333333333333,49.15,3,67,57,2,375,0,31.5,0.039473685,0.666666666666667,1,1,1,0.0327898228229909
p594,1,0.0166666666666667,,2,11,10,1,125,0,9,0.02631579,0.5,1,1,1,0.0165293019512106
p5940,1,0.0166666666666667,,2,14,13,1,150,0,12,0.02631579,0.5,1,1,1,0.0165293019512106
p5941,1,0.0166666666666667,,1,17,17,2,1238,0.0361122525,16,0.10526316,2,1,1,1,0.0165293019512106
p5942,1,0.0166666666666667,,2,10,9,2,297,0.3710934,9,0.02631579,1,1,1,1,0.0165293019512106
p5943,1,0.0166666666666667,,2,22,20,1,150,0,19,0.02631579,0.5,0,0,0,0.0165293019512106
p5944,47,0.783333333333333,0.979710144927536,6,151.280000000001,47,6,8260.32948996292,0.0263157894736842,22.1702127659575,0.129561403322221,0.978723404255319,0,0,0,0.578484272239806
p5945,1,0.0166666666666667,,2,12,11,2,210.5,0.15516481,10,0.02631579,1,1,1,1,0.0165293019512106
p5946,3,0.05,24.3916666666667,5,132,59,5,285,0,41.3333333333333,0.0526315783333333,1,1,1,0,0.048790164169432
p5947,1,0.0166666666666667,,1,0,0,1,150,1,7,0.02631579,1,1,1,1,0.0165293019512106
p5948,2,0.0333333333333333,48.85,3,73,59,2,375,0,34.5,0.039473685,0.666666666666667,1,1,0,0.0327898228229909
p5949,2,0.0333333333333333,47.25,2,10,8,1,150,0,30.5,0.039473685,0.5,1,1,0,0.0327898228229909
p595,1,0.0166666666666667,,2,16,13,1,150,0,12,0.02631579,0.5,1,0,0,0.0165293019512106
p5950,1,0.0166666666666667,,2,10,9,1,150,0,9,0.02631579,0.5,1,1,0,0.0165293019512106
p5951,1,0.0166666666666667,,2,14,13,1,10,0,11,0.02631579,0.5,0,0,0,0.0165293019512106
p5952,1,0.0166666666666667,,2,8,7,1,150,0,7,0.02631579,0.5,1,0,0,0.0165293019512106
p5953,1,0.0166666666666667,,2,9,8,2,201,0.102792995,7,0.02631579,1,1,1,1,0.0165293019512106
p5954,1,0.0166666666666667,,1,1,1,1,150,1,10,0.02631579,1,1,1,0,0.0165293019512106
p5955,1,0.0166666666666667,,2,10,9,1,150,0,9,0.02631579,0.5,0,0,0,0.0165293019512106
p5956,1,0.0166666666666667,,2,10,9,1,150,0,8,0.02631579,0.5,1,1,1,0.0165293019512106
p5957,1,0.0166666666666667,,2,12,11,1,150,0,10,0.02631579,0.5,0,0,0,0.0165293019512106
p5958,0,0,,1,0,0,1,4,0.079536445,,,1,0,0,0,0
p596,1,0.0166666666666667,,2,9,8,2,130,0.27593495,7,0.02631579,1,1,1,1,0.0165293019512106
p5960,1,0.0166666666666667,,2,7,6,2,300.5,0.40144357,5,0.02631579,1,0,0,0,0.0165293019512106
p5961,3,0.05,21.2083333333333,4,96,47,3,475,0,31.3333333333333,0.0526315783333333,0.75,1,1,0,0.048790164169432
p5962,1,0.0166666666666667,,2,23,20,1,150,0,18,0.02631579,0.5,1,1,1,0.0165293019512106
p5963,1,0.0166666666666667,,2,12,11,1,150,0,8,0.02631579,0.5,1,1,1,0.0165293019512106
p5964,1,0.0166666666666667,,2,10,9,1,150,0,8,0.02631579,0.5,0,0,0,0.0165293019512106
p5965,1,0.0166666666666667,,2,9,8,1,150,0,8,0.02631579,0.5,1,1,1,0.0165293019512106
p5968,2,0.0333333333333333,33.7166666666667,2,8,6,2,375,0.5,22,0.039473685,1,1,1,0,0.0327898228229909
p5969,2,0.0333333333333333,8.73333333333333,2,11,9,2,90,0.5,11.5,0.013157895,1,1,1,1,0.0327898228229909
p597,1,0.0166666666666667,,2,47,28,1,60,0,27,0.02631579,0.5,0,0,0,0.0165293019512106
p5970,0,0,,2,6,4,2,0,1,,,1,0,0,0,0
p5971,1,0.0166666666666667,,2,7,6,2,102,0.12543282,5,0.02631579,1,1,1,0,0.0165293019512106
p5972,2,0.0333333333333333,49.3833333333333,3,68,58,2,292.5,0,32.5,0.039473685,0.666666666666667,1,1,1,0.0327898228229909
p5973,3,0.05,21.4916666666667,4,109,51,3,398.333333333333,0,35.6666666666667,0.0526315783333333,0.75,1,1,1,0.048790164169432
p5974,2,0.0333333333333333,52.1,2,8,7,1,150,0,33,0.039473685,0.5,0,0,0,0.0327898228229909
p5975,3,0.05,21.6083333333333,4,106,50,3,475,0,34,0.0526315783333333,0.75,1,1,1,0.048790164169432
p5976,2,0.0333333333333333,11.7333333333333,3,32,21,2,157.5,0,15,0.02631579,0.666666666666667,1,1,1,0.0327898228229909
p5978,1,0.0166666666666667,,2,23,21,1,150,0,10,0.02631579,0.5,1,1,1,0.0165293019512106
p5979,3,0.05,23.9833333333333,4,119,56,4,525,0,39.3333333333333,0.0526315783333333,1,1,1,0,0.048790164169432
p598,1,0.0166666666666667,,2,29,22,1,150,0,21,0.02631579,0.5,0,0,0,0.0165293019512106
p5980,2,0.0333333333333333,22.5666666666667,3,41,30,4,222.5,0.2552834,21.5,0.039473685,1.33333333333333,0,0,0,0.0327898228229909
p5981,1,0.0166666666666667,,2,8,8,2,168.5,0.2544755,7,0.02631579,1,1,1,0,0.0165293019512106
p5982,1,0.0166666666666667,,2,9,8,2,192.5,0.3616514,7,0.02631579,1,1,1,1,0.0165293019512106
p5983,1,0.0166666666666667,,2,9,8,1,150,0,7,0.02631579,0.5,0,0,0,0.0165293019512106
p5984,1,0.0166666666666667,,2,37,22,1,150,0,22,0.02631579,0.5,1,1,0,0.0165293019512106
p5985,2,0.0333333333333333,31.05,2,8,7,2,330,0.5,21.5,0.039473685,1,0,0,0,0.0327898228229909
p5986,0,0,,1,2,2,1,23,0.5778827,,,1,0,0,0,0
p5987,1,0.0166666666666667,,2,15,12,1,60,0,10,0.02631579,0.5,1,0,0,0.0165293019512106
p5988,1,0.0166666666666667,,3,18,15,2,36.125,0.60195136,13,0,0.666666666666667,1,1,1,0.0165293019512106
p5989,1,0.0166666666666667,,2,12,10,2,177,0.118543735,9,0.02631579,1,1,1,0,0.0165293019512106
p599,1,0.0166666666666667,,2,9,8,2,254.5,0.20651735,8,0.02631579,1,0,0,0,0.0165293019512106
p5990,1,0.0166666666666667,,2,18,16,1,150,0,16,0.02631579,0.5,0,0,0,0.0165293019512106
p5991,2,0.0333333333333333,28.7166666666667,3,37,31,4,344.5,0.33096655,19.5,0.039473685,1.33333333333333,0,0,0,0.0327898228229909
p5992,2,0.0333333333333333,23.0333333333333,3,35,27,3,312.333333333333,0.144844153333333,17.5,0.039473685,1,1,0,0,0.0327898228229909
p5993,2,0.0333333333333333,37.8,3,50,44,2,375,0,24,0.039473685,0.666666666666667,1,1,0,0.0327898228229909
p5994,1,0.0166666666666667,,1,2,2,2,77,0.564987945,8,0.02631579,2,1,1,1,0.0165293019512106
p5995,0,0,,1,1,1,1,8,0.62520504,,,1,0,0,0,0
p5996,1,0.0166666666666667,,2,62,51,1,150,0,41.3333333333333,0.02631579,0.5,1,1,1,0.0165293019512106
p5997,1,0.0166666666666667,,2,16,14,1,35,0,12,0.02631579,0.5,1,0,0,0.0165293019512106
p5998,1,0.0166666666666667,,2,32,20,1,60,0,19,0.02631579,0.5,0,0,0,0.0165293019512106
p5999,1,0.0166666666666667,,2,16,14,2,205.5,0.095413805,13,0.02631579,1,0,0,0,0.0165293019512106
p6,1,0.0166666666666667,,2,13,12,2,185,0.082206085,12,0.02631579,1,1,1,1,0.0165293019512106
p60,1,0.0166666666666667,,2,19,16,1,150,0,16,0.02631579,0.5,1,1,1,0.0165293019512106
p600,1,0.0166666666666667,,2,8,7,2,267,0.3556749,7,0.02631579,1,0,0,0,0.0165293019512106
p6001,2,0.0333333333333333,16.5666666666667,3,17,9,3,162.166666666667,0.008829694,15.5,0.02631579,1,0,0,0,0.0327898228229909
p6002,4,0.0666666666666667,14.7166666666667,5,117,51,4,371.25,0,28.5,0.03947368375,0.8,0,0,0,0.0645385211375712
p6004,2,0.0333333333333333,7.18333333333333,3,28,18,3,134.666666666667,0.0712237866666667,12.5,0.013157895,1,1,1,1,0.0327898228229909
p6005,1,0.0166666666666667,,2,19,18,1,150,0,17,0.02631579,0.5,1,1,0,0.0165293019512106
p6006,2,0.0333333333333333,5.35,3,26,16,3,153,0.0968774066666667,12.5,0.013157895,1,1,1,0,0.0327898228229909
p6007,1,0.0166666666666667,,1,7,7,1,150,,17,0.02631579,1,0,0,0,0.0165293019512106
p6008,1,0.0166666666666667,,2,9,9,2,194,0.10583987,8,0.02631579,1,0,0,0,0.0165293019512106
p6009,1,0.0166666666666667,,2,9,8,1,150,0,6,0.02631579,0.5,0,0,0,0.0165293019512106
p601,1,0.0166666666666667,,2,33,20,1,150,0,19,0.02631579,0.5,0,0,0,0.0165293019512106
p6010,1,0.0166666666666667,,1,1,1,1,150,1,5,0.02631579,1,1,1,1,0.0165293019512106
p6011,0,0,,1,2,2,0,,,,,0,1,1,1,0
p6012,1,0.0166666666666667,,1,1,1,1,150,1,6,0.02631579,1,0,0,0,0.0165293019512106
p6013,1,0.0166666666666667,,2,9,8,1,150,0,7,0.02631579,0.5,1,1,1,0.0165293019512106
p6014,1,0.0166666666666667,,1,4,4,1,150,1,9,0.02631579,1,1,1,1,0.0165293019512106
p6015,2,0.0333333333333333,31.1833333333333,2,5,4,2,330,0.5,19.5,0.039473685,1,1,1,1,0.0327898228229909
p6016,1,0.0166666666666667,,2,10,9,1,150,0,8,0.02631579,0.5,1,1,1,0.0165293019512106
p6017,3,0.05,20.8583333333333,4,106,50,3,475,0,34,0.0526315783333333,0.75,0,0,0,0.048790164169432
p6018,1,0.0166666666666667,,2,9,8,2,198.5,0.08944245,8,0.02631579,1,0,0,0,0.0165293019512106
p6019,1,0.0166666666666667,,2,16,14,1,150,0,10,0.02631579,0.5,1,0,0,0.0165293019512106
p6020,1,0.0166666666666667,,2,10,9,1,150,0,8,0.02631579,0.5,1,1,1,0.0165293019512106
p6021,2,0.0333333333333333,43.3166666666667,2,7,7,1,150,0,28.5,0.039473685,0.5,1,1,1,0.0327898228229909
p6023,1,0.0166666666666667,,2,14,12,1,150,0,12,0.02631579,0.5,0,0,0,0.0165293019512106
p6024,3,0.05,24.125,4,131,59,3,475,0,41.3333333333333,0.0526315783333333,0.75,1,1,1,0.048790164169432
p6025,1,0.0166666666666667,,2,11,10,1,60,0,9,0.02631579,0.5,1,1,1,0.0165293019512106
p6026,0,0,,1,3,3,1,86.5,0.5648129,,,1,0,0,0,0
p6027,1,0.0166666666666667,,2,18,16,1,150,0,15,0.02631579,0.5,1,1,0,0.0165293019512106
p6028,1,0.0166666666666667,,2,32,31,2,237,0.18620515,18,0.02631579,1,1,1,1,0.0165293019512106
p6029,1,0.0166666666666667,,2,32,21,1,150,0,20,0.02631579,0.5,0,0,0,0.0165293019512106
p603,3,0.05,18.6583333333333,4,90,43,3,475,0,29.6666666666667,0.0526315783333333,0.75,1,0,0,0.048790164169432
p6030,1,0.0166666666666667,,1,6,6,1,150,1,41.3333333333333,0.02631579,1,1,0,0,0.0165293019512106
p6033,3,0.05,19.6916666666667,4,105,48,3,295,0,34.3333333333333,0.0526315783333333,0.75,0,0,0,0.048790164169432
p6035,1,0.0166666666666667,,2,81,45,1,150,0,41.3333333333333,0.02631579,0.5,1,1,0,0.0165293019512106
p6036,1,0.0166666666666667,,2,8,8,2,172,0.058839105,7,0.02631579,1,0,0,0,0.0165293019512106
p6037,1,0.0166666666666667,,2,8,7,2,151.5,0.0057797155,7,0.02631579,1,0,0,0,0.0165293019512106
p6038,0,0,,2,11,10,2,177,0.151884525,,,1,0,0,0,0
p6039,1,0.0166666666666667,,3,11,10,2,75.5,0.01597412,9,0.02631579,0.666666666666667,1,1,1,0.0165293019512106
p604,1,0.0166666666666667,,2,13,10,2,177.5,0.092982195,9,0.02631579,1,0,0,0,0.0165293019512106
p6040,1,0.0166666666666667,,2,7,7,2,224,0.298957465,6,0.02631579,1,1,1,0,0.0165293019512106
p6042,0,0,,1,1,1,1,29,0.6744708,,,1,1,1,1,0
p6043,1,0.0166666666666667,,2,8,7,1,150,0,7,0.02631579,0.5,0,0,0,0.0165293019512106
p6044,1,0.0166666666666667,,2,18,13,2,194.5,0.21952893,13,0.02631579,1,1,1,0,0.0165293019512106
p6045,1,0.0166666666666667,,2,13,12,2,142.5,0.202007,12,0.02631579,1,0,0,0,0.0165293019512106
p6046,1,0.0166666666666667,,1,1,1,1,150,1,10,0.02631579,1,0,0,0,0.0165293019512106
p6047,1,0.0166666666666667,,2,15,13,1,150,0,12,0.02631579,0.5,1,1,1,0.0165293019512106
p6049,1,0.0166666666666667,,2,15,13,2,178,0.059270645,12,0.02631579,1,0,0,0,0.0165293019512106
p605,1,0.0166666666666667,,2,25,20,2,190,0.1500009,19,0.02631579,1,1,1,1,0.0165293019512106
p6050,0,0,,1,1,1,1,0.25,0.041634347,,,1,0,0,0,0
p6051,1,0.0166666666666667,,2,8,7,2,251.5,0.246089935,7,0.02631579,1,0,0,0,0.0165293019512106
p6052,1,0.0166666666666667,,2,12,11,1,150,0,11,0.02631579,0.5,1,1,1,0.0165293019512106
p6053,1,0.0166666666666667,,2,11,10,2,57,0.10459379,9,0.02631579,1,0,0,0,0.0165293019512106
p6054,1,0.0166666666666667,,2,14,14,2,150,0,13,0.02631579,1,1,1,1,0.0165293019512106
p6055,1,0.0166666666666667,,1,1,1,1,150,1,13,0.02631579,1,1,1,1,0.0165293019512106
p6056,2,0.0333333333333333,42.7166666666667,3,52,47,2,362.5,0,25.5,0.039473685,0.666666666666667,1,1,0,0.0327898228229909
p6057,1,0.0166666666666667,,2,19,17,2,110,0.10076905,15,0.02631579,1,1,1,1,0.0165293019512106
p6058,3,0.05,18.975,4,99,46,3,475,0,31.6666666666667,0.0526315783333333,0.75,1,1,1,0.048790164169432
p6059,1,0.0166666666666667,,2,15,13,1,135,0,11,0.02631579,0.5,1,1,0,0.0165293019512106
p606,1,0.0166666666666667,,2,12,11,1,150,0,9,0.02631579,0.5,1,0,0,0.0165293019512106
p6060,1,0.0166666666666667,,2,9,9,1,75,0,8,0.02631579,0.5,0,0,0,0.0165293019512106
p6062,2,0.0333333333333333,43.75,3,73,56,2,375,0,34,0.039473685,0.666666666666667,1,0,0,0.0327898228229909
p6063,1,0.0166666666666667,,2,7,6,2,150,0,6,0.02631579,1,0,0,0,0.0165293019512106
p6064,2,0.0333333333333333,12.2666666666667,4,51,22,4,166.25,0.11467135,15.5,0.013157895,1,1,1,1,0.0327898228229909
p6065,1,0.0166666666666667,,2,39,26,1,150,0,26,0.02631579,0.5,0,0,0,0.0165293019512106
p6066,1,0.0166666666666667,,1,8,8,1,150,0,7,0.02631579,1,1,1,0,0.0165293019512106
p6067,1,0.0166666666666667,,2,11,10,1,150,0,10,0.02631579,0.5,1,1,0,0.0165293019512106
p6069,2,0.0333333333333333,19.6166666666667,3,27,21,3,253.666666666667,0.333333333333333,14.5,0.039473685,1,0,0,0,0.0327898228229909
p607,1,0.0166666666666667,,2,11,9,2,299,0.4609587,9,0.02631579,1,0,0,0,0.0165293019512106
p6070,1,0.0166666666666667,,2,6,5,2,274,0.3184516,5,0.02631579,1,0,0,0,0.0165293019512106
p6071,3,0.05,23.1916666666667,3,60,51,3,51.6666666666667,0.333333333333333,37.3333333333333,0.0526315783333333,1,1,1,0,0.048790164169432
p6072,1,0.0166666666666667,,2,9,8,2,255.5,0.24321525,7,0.02631579,1,1,1,1,0.0165293019512106
p6073,1,0.0166666666666667,,2,11,9,1,150,0,9,0.02631579,0.5,0,0,0,0.0165293019512106
p6074,3,0.05,22.025,4,105,50,3,415,0,34.3333333333333,0.0526315783333333,0.75,1,1,1,0.048790164169432
p6075,3,0.05,22.0083333333333,4,107,51,3,475,0,34.6666666666667,0.0526315783333333,0.75,1,1,1,0.048790164169432
p6076,1,0.0166666666666667,,2,12,10,1,60,0,6,0.02631579,0.5,1,1,1,0.0165293019512106
p6077,1,0.0166666666666667,,2,12,10,1,150,0,9,0.02631579,0.5,1,1,1,0.0165293019512106
p6078,1,0.0166666666666667,,2,9,7,1,150,0,7,0.02631579,0.5,1,1,0,0.0165293019512106
p6079,2,0.0333333333333333,35.8,3,66,47,4,217.75,0.230430393333333,35,0.02631579,1.33333333333333,1,1,1,0.0327898228229909
p608,1,0.0166666666666667,,2,9,8,2,202,0.219902025,7,0.02631579,1,0,0,0,0.0165293019512106
p6080,2,0.0333333333333333,45.4,3,75,58,2,375,0,34.5,0.039473685,0.666666666666667,1,0,0,0.0327898228229909
p6081,2,0.0333333333333333,22.25,4,91,43,4,115.75,0.07681846,31,0.02631579,1,0,0,0,0.0327898228229909
p6082,1,0.0166666666666667,,2,8,7,1,150,0,7,0.02631579,0.5,1,0,0,0.0165293019512106
p6083,1,0.0166666666666667,,1,1,1,1,150,1,6,0.02631579,1,1,1,1,0.0165293019512106
p6084,2,0.0333333333333333,18.05,3,38,25,4,160.75,0.2625320225,20,0.039473685,1.33333333333333,0,0,0,0.0327898228229909
p6085,1,0.0166666666666667,,2,14,11,1,150,0,10,0.02631579,0.5,0,0,0,0.0165293019512106
p6086,1,0.0166666666666667,,2,10,9,2,202.5,0.139415635,8,0.02631579,1,1,1,1,0.0165293019512106
p6087,1,0.0166666666666667,,2,10,9,1,150,0,8,0.02631579,0.5,1,1,1,0.0165293019512106
p6088,0,0,,1,2,2,0,,,,,0,1,1,1,0
p6089,1,0.0166666666666667,,2,34,32,1,135,0,31,0.02631579,0.5,1,1,1,0.0165293019512106
p609,1,0.0166666666666667,,2,15,13,1,0,0,12,0.02631579,0.5,1,1,1,0.0165293019512106
p6090,1,0.0166666666666667,,2,7,6,1,150,0,6,0.02631579,0.5,0,0,0,0.0165293019512106
p6091,2,0.0333333333333333,52.25,2,7,7,1,150,0,33,0.039473685,0.5,1,1,1,0.0327898228229909
p6092,1,0.0166666666666667,,2,19,14,2,110.5,0.05115209,13,0.02631579,1,1,1,1,0.0165293019512106
p6093,2,0.0333333333333333,47.6333333333333,2,12,11,2,242.5,0.5,34.5,0.039473685,1,0,0,0,0.0327898228229909
p6094,1,0.0166666666666667,,2,8,7,2,139,0.1288583,7,0.02631579,1,0,0,0,0.0165293019512106
p6096,1,0.0166666666666667,,2,13,12,2,208,0.361605,10,0.02631579,1,0,0,0,0.0165293019512106
p6097,1,0.0166666666666667,,3,47,34,2,203,0,11,0.02631579,0.666666666666667,0,0,0,0.0165293019512106
p6098,1,0.0166666666666667,,1,1,1,1,150,1,7,0.02631579,1,1,0,0,0.0165293019512106
p6099,1,0.0166666666666667,,1,9,9,1,150,1,27,0.02631579,1,0,0,0,0.0165293019512106
p61,1,0.0166666666666667,,2,8,7,2,153.5,0.222006125,6,0.02631579,1,0,0,0,0.0165293019512106
p610,1,0.0166666666666667,,2,9,8,2,275,0.26281783,8,0.02631579,1,1,1,1,0.0165293019512106
p6100,1,0.0166666666666667,,2,23,20,1,150,0,17,0.02631579,0.5,1,0,0,0.0165293019512106
p6101,1,0.0166666666666667,,2,14,12,1,150,0,11,0.02631579,0.5,1,1,1,0.0165293019512106
p6102,1,0.0166666666666667,,2,8,7,2,244,0.208816515,6,0.02631579,1,1,1,1,0.0165293019512106
p6103,1,0.0166666666666667,,2,7,6,2,311.5,0.40172142,6,0.02631579,1,0,0,0,0.0165293019512106
p6104,3,0.05,22.225,4,113,53,3,475,0,36.6666666666667,0.0526315783333333,0.75,1,1,1,0.048790164169432
p6105,1,0.0166666666666667,,1,3,3,1,60,1,13,0.02631579,1,0,0,0,0.0165293019512106
p6106,1,0.0166666666666667,,2,6,6,2,152.5,0.0060880575,5,0.02631579,1,1,1,1,0.0165293019512106
p6107,1,0.0166666666666667,,2,32,22,1,150,0,21,0.02631579,0.5,1,1,1,0.0165293019512106
p6108,2,0.0333333333333333,48.3666666666667,2,12,10,2,375,0.5,33.5,0.039473685,1,1,1,1,0.0327898228229909
p6109,2,0.0333333333333333,45.8666666666667,2,7,6,2,375,0.5,29,0.039473685,1,1,1,0,0.0327898228229909
p611,1,0.0166666666666667,,2,15,14,2,153,0.1851831,12,0.02631579,1,1,1,1,0.0165293019512106
p6111,1,0.0166666666666667,,2,13,12,1,100,0,11,0.02631579,0.5,0,0,0,0.0165293019512106
p6112,1,0.0166666666666667,,2,43,25,1,150,0,24,0.02631579,0.5,1,1,1,0.0165293019512106
p6113,3,0.05,26.2,4,83,42,3,475,0.333333333333333,25.6666666666667,0.0526315783333333,0.75,1,1,1,0.048790164169432
p6115,1,0.0166666666666667,,1,13,13,1,150,1,27,0.02631579,1,1,1,1,0.0165293019512106
p6116,1,0.0166666666666667,,2,11,10,1,60,0,8,0.02631579,0.5,1,1,1,0.0165293019512106
p6117,1,0.0166666666666667,,2,10,9,2,248,0.2577342,7,0.02631579,1,0,0,0,0.0165293019512106
p6118,1,0.0166666666666667,,2,14,13,2,297,0.37283018,12,0.02631579,1,1,1,1,0.0165293019512106
p6119,1,0.0166666666666667,,2,11,10,1,150,0,10,0.02631579,0.5,1,1,1,0.0165293019512106
p612,2,0.0333333333333333,48.05,2,10,9,2,355,0.5,31,0.039473685,1,0,0,0,0.0327898228229909
p6120,1,0.0166666666666667,,2,41,33,1,150,0,32,0.02631579,0.5,1,1,1,0.0165293019512106
p6121,1,0.0166666666666667,,3,20,14,3,97.75,0.0326264066666667,14,0.02631579,1,0,0,0,0.0165293019512106
p6122,1,0.0166666666666667,,2,7,6,2,89,0.06646164,5,0.02631579,1,1,1,1,0.0165293019512106
p6123,1,0.0166666666666667,,2,11,10,1,150,0,10,0.02631579,0.5,0,0,0,0.0165293019512106
p6124,1,0.0166666666666667,,2,8,7,2,151.5,0.008529396,7,0.02631579,1,0,0,0,0.0165293019512106
p6125,1,0.0166666666666667,,1,1,1,1,125,1,10,0.02631579,1,0,0,0,0.0165293019512106
p6126,1,0.0166666666666667,,2,12,10,2,15,0,9,0,1,0,0,0,0.0165293019512106
p6127,3,0.05,21.5583333333333,4,118,53,3,341.666666666667,0,37,0.0526315783333333,0.75,0,0,0,0.048790164169432
p6128,1,0.0166666666666667,,2,12,11,1,150,0,10,0.02631579,0.5,0,0,0,0.0165293019512106
p613,1,0.0166666666666667,,2,11,10,1,150,0,9,0.02631579,0.5,1,1,1,0.0165293019512106
p6130,1,0.0166666666666667,,2,7,7,2,245.5,0.4082538,7,0.02631579,1,1,1,1,0.0165293019512106
p6131,3,0.05,19.5833333333333,4,91,44,3,475,0,29.6666666666667,0.0526315783333333,0.75,0,0,0,0.048790164169432
p6133,1,0.0166666666666667,,2,44,29,1,150,0,28,0.02631579,0.5,1,1,1,0.0165293019512106
p6134,1,0.0166666666666667,,2,9,8,2,281,0.28403915,7,0.02631579,1,1,1,0,0.0165293019512106
p6135,1,0.0166666666666667,,2,11,10,2,26.25,0.51159954,10,0,1,1,1,1,0.0165293019512106
p6136,1,0.0166666666666667,,2,11,10,1,150,0,9,0.02631579,0.5,1,1,1,0.0165293019512106
p6137,2,0.0333333333333333,53.1,3,66,59,2,375,0,32.5,0.039473685,0.666666666666667,1,0,0,0.0327898228229909
p6138,1,0.0166666666666667,,2,7,6,2,167.5,0.042044135,6,0.02631579,1,0,0,0,0.0165293019512106
p6139,1,0.0166666666666667,,2,10,9,2,40,0.309668035,7,0.02631579,1,0,0,0,0.0165293019512106
p614,1,0.0166666666666667,,2,16,13,1,150,0,12,0.02631579,0.5,1,1,1,0.0165293019512106
p6140,1,0.0166666666666667,,2,8,7,2,150,0,6,0.02631579,1,1,1,1,0.0165293019512106
p6141,1,0.0166666666666667,,2,42,39,1,60,0,8,0.02631579,0.5,0,0,0,0.0165293019512106
p6142,1,0.0166666666666667,,2,11,9,1,150,0,8,0.02631579,0.5,0,0,0,0.0165293019512106
p6143,3,0.05,24.025,4,113,55,3,475,0,37,0.0526315783333333,0.75,1,1,1,0.048790164169432
p6144,2,0.0333333333333333,2.2,2,48,25,2,287.5,0,24,0.0921052625,1,0,0,0,0.0327898228229909
p6145,2,0.0333333333333333,46.15,3,70,57,2,150,0,32,0.039473685,0.666666666666667,1,1,1,0.0327898228229909
p6146,1,0.0166666666666667,,2,11,9,2,168.5,0.086023925,9,0.02631579,1,0,0,0,0.0165293019512106
p6148,1,0.0166666666666667,,2,14,13,2,20,0.046268508,13,0,1,0,0,0,0.0165293019512106
p6149,1,0.0166666666666667,,2,13,12,2,177.5,0.03544751,12,0.02631579,1,1,1,1,0.0165293019512106
p615,1,0.0166666666666667,,1,1,1,1,150,1,6,0.02631579,1,0,0,0,0.0165293019512106
p6150,1,0.0166666666666667,,2,11,9,2,169,0.233923585,8,0.02631579,1,0,0,0,0.0165293019512106
p6151,2,0.0333333333333333,44.6833333333333,2,10,9,2,300,0.5,30.5,0.039473685,1,1,1,1,0.0327898228229909
p6152,1,0.0166666666666667,,2,10,9,2,173.5,0.21397276,9,0.02631579,1,0,0,0,0.0165293019512106
p6153,1,0.0166666666666667,,2,16,14,1,150,0,14,0.02631579,0.5,1,1,1,0.0165293019512106
p6154,2,0.0333333333333333,45.3833333333333,3,67,59,2,375,0,29,0.039473685,0.666666666666667,0,0,0,0.0327898228229909
p6155,1,0.0166666666666667,,2,43,25,1,150,0,24,0.02631579,0.5,0,0,0,0.0165293019512106
p6156,1,0.0166666666666667,,2,22,21,1,150,0,21,0.02631579,0.5,1,1,1,0.0165293019512106
p6157,2,0.0333333333333333,39.8,2,12,10,2,330,0.5,29,0.039473685,1,1,1,1,0.0327898228229909
p6158,1,0.0166666666666667,,1,1,1,1,150,1,8,0.02631579,1,1,1,1,0.0165293019512106
p6159,0,0,,1,3,3,1,78.3125,0.28570935,,,1,1,0,0,0
p616,1,0.0166666666666667,,2,24,20,1,10,0,16,0.02631579,0.5,0,0,0,0.0165293019512106
p6161,1,0.0166666666666667,,2,8,8,2,168.5,0.250286,8,0.02631579,1,1,1,1,0.0165293019512106
p6162,1,0.0166666666666667,,1,1,1,1,150,1,9,0.02631579,1,1,1,0,0.0165293019512106
p6163,1,0.0166666666666667,,2,9,8,2,152.5,0.03347218,8,0.02631579,1,1,1,1,0.0165293019512106
p6164,1,0.0166666666666667,,2,16,15,2,154.5,0.0139401685,14,0.02631579,1,1,0,0,0.0165293019512106
p6165,1,0.0166666666666667,,2,8,8,2,270,0.46453157,7,0.02631579,1,1,1,1,0.0165293019512106
p6168,1,0.0166666666666667,,2,5,5,2,185,0.2781475,5,0.02631579,1,0,0,0,0.0165293019512106
p6169,1,0.0166666666666667,,2,10,8,1,150,0,7,0.02631579,0.5,0,0,0,0.0165293019512106
p617,1,0.0166666666666667,,1,1,1,1,150,1,7,0.02631579,1,1,1,0,0.0165293019512106
p6170,1,0.0166666666666667,,2,28,24,2,60,0.005994705,18,0.02631579,1,0,0,0,0.0165293019512106
p6171,1,0.0166666666666667,,2,8,7,1,150,0,7,0.02631579,0.5,1,1,0,0.0165293019512106
p6172,1,0.0166666666666667,,2,13,12,2,221,0.268217325,11,0.02631579,1,1,1,1,0.0165293019512106
p6175,1,0.0166666666666667,,2,27,17,1,35,0,15,0.02631579,0.5,0,0,0,0.0165293019512106
p6176,0,0,,1,4,4,1,10,0.672661,,,1,0,0,0,0
p6177,1,0.0166666666666667,,2,7,6,2,165.5,0.039583903,6,0.02631579,1,1,1,1,0.0165293019512106
p6178,1,0.0166666666666667,,1,1,1,1,150,1,7,0.02631579,1,0,0,0,0.0165293019512106
p6179,1,0.0166666666666667,,2,10,9,2,205.5,0.14220115,9,0.02631579,1,1,0,0,0.0165293019512106
p618,1,0.0166666666666667,,2,10,9,2,202,0.12394773,9,0.02631579,1,1,0,0,0.0165293019512106
p6180,1,0.0166666666666667,,2,5,5,1,150,0,5,0.02631579,0.5,0,0,0,0.0165293019512106
p6181,0,0,,1,1,1,1,67,0.14305316,,,1,0,0,0,0
p6182,1,0.0166666666666667,,2,18,15,1,150,0,14,0.02631579,0.5,1,1,1,0.0165293019512106
p6183,2,0.0333333333333333,43.5333333333333,2,13,9,2,375,0.5,30.5,0.039473685,1,1,1,1,0.0327898228229909
p6184,1,0.0166666666666667,,2,17,14,2,150,0,14,0.02631579,1,1,0,0,0.0165293019512106
p6185,1,0.0166666666666667,,2,9,7,2,282,0.37297805,7,0.02631579,1,1,1,0,0.0165293019512106
p6187,1,0.0166666666666667,,2,13,12,2,201.5,0.12396008,11,0.02631579,1,0,0,0,0.0165293019512106
p6188,1,0.0166666666666667,,2,54,30,1,150,0,29,0.02631579,0.5,1,1,1,0.0165293019512106
p6189,1,0.0166666666666667,,1,3,3,1,150,1,9,0.02631579,1,0,0,0,0.0165293019512106
p619,1,0.0166666666666667,,2,14,14,2,146,0.017201463,14,0.02631579,1,0,0,0,0.0165293019512106
p6190,1,0.0166666666666667,,2,6,5,2,150,0.007281009,5,0.02631579,1,0,0,0,0.0165293019512106
p6191,1,0.0166666666666667,,2,6,5,2,216.5,0.32749095,5,0.02631579,1,1,1,1,0.0165293019512106
p6192,1,0.0166666666666667,,2,9,8,2,173,0.0495388175,8,0.02631579,1,0,0,0,0.0165293019512106
p6193,1,0.0166666666666667,,2,11,10,1,150,0,9,0.02631579,0.5,0,0,0,0.0165293019512106
p6194,3,0.05,20.4,4,97,47,3,475,0,32.3333333333333,0.0526315783333333,0.75,1,1,1,0.048790164169432
p6196,1,0.0166666666666667,,2,9,7,2,176,0.070019595,6,0.02631579,1,0,0,0,0.0165293019512106
p6197,4,0.0666666666666667,2.13333333333333,6,45,15,6,275.416666666667,0.3332465,6.75,0.059210525,1,0,0,0,0.0645385211375712
p6198,1,0.0166666666666667,,2,5,4,2,263,0.243653865,4.9225,0.02631579,1,1,0,0,0.0165293019512106
p6199,1,0.0166666666666667,,2,10,9,1,150,0,9,0.02631579,0.5,1,1,1,0.0165293019512106
p62,1,0.0166666666666667,,2,11,9,1,150,0,9,0.02631579,0.5,0,0,0,0.0165293019512106
p620,1,0.0166666666666667,,2,12,10,1,150,0,10,0.02631579,0.5,1,1,1,0.0165293019512106
p6200,1,0.0166666666666667,,2,8,8,2,224.5,0.3728101,7,0.02631579,1,1,1,0,0.0165293019512106
p6201,1,0.0166666666666667,,2,11,9,1,150,0,9,0.02631579,0.5,1,0,0,0.0165293019512106
p6202,1,0.0166666666666667,,2,14,12,1,150,0,12,0.02631579,0.5,1,1,0,0.0165293019512106
p6205,3,0.05,17.275,4,88,41,3,475,0,28.3333333333333,0.0526315783333333,0.75,1,0,0,0.048790164169432
p6207,1,0.0166666666666667,,1,2,2,1,150,1,12,0.02631579,1,0,0,0,0.0165293019512106
p6208,1,0.0166666666666667,,2,11,10,1,150,0,9,0.02631579,0.5,1,1,1,0.0165293019512106
p6209,1,0.0166666666666667,,2,7,6,2,197.5,0.089730105,6,0.02631579,1,0,0,0,0.0165293019512106
p621,3,0.05,20.8083333333333,4,105,51,3,386.666666666667,0,33.3333333333333,0.0526315783333333,0.75,1,1,0,0.048790164169432
p6210,1,0.0166666666666667,,2,8,7,1,150,0,7,0.02631579,0.5,1,1,1,0.0165293019512106
p6211,1,0.0166666666666667,,1,1,1,1,150,1,7,0.02631579,1,0,0,0,0.0165293019512106
p6212,1,0.0166666666666667,,1,2,2,0,,,9,0.02631579,0,1,1,1,0.0165293019512106
p6213,1,0.0166666666666667,,2,34,20,2,111.5,0.17011149,20,0.02631579,1,1,1,1,0.0165293019512106
p6214,1,0.0166666666666667,,2,12,10,1,150,0,10,0.02631579,0.5,1,1,1,0.0165293019512106
p6215,1,0.0166666666666667,,2,9,7,2,318,0.43667035,7,0.02631579,1,1,1,0,0.0165293019512106
p6216,2,0.0333333333333333,44.0166666666667,2,8,7,2,375,0.5,29,0.039473685,1,0,0,0,0.0327898228229909
p6217,1,0.0166666666666667,,2,18,17,2,53.5,0.090601125,15,0.02631579,1,1,1,1,0.0165293019512106
p6218,1,0.0166666666666667,,2,9,7,1,150,0,7,0.02631579,0.5,1,1,1,0.0165293019512106
p6219,1,0.0166666666666667,,2,8,7,2,252,0.34127623,7,0.02631579,1,1,1,1,0.0165293019512106
p622,1,0.0166666666666667,,2,9,8,2,172.5,0.050457135,7,0.02631579,1,1,1,1,0.0165293019512106
p6220,1,0.0166666666666667,,2,8,7,2,195.5,0.345498235,7,0.02631579,1,1,1,0,0.0165293019512106
p6221,1,0.0166666666666667,,2,11,10,1,150,0,8,0.02631579,0.5,0,0,0,0.0165293019512106
p6222,1,0.0166666666666667,,2,43,30,1,150,0,26,0.02631579,0.5,0,0,0,0.0165293019512106
p6223,3,0.05,19.8666666666667,4,93,45,4,500,0.02797722,30.3333333333333,0.0526315783333333,1,0,0,0,0.048790164169432
p6225,2,0.0333333333333333,41.7666666666667,2,10,8,2,330,0.5,28,0.039473685,1,1,1,1,0.0327898228229909
p6226,1,0.0166666666666667,,2,11,9,1,150,0,9,0.02631579,0.5,0,0,0,0.0165293019512106
p6227,3,0.05,22.5916666666667,4,103,50,3,475,0,33.3333333333333,0.0526315783333333,0.75,0,0,0,0.048790164169432
p6228,3,0.05,19.8,4,102,48,3,475,0,32.6666666666667,0.0526315783333333,0.75,0,0,0,0.048790164169432
p623,1,0.0166666666666667,,2,7,6,2,183.5,0.063491695,6,0.02631579,1,0,0,0,0.0165293019512106
p6231,0,0,,1,1,1,1,3,0.055988166,,,1,0,0,0,0
p6233,2,0.0333333333333333,43.05,2,11,9,2,375,0.5,28.5,0.039473685,1,1,1,1,0.0327898228229909
p6234,1,0.0166666666666667,,2,18,16,2,299,0.38149275,15,0.02631579,1,1,1,1,0.0165293019512106
p6235,2,0.0333333333333333,32.15,3,64,38,3,154.166666666667,0,28,0.02631579,1,1,1,0,0.0327898228229909
p6236,1,0.0166666666666667,,2,6,5,2,160,0.12629135,5,0.02631579,1,0,0,0,0.0165293019512106
p6237,1,0.0166666666666667,,2,15,13,1,0,0,11,0.02631579,0.5,1,1,1,0.0165293019512106
p6238,1,0.0166666666666667,,1,2,2,1,150,,9,0.02631579,1,0,0,0,0.0165293019512106
p6239,1,0.0166666666666667,,2,6,5,2,168.5,0.030371027,5,0.02631579,1,0,0,0,0.0165293019512106
p624,1,0.0166666666666667,,2,10,8,1,150,0,7,0.02631579,0.5,1,1,0,0.0165293019512106
p6240,1,0.0166666666666667,,2,10,9,2,133.5,0.0745542,8,0.02631579,1,0,0,0,0.0165293019512106
p6241,2,0.0333333333333333,50.5166666666667,3,65,57,2,375,0,31.5,0.039473685,0.666666666666667,1,0,0,0.0327898228229909
p6242,1,0.0166666666666667,,2,8,7,1,60,0,5,0.02631579,0.5,1,1,1,0.0165293019512106
p6243,1,0.0166666666666667,,2,11,10,1,150,0,9,0.02631579,0.5,1,0,0,0.0165293019512106
p6244,1,0.0166666666666667,,2,10,8,1,150,0,8,0.02631579,0.5,1,1,1,0.0165293019512106
p6245,3,0.05,19.1083333333333,4,91,44,3,475,0,29.6666666666667,0.0526315783333333,0.75,1,1,1,0.048790164169432
p6246,2,0.0333333333333333,42.8833333333333,2,10,8,2,355,0.5,28.5,0.039473685,1,1,0,0,0.0327898228229909
p6247,1,0.0166666666666667,,2,38,21,1,150,0,21,0.02631579,0.5,1,0,0,0.0165293019512106
p6248,3,0.05,25.0416666666667,4,122,58,3,385,0,40,0.0526315783333333,0.75,0,0,0,0.048790164169432
p6249,1,0.0166666666666667,,2,8,7,1,150,0,6,0.02631579,0.5,1,1,1,0.0165293019512106
p625,1,0.0166666666666667,,2,19,17,1,0,0,17,0.02631579,0.5,0,0,0,0.0165293019512106
p6250,1,0.0166666666666667,,1,1,1,1,150,1,10,0.02631579,1,1,1,1,0.0165293019512106
p6251,1,0.0166666666666667,,1,0,0,1,15,1,8,0,1,0,0,0,0.0165293019512106
p6252,3,0.05,24.0416666666667,3,69,56,3,475,0.333333333333333,41,0.0526315783333333,1,1,1,1,0.048790164169432
p6253,1,0.0166666666666667,,1,0,0,1,150,1,6,0.02631579,1,0,0,0,0.0165293019512106
p6254,1,0.0166666666666667,,2,7,6,2,150,0.00087511785,5,0.02631579,1,0,0,0,0.0165293019512106
p6255,2,0.0333333333333333,41.7,3,59,49,2,375,0,28,0.039473685,0.666666666666667,0,0,0,0.0327898228229909
p6256,3,0.05,21.175,4,105,50,3,475,0,34,0.0526315783333333,0.75,1,1,1,0.048790164169432
p6257,1,0.0166666666666667,,2,7,7,1,150,0,7,0.02631579,0.5,1,1,1,0.0165293019512106
p6259,3,0.05,20.55,4,102,48,3,475,0,33,0.0526315783333333,0.75,1,1,1,0.048790164169432
p626,2,0.0333333333333333,11.7166666666667,3,25,16,3,119.666666666667,0.0673888166666667,13,0.039473685,1,1,1,0,0.0327898228229909
p6260,3,0.05,22.775,4,22,9,4,250,0.23803176,6.33333333333333,0.0526315783333333,1,1,1,1,0.048790164169432
p6262,1,0.0166666666666667,,2,13,12,1,60,0,9,0.02631579,0.5,0,0,0,0.0165293019512106
p6263,1,0.0166666666666667,,2,11,10,1,150,0,10,0.02631579,0.5,1,1,0,0.0165293019512106
p6264,1,0.0166666666666667,,1,1,1,1,150,1,7,0.02631579,1,0,0,0,0.0165293019512106
p6265,0,0,,1,4,4,1,1,0.04467087,,,1,0,0,0,0
p6266,3,0.05,25.125,4,121,58,3,475,0,39,0.0526315783333333,0.75,1,1,1,0.048790164169432
p6267,2,0.0333333333333333,42.0833333333333,2,7,6,1,150,0,27,0.039473685,0.5,1,0,0,0.0327898228229909
p6268,1,0.0166666666666667,,2,19,16,1,150,0,16,0.02631579,0.5,0,0,0,0.0165293019512106
p6269,1,0.0166666666666667,,2,24,22,1,150,0,22,0.02631579,0.5,0,0,0,0.0165293019512106
p627,1,0.0166666666666667,,2,17,15,1,150,0,14,0.02631579,0.5,0,0,0,0.0165293019512106
p6270,1,0.0166666666666667,,2,7,6,2,197,0.182430475,5,0.02631579,1,1,1,1,0.0165293019512106
p6271,1,0.0166666666666667,,2,14,12,2,170.5,0.0538535825,10,0.02631579,1,1,1,1,0.0165293019512106
p6272,1,0.0166666666666667,,2,36,24,1,150,0,23,0.02631579,0.5,1,1,1,0.0165293019512106
p6273,1,0.0166666666666667,,2,18,15,1,150,0,13,0.02631579,0.5,1,1,0,0.0165293019512106
p6274,1,0.0166666666666667,,2,59,57,1,300,,41.3333333333333,0,0.5,0,0,0,0.0165293019512106
p6275,1,0.0166666666666667,,2,10,9,2,112.5,0.34521025,8,0.02631579,1,1,1,0,0.0165293019512106
p6276,2,0.0333333333333333,43.8666666666667,3,62,52,2,375,0,30,0.039473685,0.666666666666667,1,1,1,0.0327898228229909
p6277,0,0,,1,3,3,0,,,,,0,1,1,1,0
p6278,1,0.0166666666666667,,2,16,13,1,150,0,12,0.02631579,0.5,0,0,0,0.0165293019512106
p6279,1,0.0166666666666667,,2,11,10,2,175,0.053436145,9,0.02631579,1,0,0,0,0.0165293019512106
p628,1,0.0166666666666667,,2,14,12,1,150,0,11,0.02631579,0.5,1,1,1,0.0165293019512106
p6281,1,0.0166666666666667,,2,13,11,2,225,0.1677222,10,0.02631579,1,1,1,1,0.0165293019512106
p6282,1,0.0166666666666667,,2,9,8,1,150,0,7,0.02631579,0.5,0,0,0,0.0165293019512106
p6284,3,0.05,22.3416666666667,4,109,52,4,525,0.00252693525,35.3333333333333,0.0526315783333333,1,1,1,1,0.048790164169432
p6285,3,0.05,19.0666666666667,4,95,44,3,475,0,30.6666666666667,0.0526315783333333,0.75,1,1,1,0.048790164169432
p6286,2,0.0333333333333333,39.2166666666667,2,11,10,1,150,0,26,0.039473685,0.5,1,1,1,0.0327898228229909
p6287,1,0.0166666666666667,,2,9,8,2,153,0.078836775,8,0.02631579,1,1,1,1,0.0165293019512106
p6288,1,0.0166666666666667,,2,12,10,2,250.5,0.31738995,9,0.02631579,1,0,0,0,0.0165293019512106
p6289,0,0,,1,1,1,1,7,0.11206243,,,1,0,0,0,0
p629,1,0.0166666666666667,,2,11,10,1,150,0,9,0.02631579,0.5,1,1,1,0.0165293019512106
p6290,1,0.0166666666666667,,2,13,11,1,150,0,10,0.02631579,0.5,1,1,1,0.0165293019512106
p6291,1,0.0166666666666667,,1,2,2,1,110,1,10,0.02631579,1,1,1,0,0.0165293019512106
p6292,0,0,,1,2,2,1,0,0,,,1,1,0,0,0
p6293,1,0.0166666666666667,,2,20,15,2,150,0,15,0.02631579,1,0,0,0,0.0165293019512106
p6294,1,0.0166666666666667,,2,23,16,1,150,0,15,0.02631579,0.5,1,1,1,0.0165293019512106
p6295,1,0.0166666666666667,,2,9,8,1,150,0,7,0.02631579,0.5,0,0,0,0.0165293019512106
p6296,1,0.0166666666666667,,2,7,6,2,168.5,0.04651855,6,0.02631579,1,1,1,1,0.0165293019512106
p6297,2,0.0333333333333333,44.2833333333333,3,56,50,3,411.666666666667,0.0801999633333334,27,0.039473685,1,1,1,1,0.0327898228229909
p6298,3,0.05,21.175,3,53,46,3,475,0.333333333333333,33,0.0526315783333333,1,1,1,1,0.048790164169432
p6299,3,0.05,23.2666666666667,3,55,49,3,475,0.333333333333333,35.3333333333333,0.0526315783333333,1,0,0,0,0.048790164169432
p63,1,0.0166666666666667,,2,9,8,1,150,0,8,0.02631579,0.5,0,0,0,0.0165293019512106
p630,1,0.0166666666666667,,2,9,8,1,150,0,7,0.02631579,0.5,0,0,0,0.0165293019512106
p6300,1,0.0166666666666667,,1,1,1,1,150,1,12,0.02631579,1,0,0,0,0.0165293019512106
p6301,1,0.0166666666666667,,2,12,11,1,150,0,10,0.02631579,0.5,0,0,0,0.0165293019512106
p6302,1,0.0166666666666667,,2,10,9,2,163.5,0.30850835,9,0.02631579,1,1,1,1,0.0165293019512106
p6303,1,0.0166666666666667,,2,10,9,1,60,0,8,0.02631579,0.5,1,0,0,0.0165293019512106
p6304,0,0,,1,2,2,3,1.66666666666667,0.0897088473333333,,,3,1,0,0,0
p6305,1,0.0166666666666667,,2,8,7,1,150,0,7,0.02631579,0.5,0,0,0,0.0165293019512106
p6306,1,0.0166666666666667,,2,23,18,1,150,0,12,0.02631579,0.5,1,1,1,0.0165293019512106
p6307,1,0.0166666666666667,,1,1,1,1,150,1,10,0.02631579,1,1,1,1,0.0165293019512106
p6308,1,0.0166666666666667,,2,14,10,1,150,0,10,0.02631579,0.5,0,0,0,0.0165293019512106
p6309,1,0.0166666666666667,,2,18,16,2,244.5,0.19019665,15,0.02631579,1,1,1,1,0.0165293019512106
p631,1,0.0166666666666667,,2,11,9,1,150,0,9,0.02631579,0.5,1,0,0,0.0165293019512106
p6310,1,0.0166666666666667,,2,12,10,2,185,0.205479,9,0.02631579,1,1,1,1,0.0165293019512106
p6311,1,0.0166666666666667,,1,4,4,1,150,1,11,0.02631579,1,1,1,1,0.0165293019512106
p6312,3,0.05,23.2083333333333,4,107,52,3,475,0,34.6666666666667,0.0526315783333333,0.75,0,0,0,0.048790164169432
p6313,2,0.0333333333333333,35.4166666666667,3,47,40,2,292.5,0,22.5,0.039473685,0.666666666666667,0,0,0,0.0327898228229909
p6314,1,0.0166666666666667,,1,1,1,1,150,1,9,0.02631579,1,1,1,0,0.0165293019512106
p6315,1,0.0166666666666667,,2,9,8,2,163,0.04842726,7,0.02631579,1,0,0,0,0.0165293019512106
p6317,3,0.05,22.9416666666667,3,60,51,3,475,0.333333333333333,37.3333333333333,0.0526315783333333,1,0,0,0,0.048790164169432
p6318,0,0,,1,1,1,0,,,,,0,1,1,1,0
p6319,1,0.0166666666666667,,2,12,12,1,150,0,11,0.02631579,0.5,1,1,1,0.0165293019512106
p632,1,0.0166666666666667,,2,34,30,1,150,0,10,0.02631579,0.5,1,1,1,0.0165293019512106
p6320,3,0.05,20.3333333333333,4,93,46,3,445,0,30.6666666666667,0.0526315783333333,0.75,0,0,0,0.048790164169432
p6321,1,0.0166666666666667,,4,130,46,4,124,0.053168375,41.3333333333333,0.02631579,1,0,0,0,0.0165293019512106
p6323,1,0.0166666666666667,,2,15,14,1,150,0,13,0.02631579,0.5,1,1,1,0.0165293019512106
p6324,1,0.0166666666666667,,2,7,6,2,156,0.0102701785,5,0.02631579,1,1,1,1,0.0165293019512106
p6325,3,0.05,22.9166666666667,4,117,55,3,475,0,37.3333333333333,0.0526315783333333,0.75,1,0,0,0.048790164169432
p6326,1,0.0166666666666667,,2,15,14,2,219,0.16812205,14,0.02631579,1,0,0,0,0.0165293019512106
p6327,1,0.0166666666666667,,2,2,2,1,150,1,11,0.02631579,0.5,0,0,0,0.0165293019512106
p6328,1,0.0166666666666667,,2,8,7,2,155.5,0.0086697105,7,0.02631579,1,0,0,0,0.0165293019512106
p6329,4,0.0666666666666667,14.1388888888889,5,128,52,4,371.25,0,31,0.03947368375,0.8,1,1,1,0.0645385211375712
p633,2,0.0333333333333333,30.2,3,51,40,2,1724.99975,0,23,0.039473685,0.666666666666667,1,0,0,0.0327898228229909
p6330,1,0.0166666666666667,,1,0,0,1,150,1,5,0.02631579,1,0,0,0,0.0165293019512106
p6332,1,0.0166666666666667,,1,1,1,1,150,1,5,0.02631579,1,0,0,0,0.0165293019512106
p6333,3,0.05,26.7333333333333,2,4,3,2,5755,1,31.3333333333333,0.04385965,1,1,1,1,0.048790164169432
p6334,1,0.0166666666666667,,2,11,9,1,150,0,8,0.02631579,0.5,0,0,0,0.0165293019512106
p6335,1,0.0166666666666667,,2,17,16,2,189.5,0.171812325,15,0.02631579,1,0,0,0,0.0165293019512106
p6336,1,0.0166666666666667,,2,15,13,2,177.5,0.07573721,12,0.02631579,1,1,0,0,0.0165293019512106
p6337,1,0.0166666666666667,,2,10,9,1,150,0,8,0.02631579,0.5,1,1,1,0.0165293019512106
p6338,1,0.0166666666666667,,2,9,8,2,146,0.363938185,8,0.02631579,1,0,0,0,0.0165293019512106
p6339,1,0.0166666666666667,,2,14,13,1,10,0,11,0.02631579,0.5,0,0,0,0.0165293019512106
p634,1,0.0166666666666667,,1,1,1,1,150,1,8,0.02631579,1,1,1,1,0.0165293019512106
p6340,1,0.0166666666666667,,1,1,1,1,150,1,6,0.02631579,1,0,0,0,0.0165293019512106
p6341,1,0.0166666666666667,,2,48,29,1,150,0,28,0.02631579,0.5,0,0,0,0.0165293019512106
p6342,1,0.0166666666666667,,2,38,25,2,250.5,0.20210704,25,0.02631579,1,1,1,1,0.0165293019512106
p6343,1,0.0166666666666667,,2,9,8,1,150,0,7,0.02631579,0.5,1,1,1,0.0165293019512106
p6345,1,0.0166666666666667,,2,28,27,1,150,0,25,0.02631579,0.5,1,1,0,0.0165293019512106
p6346,1,0.0166666666666667,,1,1,1,1,150,1,6,0.02631579,1,0,0,0,0.0165293019512106
p6347,1,0.0166666666666667,,2,9,8,2,245,0.276720315,8,0.02631579,1,0,0,0,0.0165293019512106
p6348,1,0.0166666666666667,,2,8,7,2,246.5,0.238075035,7,0.02631579,1,0,0,0,0.0165293019512106
p6349,2,0.0333333333333333,48.2666666666667,3,69,58,2,375,0,33,0.039473685,0.666666666666667,0,0,0,0.0327898228229909
p635,0,0,,1,2,2,1,48.5,0.16996962,,,1,0,0,0,0
p6350,1,0.0166666666666667,,2,14,13,1,150,0,12,0.02631579,0.5,1,1,1,0.0165293019512106
p6352,1,0.0166666666666667,,2,11,10,1,150,0,8,0.02631579,0.5,0,0,0,0.0165293019512106
p6353,1,0.0166666666666667,,2,9,8,2,255,0.24656885,8,0.02631579,1,0,0,0,0.0165293019512106
p6354,2,0.0333333333333333,22.8,3,66,41,3,217,0.0684282566666667,33.5,0.039473685,1,1,1,1,0.0327898228229909
p6355,1,0.0166666666666667,,2,14,12,1,150,0,12,0.02631579,0.5,1,0,0,0.0165293019512106
p6356,1,0.0166666666666667,,2,8,7,2,253,0.2528648,6,0.02631579,1,0,0,0,0.0165293019512106
p6357,1,0.0166666666666667,,2,7,6,2,271,0.28745243,6,0.02631579,1,0,0,0,0.0165293019512106
p6358,3,0.05,26.5,3,62,56,3,475,0.333333333333333,40,0.0526315783333333,1,1,1,0,0.048790164169432
p6359,1,0.0166666666666667,,2,59,58,1,150,0,41.3333333333333,0.02631579,0.5,1,1,1,0.0165293019512106
p636,1,0.0166666666666667,,1,2,2,1,150,1,11,0.02631579,1,0,0,0,0.0165293019512106
p6360,1,0.0166666666666667,,2,15,14,2,10,0.023200845,12,0.02631579,1,0,0,0,0.0165293019512106
p6361,1,0.0166666666666667,,2,10,9,2,314,0.40800047,8,0.02631579,1,1,1,1,0.0165293019512106
p6362,1,0.0166666666666667,,2,13,12,2,250.5,0.34615805,11,0.02631579,1,1,1,1,0.0165293019512106
p6363,1,0.0166666666666667,,2,7,6,1,150,0,6,0.02631579,0.5,1,0,0,0.0165293019512106
p6364,1,0.0166666666666667,,2,11,8,2,235.5,0.4326097,7,0.02631579,1,0,0,0,0.0165293019512106
p6365,1,0.0166666666666667,,2,11,9,2,259.5,0.37076975,8,0.02631579,1,1,0,0,0.0165293019512106
p6366,1,0.0166666666666667,,1,1,1,1,150,1,4.9225,0.02631579,1,1,1,1,0.0165293019512106
p6367,2,0.0333333333333333,41.55,2,8,7,2,375,0.5,27,0.039473685,1,0,0,0,0.0327898228229909
p6368,1,0.0166666666666667,,2,8,8,2,240,0.17350815,8,0.02631579,1,0,0,0,0.0165293019512106
p6369,3,0.05,22.0916666666667,4,105,50,3,365,0,34,0.0526315783333333,0.75,1,1,0,0.048790164169432
p6370,1,0.0166666666666667,,3,51,36,2,209,0,10,0.02631579,0.666666666666667,1,0,0,0.0165293019512106
p6371,1,0.0166666666666667,,2,10,9,2,190,0.170165675,9,0.02631579,1,1,1,1,0.0165293019512106
p6373,3,0.05,17.8,5,151.280000000001,57,4,542.25,0,31,0.0526315783333333,0.8,1,1,1,0.048790164169432
p6374,1,0.0166666666666667,,2,23,17,1,150,0,16,0.02631579,0.5,1,1,0,0.0165293019512106
p6375,0,0,,1,55,55,0,,,,,0,0,0,0,0
p6376,1,0.0166666666666667,,1,1,1,1,150,1,8,0.02631579,1,0,0,0,0.0165293019512106
p6377,2,0.0333333333333333,5.98333333333333,3,20,12,3,174.666666666667,0,8,0.02631579,1,0,0,0,0.0327898228229909
p6378,1,0.0166666666666667,,2,13,12,1,150,0,11,0.02631579,0.5,0,0,0,0.0165293019512106
p6379,1,0.0166666666666667,,2,25,20,1,150,0,20,0.02631579,0.5,1,1,1,0.0165293019512106
p638,1,0.0166666666666667,,2,18,14,1,150,0,10,0.02631579,0.5,1,1,1,0.0165293019512106
p6380,1,0.0166666666666667,,2,9,8,1,150,0,8,0.02631579,0.5,1,0,0,0.0165293019512106
p6381,1,0.0166666666666667,,2,9,8,2,151.5,0.36168835,8,0.02631579,1,0,0,0,0.0165293019512106
p6382,2,0.0333333333333333,48.3,3,69,58,2,312.5,0,33.5,0.039473685,0.666666666666667,1,1,1,0.0327898228229909
p6383,1,0.0166666666666667,,2,14,13,1,150,0,9,0.02631579,0.5,1,0,0,0.0165293019512106
p6384,1,0.0166666666666667,,2,15,11,1,150,0,11,0.02631579,0.5,1,1,1,0.0165293019512106
p6385,1,0.0166666666666667,,2,13,11,2,164.5,0.0226801485,10,0.02631579,1,1,0,0,0.0165293019512106
p6387,1,0.0166666666666667,,2,13,11,2,160.5,0.08801685,10,0.02631579,1,1,1,1,0.0165293019512106
p6388,2,0.0333333333333333,48.3666666666667,2,12,10,2,375,0.5,34,0.039473685,1,0,0,0,0.0327898228229909
p6389,1,0.0166666666666667,,2,11,11,2,135,0.0575069075,11,0.02631579,1,0,0,0,0.0165293019512106
p639,1,0.0166666666666667,,2,7,6,1,150,0,6,0.02631579,0.5,0,0,0,0.0165293019512106
p6390,34,0.566666666666667,1.59949494949495,6,151.280000000001,59,6,4875.58952794118,0,40.5588235294118,0.129561403322221,0.971428571428571,0,0,0,0.448950220047903
p6391,1,0.0166666666666667,,2,21,19,2,99,0.0688514,14,0.02631579,1,1,1,1,0.0165293019512106
p6392,3,0.05,22.1333333333333,4,103,50,3,448.333333333333,0,33.6666666666667,0.0526315783333333,0.75,1,1,1,0.048790164169432
p6393,3,0.05,25.25,4,127,59,3,475,0,41,0.0526315783333333,0.75,1,0,0,0.048790164169432
p6394,1,0.0166666666666667,,1,2,2,1,150,1,9,0.02631579,1,0,0,0,0.0165293019512106
p6395,1,0.0166666666666667,,2,21,15,1,150,0,12,0.02631579,0.5,1,1,0,0.0165293019512106
p6396,1,0.0166666666666667,,2,15,13,1,150,0,12,0.02631579,0.5,1,0,0,0.0165293019512106
p6397,0,0,,1,1,1,1,13,0.4423903,,,1,0,0,0,0
p6398,2,0.0333333333333333,45.9833333333333,3,63,54,2,292.5,0,30,0.039473685,0.666666666666667,1,1,1,0.0327898228229909
p6399,4,0.0666666666666667,16.0555555555556,4,100,48,4,461.25,0.333333333333333,37.5,0.059210525,1,1,1,1,0.0645385211375712
p64,2,0.0333333333333333,4.43333333333333,3,22,13,2,156.25,0,9.5,0.02631579,0.666666666666667,1,1,0,0.0327898228229909
p640,1,0.0166666666666667,,2,10,9,2,156,0.008716547,9,0.02631579,1,0,0,0,0.0165293019512106
p6400,3,0.05,17.7,4,91,42,4,557.75,0.06840133,29.6666666666667,0.0526315783333333,1,1,1,0,0.048790164169432
p6401,1,0.0166666666666667,,2,11,9,1,150,0,9,0.02631579,0.5,1,1,1,0.0165293019512106
p6402,2,0.0333333333333333,38.7,2,8,7,2,375,0.5,25.5,0.039473685,1,0,0,0,0.0327898228229909
p6404,1,0.0166666666666667,,2,7,7,1,150,0,7,0.02631579,0.5,1,1,0,0.0165293019512106
p6405,1,0.0166666666666667,,1,1,1,1,150,1,9,0.02631579,1,0,0,0,0.0165293019512106
p6407,1,0.0166666666666667,,2,13,11,2,252,0.230487985,10,0.02631579,1,1,1,1,0.0165293019512106
p6408,1,0.0166666666666667,,2,9,9,2,178,0.072022745,8,0.02631579,1,1,1,1,0.0165293019512106
p6409,2,0.0333333333333333,20.3,3,71,38,3,232,0.125201573333333,30,0.039473685,1,1,1,1,0.0327898228229909
p6410,1,0.0166666666666667,,2,6,6,2,60,0,5,0.02631579,1,0,0,0,0.0165293019512106
p6411,2,0.0333333333333333,9.48333333333333,3,23,14,4,51.25,0.1265331075,11,0.039473685,1.33333333333333,0,0,0,0.0327898228229909
p6412,1,0.0166666666666667,,2,18,14,2,161.5,0.015003414,12,0.02631579,1,0,0,0,0.0165293019512106
p6413,1,0.0166666666666667,,2,6,5,2,291.5,0.386075885,5,0.02631579,1,0,0,0,0.0165293019512106
p6414,1,0.0166666666666667,,2,13,10,1,150,0,9,0.02631579,0.5,1,1,1,0.0165293019512106
p6415,1,0.0166666666666667,,2,5,5,2,164,0.084264385,4.9225,0.02631579,1,1,1,1,0.0165293019512106
p6416,1,0.0166666666666667,,2,10,9,2,214.5,0.117242455,9,0.02631579,1,1,1,1,0.0165293019512106
p6417,1,0.0166666666666667,,2,13,12,1,150,0,10,0.02631579,0.5,1,0,0,0.0165293019512106
p6418,1,0.0166666666666667,,2,15,13,1,150,0,12,0.02631579,0.5,1,1,1,0.0165293019512106
p6419,1,0.0166666666666667,,1,1,1,1,150,1,6,0.02631579,1,0,0,0,0.0165293019512106
p642,1,0.0166666666666667,,2,10,10,2,177,0.07753724,10,0.02631579,1,0,0,0,0.0165293019512106
p6420,1,0.0166666666666667,,2,42,41,1,150,0,40,0.02631579,0.5,1,0,0,0.0165293019512106
p6421,3,0.05,20.0166666666667,4,109,49,3,415,0,34.6666666666667,0.0526315783333333,0.75,1,1,1,0.048790164169432
p6422,1,0.0166666666666667,,2,14,12,1,150,0,12,0.02631579,0.5,1,1,0,0.0165293019512106
p6423,1,0.0166666666666667,,2,9,8,1,150,0,8,0.02631579,0.5,1,1,1,0.0165293019512106
p6424,1,0.0166666666666667,,2,8,7,1,150,0,7,0.02631579,0.5,1,1,0,0.0165293019512106
p6425,1,0.0166666666666667,,2,10,9,2,110,0.12722638,9,0.02631579,1,1,1,1,0.0165293019512106
p6426,1,0.0166666666666667,,2,11,10,1,150,0,9,0.02631579,0.5,1,0,0,0.0165293019512106
p6427,2,0.0333333333333333,47.8166666666667,3,71,58,2,375,0,33,0.039473685,0.666666666666667,1,1,1,0.0327898228229909
p6429,1,0.0166666666666667,,2,9,8,2,150,0.014495505,7,0.02631579,1,0,0,0,0.0165293019512106
p643,1,0.0166666666666667,,2,7,6,2,269.5,0.28946305,6,0.02631579,1,1,1,1,0.0165293019512106
p6430,1,0.0166666666666667,,2,27,18,1,150,0,16,0.02631579,0.5,0,0,0,0.0165293019512106
p6431,1,0.0166666666666667,,2,13,10,1,150,0,9,0.02631579,0.5,0,0,0,0.0165293019512106
p6432,2,0.0333333333333333,18.75,3,32,23,3,245,0.100037983333333,16.5,0.039473685,1,0,0,0,0.0327898228229909
p6433,1,0.0166666666666667,,2,9,8,1,150,0,7,0.02631579,0.5,1,1,1,0.0165293019512106
p6436,1,0.0166666666666667,,2,9,8,1,150,0,8,0.02631579,0.5,0,0,0,0.0165293019512106
p6437,1,0.0166666666666667,,1,2,2,1,15,1,11,0,1,1,1,1,0.0165293019512106
p6438,1,0.0166666666666667,,2,13,10,1,150,0,10,0.02631579,0.5,1,1,1,0.0165293019512106
p644,2,0.0333333333333333,47.45,3,70,58,2,292.5,0,34.5,0.039473685,0.666666666666667,1,1,1,0.0327898228229909
p6440,1,0.0166666666666667,,2,11,9,1,150,0,9,0.02631579,0.5,1,1,1,0.0165293019512106
p6441,1,0.0166666666666667,,2,16,14,2,274,0.30290265,14,0.02631579,1,1,1,1,0.0165293019512106
p6443,2,0.0333333333333333,12.1666666666667,3,61,29,2,82.5,0,23,0.013157895,0.666666666666667,1,0,0,0.0327898228229909
p6444,1,0.0166666666666667,,2,11,9,1,150,0,9,0.02631579,0.5,0,0,0,0.0165293019512106
p6445,1,0.0166666666666667,,2,24,23,1,150,0,12,0.02631579,0.5,1,1,1,0.0165293019512106
p6446,3,0.05,18.3333333333333,4,85,41,4,559,0.102121905,28,0.0526315783333333,1,1,1,1,0.048790164169432
p6447,1,0.0166666666666667,,2,17,14,1,75,0,13,0.02631579,0.5,1,1,1,0.0165293019512106
p6448,1,0.0166666666666667,,2,11,9,2,168.5,0.11256765,9,0.02631579,1,0,0,0,0.0165293019512106
p645,1,0.0166666666666667,,2,11,10,1,150,0,10,0.02631579,0.5,0,0,0,0.0165293019512106
p6450,2,0.0333333333333333,36.5,2,11,10,2,375,0.5,24.5,0.039473685,1,1,0,0,0.0327898228229909
p6451,0,0,,1,1,1,1,28,0.5857761,,,1,0,0,0,0
p6452,1,0.0166666666666667,,2,10,9,1,60,0,9,0.02631579,0.5,1,1,1,0.0165293019512106
p6453,1,0.0166666666666667,,2,8,7,2,288.5,0.37287262,6,0.02631579,1,1,1,1,0.0165293019512106
p6454,4,0.0666666666666667,15.9722222222222,4,80,55,4,371.25,0.25,33.75,0.03947368375,1,0,0,0,0.0645385211375712
p6455,1,0.0166666666666667,,1,2,2,1,150,1,8,0.02631579,1,0,0,0,0.0165293019512106
p6456,1,0.0166666666666667,,2,15,12,1,150,0,12,0.02631579,0.5,0,0,0,0.0165293019512106
p6457,3,0.05,17.3666666666667,4,84,40,3,475,0,27.3333333333333,0.0526315783333333,0.75,1,0,0,0.048790164169432
p6459,2,0.0333333333333333,37.7,3,93,58,2,350,0,39,0.039473685,0.666666666666667,1,0,0,0.0327898228229909
p646,3,0.05,20.2833333333333,4,102,48,3,475,0,33,0.0526315783333333,0.75,1,0,0,0.048790164169432
p6460,1,0.0166666666666667,,2,33,33,1,465,,33,0,0.5,1,1,1,0.0165293019512106
p6462,1,0.0166666666666667,,2,75,41,1,150,0,40,0.02631579,0.5,1,1,1,0.0165293019512106
p6463,1,0.0166666666666667,,2,6,5,2,200,0.2805281,5,0.02631579,1,1,1,0,0.0165293019512106
p6464,1,0.0166666666666667,,3,51,32,3,194.666666666667,0.03697668,14,0.02631579,1,1,1,1,0.0165293019512106
p6465,2,0.0333333333333333,37.6,2,8,7,1,150,0,25,0.039473685,0.5,1,1,0,0.0327898228229909
p6466,1,0.0166666666666667,,2,25,22,1,150,0,22,0.02631579,0.5,1,1,1,0.0165293019512106
p6467,2,0.0333333333333333,46.6666666666667,2,8,7,2,375,0.5,29.5,0.039473685,1,1,1,1,0.0327898228229909
p6468,1,0.0166666666666667,,2,13,11,3,160.333333333333,0.0134003646666667,10,0.02631579,1.5,0,0,0,0.0165293019512106
p6469,1,0.0166666666666667,,2,7,6,2,256.5,0.39093977,5,0.02631579,1,0,0,0,0.0165293019512106
p647,3,0.05,17.7666666666667,4,85,41,3,415,0,28.3333333333333,0.0526315783333333,0.75,1,0,0,0.048790164169432
p6470,1,0.0166666666666667,,2,12,12,1,60,0,10,0.02631579,0.5,1,1,1,0.0165293019512106
p6471,1,0.0166666666666667,,2,13,11,2,109,0.23052905,9,0.02631579,1,1,1,1,0.0165293019512106
p6472,1,0.0166666666666667,,1,16,16,2,23.5,0.2791965,15,0,2,1,1,0,0.0165293019512106
p6473,1,0.0166666666666667,,2,12,10,1,15,,10,0,0.5,1,1,1,0.0165293019512106
p6474,1,0.0166666666666667,,2,10,8,2,194.5,0.097638415,7,0.02631579,1,0,0,0,0.0165293019512106
p6475,2,0.0333333333333333,41.8,2,8,7,2,375,0.5,27,0.039473685,1,0,0,0,0.0327898228229909
p6476,1,0.0166666666666667,,2,10,10,2,197.5,0.099773475,9,0.02631579,1,1,1,1,0.0165293019512106
p6477,1,0.0166666666666667,,2,7,6,2,152.5,0.005865515,6,0.02631579,1,0,0,0,0.0165293019512106
p6478,3,0.05,21.2,3,53,45,3,365,0.333333333333333,33,0.0526315783333333,1,1,1,0,0.048790164169432
p648,1,0.0166666666666667,,2,16,16,2,150,0,14,0.02631579,1,0,0,0,0.0165293019512106
p6480,2,0.0333333333333333,14.5833333333333,6,151.280000000001,30,6,94.3846153846154,0.223397488890909,15.5,0.02631579,1,1,0,0,0.0327898228229909
p6481,3,0.05,24.6583333333333,4,119,57,3,475,0,38.6666666666667,0.0526315783333333,0.75,1,0,0,0.048790164169432
p6482,1,0.0166666666666667,,1,0,0,1,150,1,4.9225,0.02631579,1,1,1,1,0.0165293019512106
p6483,2,0.0333333333333333,54,2,7,6,1,150,0,32,0.039473685,0.5,1,1,0,0.0327898228229909
p6484,3,0.05,23.2833333333333,4,115,55,3,475,0,37.3333333333333,0.0526315783333333,0.75,1,1,1,0.048790164169432
p6485,1,0.0166666666666667,,2,6,6,2,160.5,0.04125344,6,0.02631579,1,0,0,0,0.0165293019512106
p6486,1,0.0166666666666667,,2,32,29,0,,,26,0.02631579,0,1,1,1,0.0165293019512106
p6487,3,0.05,24.8583333333333,4,120,57,3,475,0,39.3333333333333,0.0526315783333333,0.75,1,1,1,0.048790164169432
p6488,2,0.0333333333333333,41.9666666666667,2,6,6,2,362.5,0.5,27,0.039473685,1,1,1,1,0.0327898228229909
p6489,1,0.0166666666666667,,2,7,6,2,193.5,0.07381702,6,0.02631579,1,1,1,0,0.0165293019512106
p649,1,0.0166666666666667,,2,13,12,1,60,0,10,0.02631579,0.5,1,1,0,0.0165293019512106
p6490,2,0.0333333333333333,46.5166666666667,2,10,9,2,375,0.5,28.5,0.039473685,1,0,0,0,0.0327898228229909
p6491,1,0.0166666666666667,,2,18,17,2,180.5,0.13548906,14,0.02631579,1,0,0,0,0.0165293019512106
p6492,2,0.0333333333333333,44.5666666666667,3,73,58,2,375,0,34.5,0.039473685,0.666666666666667,0,0,0,0.0327898228229909
p6493,1,0.0166666666666667,,2,14,11,1,15,,10,0,0.5,1,1,1,0.0165293019512106
p6494,1,0.0166666666666667,,2,21,16,2,201.5,0.20664777,13,0.02631579,1,0,0,0,0.0165293019512106
p6495,2,0.0333333333333333,38.7,2,8,7,2,337.5,0.5,25.5,0.039473685,1,1,1,0,0.0327898228229909
p6496,0,0,,1,0,0,1,35,0.7357459,,,1,0,0,0,0
p6497,1,0.0166666666666667,,2,9,8,2,156,0.011914575,8,0.02631579,1,0,0,0,0.0165293019512106
p6498,1,0.0166666666666667,,2,8,8,2,205,0.121431105,8,0.02631579,1,1,1,1,0.0165293019512106
p6499,1,0.0166666666666667,,2,11,10,1,150,0,9,0.02631579,0.5,0,0,0,0.0165293019512106
p65,1,0.0166666666666667,,1,1,1,1,150,1,5,0.02631579,1,0,0,0,0.0165293019512106
p650,1,0.0166666666666667,,2,9,8,2,232,0.3053441,8,0.02631579,1,1,1,1,0.0165293019512106
p6500,2,0.0333333333333333,50.9333333333333,3,65,58,2,285,0,31.5,0.039473685,0.666666666666667,0,0,0,0.0327898228229909
p6501,1,0.0166666666666667,,2,16,13,2,279,0.355288,13,0.02631579,1,1,1,1,0.0165293019512106
p6502,1,0.0166666666666667,,2,13,10,2,165,0.13923599,10,0.02631579,1,0,0,0,0.0165293019512106
p6503,1,0.0166666666666667,,1,1,1,1,150,1,4.9225,0.02631579,1,1,1,1,0.0165293019512106
p6504,1,0.0166666666666667,,2,20,19,1,150,0,10,0.02631579,0.5,0,0,0,0.0165293019512106
p6505,1,0.0166666666666667,,2,8,6,1,150,0,6,0.02631579,0.5,1,1,1,0.0165293019512106
p6506,0,0,,1,0,0,1,2,0.027702795,,,1,1,1,1,0
p6507,1,0.0166666666666667,,1,2,2,1,150,1,10,0.02631579,1,1,1,0,0.0165293019512106
p6508,1,0.0166666666666667,,2,12,11,1,150,0,10,0.02631579,0.5,0,0,0,0.0165293019512106
p6509,2,0.0333333333333333,43.2833333333333,2,6,6,2,362.5,0.5,27.5,0.039473685,1,1,1,0,0.0327898228229909
p651,0,0,,1,1,1,1,0,0.14165592,,,1,0,0,0,0
p6510,2,0.0333333333333333,31.7166666666667,2,11,9,2,375,0.5,24,0.039473685,1,1,1,1,0.0327898228229909
p6511,1,0.0166666666666667,,2,12,11,1,150,0,11,0.02631579,0.5,1,1,1,0.0165293019512106
p6512,2,0.0333333333333333,49.9166666666667,3,67,55,2,375,0,30,0.039473685,0.666666666666667,1,0,0,0.0327898228229909
p6513,1,0.0166666666666667,,2,15,12,1,0,0,11,0.02631579,0.5,1,1,0,0.0165293019512106
p6514,3,0.05,23.5,4,88,57,4,314.75,0.05172133,28,0.0526315783333333,1,1,1,1,0.048790164169432
p6515,2,0.0333333333333333,31.1166666666667,2,7,6,2,362.5,0.5,20.5,0.039473685,1,1,1,1,0.0327898228229909
p6516,10,0.166666666666667,5.53518518518519,6,151.280000000001,37,6,982.000053846154,0.0613981913636364,19.2,0.129561403322221,1.08333333333333,1,1,1,0.154150679827258
p6517,3,0.05,25.575,4,124,59,3,405,0,40.3333333333333,0.0526315783333333,0.75,1,0,0,0.048790164169432
p6519,2,0.0333333333333333,52.7,3,68,59,2,222.5,0,32.5,0.039473685,0.666666666666667,0,0,0,0.0327898228229909
p652,1,0.0166666666666667,,1,1,1,1,150,1,8,0.02631579,1,1,1,1,0.0165293019512106
p6520,1,0.0166666666666667,,2,8,7,2,222.5,0.156880915,7,0.02631579,1,1,1,1,0.0165293019512106
p6521,4,0.0666666666666667,14.5833333333333,5,141,55,4,258.75,0,33.25,0.03947368375,0.8,1,1,1,0.0645385211375712
p6522,2,0.0333333333333333,49.8,2,12,10,2,292.5,0.5,32,0.039473685,1,1,1,1,0.0327898228229909
p6523,1,0.0166666666666667,,2,11,10,1,150,0,9,0.02631579,0.5,0,0,0,0.0165293019512106
p6525,1,0.0166666666666667,,1,1,1,1,150,1,11,0.02631579,1,0,0,0,0.0165293019512106
p6526,1,0.0166666666666667,,2,8,8,2,158.5,0.0275361685,8,0.02631579,1,1,1,1,0.0165293019512106
p6527,1,0.0166666666666667,,1,3,3,1,150,1,6,0.02631579,1,0,0,0,0.0165293019512106
p6528,2,0.0333333333333333,38.35,3,52,45,3,450,0,25,0.039473685,1,1,1,0,0.0327898228229909
p653,2,0.0333333333333333,48.05,3,67,58,2,330,0,32,0.039473685,0.666666666666667,1,1,0,0.0327898228229909
p6530,0,0,,1,2,2,1,39,0.90668344,,,1,0,0,0,0
p6531,1,0.0166666666666667,,2,12,11,1,150,0,11,0.02631579,0.5,1,1,1,0.0165293019512106
p6532,2,0.0333333333333333,10.3166666666667,3,39,24,2,96.25,0,17.5,0.02631579,0.666666666666667,1,1,1,0.0327898228229909
p6533,1,0.0166666666666667,,1,1,1,1,150,1,8,0.02631579,1,1,0,0,0.0165293019512106
p6534,0,0,,1,1,1,0,,,,,0,1,1,1,0
p6535,1,0.0166666666666667,,2,12,11,2,150,0,10,0.02631579,1,0,0,0,0.0165293019512106
p6536,1,0.0166666666666667,,2,6,5,3,102.333333333333,0.00584683933333333,4.9225,0.02631579,1.5,0,0,0,0.0165293019512106
p6537,2,0.0333333333333333,38.8,3,53,46,2,375,0,25.5,0.039473685,0.666666666666667,0,0,0,0.0327898228229909
p654,2,0.0333333333333333,43.8666666666667,2,6,6,2,375,0.5,28,0.039473685,1,1,1,1,0.0327898228229909
p6540,2,0.0333333333333333,48.75,3,73,59,2,375,0,31.5,0.039473685,0.666666666666667,1,1,0,0.0327898228229909
p6541,1,0.0166666666666667,,2,6,6,2,150,0,5,0.02631579,1,1,0,0,0.0165293019512106
p6542,1,0.0166666666666667,,2,7,6,2,276.5,0.34487315,6,0.02631579,1,1,1,1,0.0165293019512106
p6543,1,0.0166666666666667,,2,10,10,2,136.5,0.414607675,9,0.02631579,1,1,1,1,0.0165293019512106
p6544,1,0.0166666666666667,,2,26,19,1,150,0,16,0.02631579,0.5,1,1,1,0.0165293019512106
p6545,1,0.0166666666666667,,2,12,11,1,150,0,10,0.02631579,0.5,1,1,0,0.0165293019512106
p6546,3,0.05,25.8916666666667,4,121,58,3,475,0,39.3333333333333,0.0526315783333333,0.75,1,1,0,0.048790164169432
p6547,1,0.0166666666666667,,1,5,5,1,150,1,8,0.02631579,1,1,1,1,0.0165293019512106
p6548,1,0.0166666666666667,,2,13,11,2,178,0.05037916,10,0.02631579,1,1,1,1,0.0165293019512106
p6549,1,0.0166666666666667,,2,13,12,1,150,0,11,0.02631579,0.5,1,1,1,0.0165293019512106
p655,1,0.0166666666666667,,2,9,8,2,160,0.007357896,7,0.02631579,1,0,0,0,0.0165293019512106
p6550,3,0.05,22.1416666666667,4,111,52,3,475,0,36.6666666666667,0.0526315783333333,0.75,0,0,0,0.048790164169432
p6551,2,0.0333333333333333,40.0833333333333,2,10,8,2,375,0.5,28,0.039473685,1,0,0,0,0.0327898228229909
p6552,1,0.0166666666666667,,3,14,11,2,75.5,0,10,0.02631579,0.666666666666667,0,0,0,0.0165293019512106
p6553,1,0.0166666666666667,,2,12,11,2,195,0.38349247,8,0.02631579,1,1,1,0,0.0165293019512106
p6555,1,0.0166666666666667,,2,8,8,2,158.625,0.04745939,6,0.02631579,1,0,0,0,0.0165293019512106
p6556,1,0.0166666666666667,,2,11,10,2,289.5,0.4083088,9,0.02631579,1,1,0,0,0.0165293019512106
p6557,0,0,,1,1,1,0,,,,,0,0,0,0,0
p6558,1,0.0166666666666667,,2,15,13,1,150,0,12,0.02631579,0.5,0,0,0,0.0165293019512106
p6559,3,0.05,20.2,4,100,47,3,475,0,32.3333333333333,0.0526315783333333,0.75,0,0,0,0.048790164169432
p656,1,0.0166666666666667,,2,28,19,2,94,0.073437095,17,0.02631579,1,1,1,1,0.0165293019512106
p6560,2,0.0333333333333333,35.2833333333333,3,48,41,3,453.333333333333,0.04278272,23.5,0.039473685,1,1,0,0,0.0327898228229909
p6561,0,0,,1,0,0,1,14,0.42718917,,,1,0,0,0,0
p6563,3,0.05,18.1666666666667,4,89,42,3,475,0,28.6666666666667,0.0526315783333333,0.75,0,0,0,0.048790164169432
p6564,1,0.0166666666666667,,2,14,12,1,150,0,12,0.02631579,0.5,1,1,1,0.0165293019512106
p6565,1,0.0166666666666667,,2,38,21,1,150,0,20,0.02631579,0.5,1,0,0,0.0165293019512106
p6567,1,0.0166666666666667,,2,10,9,1,150,0,8,0.02631579,0.5,1,1,1,0.0165293019512106
p6568,0,0,,4,4,4,3,2668.9998,0.24937442,,,0.75,1,1,1,0
p6569,2,0.0333333333333333,16.85,3,31,22,3,195.666666666667,0.07348674,16.5,0.039473685,1,1,1,1,0.0327898228229909
p657,1,0.0166666666666667,,2,14,13,1,150,0,12,0.02631579,0.5,1,1,0,0.0165293019512106
p6570,1,0.0166666666666667,,2,8,7,2,201.5,0.1745468,6,0.02631579,1,0,0,0,0.0165293019512106
p6571,1,0.0166666666666667,,2,16,14,2,198.5,0.10573169,13,0.02631579,1,0,0,0,0.0165293019512106
p6573,1,0.0166666666666667,,2,12,11,1,150,0,11,0.02631579,0.5,0,0,0,0.0165293019512106
p6574,1,0.0166666666666667,,2,11,10,1,60,0,8,0.02631579,0.5,1,1,1,0.0165293019512106
p6575,1,0.0166666666666667,,2,19,13,1,150,0,12,0.02631579,0.5,0,0,0,0.0165293019512106
p6576,1,0.0166666666666667,,2,6,6,2,222.5,0.2521065,5,0.02631579,1,0,0,0,0.0165293019512106
p6577,1,0.0166666666666667,,2,13,12,2,155,0.092799365,11,0.02631579,1,1,1,1,0.0165293019512106
p6579,1,0.0166666666666667,,2,12,10,2,150,0,8,0.02631579,1,0,0,0,0.0165293019512106
p658,1,0.0166666666666667,,2,16,13,1,150,0,13,0.02631579,0.5,0,0,0,0.0165293019512106
p6580,1,0.0166666666666667,,2,6,5,2,247,0.2006084,5,0.02631579,1,1,0,0,0.0165293019512106
p6581,2,0.0333333333333333,42.65,3,64,51,3,308.333333333333,0.178496023333333,31,0.039473685,1,1,1,1,0.0327898228229909
p6582,1,0.0166666666666667,,2,14,9,2,150,0.0020384775,9,0.02631579,1,0,0,0,0.0165293019512106
p6583,1,0.0166666666666667,,2,13,12,1,150,0,7,0.02631579,0.5,0,0,0,0.0165293019512106
p6584,1,0.0166666666666667,,1,1,1,2,268.5,0.26963073,7,0.02631579,2,0,0,0,0.0165293019512106
p6586,1,0.0166666666666667,,2,7,7,2,231,0.19934833,6,0.02631579,1,0,0,0,0.0165293019512106
p6587,1,0.0166666666666667,,2,11,9,1,150,0,8,0.02631579,0.5,1,1,0,0.0165293019512106
p6588,3,0.05,20.8583333333333,4,101,48,3,475,0,32.6666666666667,0.0526315783333333,0.75,1,1,1,0.048790164169432
p659,0,0,,1,1,1,1,22,0.38860306,,,1,0,0,0,0
p6590,1,0.0166666666666667,,2,13,11,1,150,0,10,0.02631579,0.5,0,0,0,0.0165293019512106
p6591,1,0.0166666666666667,,2,13,11,1,60,0,8,0.02631579,0.5,1,1,1,0.0165293019512106
p6592,1,0.0166666666666667,,2,6,5,2,215.5,0.26280545,5,0.02631579,1,0,0,0,0.0165293019512106
p6593,1,0.0166666666666667,,1,0,0,1,150,1,7,0.02631579,1,1,1,0,0.0165293019512106
p6594,2,0.0333333333333333,18.05,3,31,20,3,187,0.059677437,17.5,0.02631579,1,0,0,0,0.0327898228229909
p6595,1,0.0166666666666667,,2,13,12,2,247,0.32088378,12,0.02631579,1,1,1,1,0.0165293019512106
p6596,3,0.05,16.775,4,79,38,3,335,0,26,0.0526315783333333,0.75,1,1,1,0.048790164169432
p6598,2,0.0333333333333333,6.15,2,111,59,2,467.5,0,41.3333333333333,0.0657894725,1,1,1,1,0.0327898228229909
p6599,2,0.0333333333333333,41.2666666666667,3,57,49,2,375,0,27,0.039473685,0.666666666666667,0,0,0,0.0327898228229909
p66,1,0.0166666666666667,,2,66,40,1,150,0,39,0.02631579,0.5,0,0,0,0.0165293019512106
p660,1,0.0166666666666667,,2,11,9,1,150,0,8,0.02631579,0.5,0,0,0,0.0165293019512106
p6600,1,0.0166666666666667,,2,9,8,1,150,0,7,0.02631579,0.5,0,0,0,0.0165293019512106
p6601,1,0.0166666666666667,,2,24,18,1,150,0,17,0.02631579,0.5,1,0,0,0.0165293019512106
p6602,1,0.0166666666666667,,2,13,12,1,150,0,10,0.02631579,0.5,1,1,1,0.0165293019512106
p6603,1,0.0166666666666667,,2,17,14,1,60,0,9,0.02631579,0.5,0,0,0,0.0165293019512106
p6604,1,0.0166666666666667,,2,10,8,1,150,0,8,0.02631579,0.5,1,1,0,0.0165293019512106
p6605,1,0.0166666666666667,,2,16,15,1,150,0,10,0.02631579,0.5,0,0,0,0.0165293019512106
p6606,1,0.0166666666666667,,1,2,2,1,150,1,13,0.02631579,1,0,0,0,0.0165293019512106
p6607,1,0.0166666666666667,,2,6,5,2,176,0.052258035,5,0.02631579,1,0,0,0,0.0165293019512106
p6608,1,0.0166666666666667,,1,0,0,1,100,1,5,0.02631579,1,0,0,0,0.0165293019512106
p6609,1,0.0166666666666667,,2,10,8,1,150,0,8,0.02631579,0.5,0,0,0,0.0165293019512106
p661,1,0.0166666666666667,,2,18,15,2,186,0.17892857,14,0.02631579,1,1,1,1,0.0165293019512106
p6610,0,0,,1,2,2,0,,,,,0,1,0,0,0
p6611,1,0.0166666666666667,,2,11,10,1,60,0,8,0.02631579,0.5,1,1,0,0.0165293019512106
p6612,1,0.0166666666666667,,1,1,1,0,,,8,0.02631579,0,1,1,1,0.0165293019512106
p6613,1,0.0166666666666667,,1,2,2,1,150,1,10,0.02631579,1,0,0,0,0.0165293019512106
p6614,0,0,,1,1,1,1,0,0.0005996207,,,1,0,0,0,0
p6615,1,0.0166666666666667,,3,17,9,3,162.75,0.03250765,5,0.02631579,1,0,0,0,0.0165293019512106
p6616,1,0.0166666666666667,,2,9,8,1,150,0,8,0.02631579,0.5,1,1,1,0.0165293019512106
p6619,6,0.1,10.2366666666667,6,151.280000000001,58,6,8260.32948996292,0,40,0.0921052625,0.857142857142857,1,1,1,0.0953101798043249
p662,1,0.0166666666666667,,2,22,21,1,150,0,19,0.02631579,0.5,1,0,0,0.0165293019512106
p6620,2,0.0333333333333333,45.2666666666667,3,63,53,2,375,0,30,0.039473685,0.666666666666667,0,0,0,0.0327898228229909
p6621,19,0.316666666666667,3.07592592592593,6,151.280000000001,59,6,3891.6665,0,41.3333333333333,0.129561403322221,0.947368421052632,0,0,0,0.275103290244921
p6622,1,0.0166666666666667,,2,17,16,1,150,0,15,0.02631579,0.5,1,1,1,0.0165293019512106
p6623,1,0.0166666666666667,,2,6,6,2,269,0.31222117,6,0.02631579,1,0,0,0,0.0165293019512106
p6624,1,0.0166666666666667,,2,14,12,2,261,0.24796058,11,0.02631579,1,1,1,1,0.0165293019512106
p6625,3,0.05,24.25,4,117,56,3,475,0,38.6666666666667,0.0526315783333333,0.75,1,0,0,0.048790164169432
p6626,1,0.0166666666666667,,1,2,2,1,150,1,23,0.02631579,1,1,1,1,0.0165293019512106
p6627,1,0.0166666666666667,,2,7,6,2,152,0.1764232,6,0.02631579,1,1,0,0,0.0165293019512106
p6629,1,0.0166666666666667,,2,9,8,3,120.333333333333,0.16482223,7,0.02631579,1.5,1,0,0,0.0165293019512106
p663,2,0.0333333333333333,49.6,3,66,57,2,285,0,32,0.039473685,0.666666666666667,1,1,1,0.0327898228229909
p6630,1,0.0166666666666667,,2,12,10,1,150,0,9,0.02631579,0.5,1,1,1,0.0165293019512106
p6631,2,0.0333333333333333,47.65,3,69,58,2,375,0,33.5,0.039473685,0.666666666666667,0,0,0,0.0327898228229909
p6632,11,0.183333333333333,1.06333333333333,6,52,11,6,8260.32948996292,0.0909090909090909,5.72727272727273,0.129561403322221,1,0,0,0,0.168335314819215
p6633,2,0.0333333333333333,50.6833333333333,3,69,59,2,375,0,34,0.039473685,0.666666666666667,1,1,1,0.0327898228229909
p6634,2,0.0333333333333333,42.8166666666667,2,7,6,2,375,0.5,27.5,0.039473685,1,0,0,0,0.0327898228229909
p6635,1,0.0166666666666667,,2,13,12,2,269.5,0.31194965,11,0.02631579,1,1,1,1,0.0165293019512106
p6636,1,0.0166666666666667,,2,11,10,1,150,0,9,0.02631579,0.5,0,0,0,0.0165293019512106
p6637,2,0.0333333333333333,52.2333333333333,2,9,7,1,150,0,32,0.039473685,0.5,0,0,0,0.0327898228229909
p6638,1,0.0166666666666667,,2,7,6,2,207,0.215489375,6,0.02631579,1,0,0,0,0.0165293019512106
p6639,2,0.0333333333333333,8.65,3,31,19,2,90,0,14,0.013157895,0.666666666666667,1,1,1,0.0327898228229909
p664,1,0.0166666666666667,,2,6,5,1,150,0,4.9225,0.02631579,0.5,0,0,0,0.0165293019512106
p6640,1,0.0166666666666667,,2,5,5,3,102,0.07467248,4.9225,0.02631579,1.5,1,1,1,0.0165293019512106
p6641,3,0.05,9.7,4,56,25,4,3010.7517,0.188388615,18,0.0526315783333333,1,1,1,1,0.048790164169432
p6642,1,0.0166666666666667,,2,19,18,2,152,0.0058634125,13,0.02631579,1,0,0,0,0.0165293019512106
p6643,8,0.133333333333333,7.47857142857143,6,151.280000000001,59,6,8260.32948996292,0,41.3333333333333,0.118421051875,0.888888888888889,0,0,0,0.125163142954006
p6644,1,0.0166666666666667,,2,19,17,2,162,0.14880945,15,0.02631579,1,1,1,1,0.0165293019512106
p6645,1,0.0166666666666667,,2,13,12,3,168,0.176470016666667,11,0.02631579,1.5,0,0,0,0.0165293019512106
p6646,1,0.0166666666666667,,2,9,8,2,214,0.374889525,7,0.02631579,1,0,0,0,0.0165293019512106
p6647,1,0.0166666666666667,,2,17,16,2,150,0,15,0.02631579,1,0,0,0,0.0165293019512106
p6648,1,0.0166666666666667,,1,39,39,1,6298.249,0,37,0.129561403322221,1,1,1,1,0.0165293019512106
p665,1,0.0166666666666667,,2,15,13,1,150,0,12,0.02631579,0.5,0,0,0,0.0165293019512106
p6650,1,0.0166666666666667,,2,8,6,2,242.5,0.236460285,6,0.02631579,1,0,0,0,0.0165293019512106
p6652,2,0.0333333333333333,17.7833333333333,3,39,25,3,215,0.0777468833333333,19,0.039473685,1,1,1,1,0.0327898228229909
p6653,3,0.05,23.85,4,114,54,4,525,0,37,0.0526315783333333,1,0,0,0,0.048790164169432
p6654,2,0.0333333333333333,51.7666666666667,2,9,8,2,375,0.5,33,0.039473685,1,0,0,0,0.0327898228229909
p6655,1,0.0166666666666667,,2,18,15,1,10,0,13,0.02631579,0.5,1,1,1,0.0165293019512106
p6656,3,0.05,16.0416666666667,4,63,36,5,500,0.165677014,20.6666666666667,0.0526315783333333,1.25,0,0,0,0.048790164169432
p6658,2,0.0333333333333333,51.3,2,9,8,2,375,0.5,33.5,0.039473685,1,0,0,0,0.0327898228229909
p6659,1,0.0166666666666667,,1,1,1,1,150,1,8,0.02631579,1,0,0,0,0.0165293019512106
p666,1,0.0166666666666667,,1,1,1,1,150,1,10,0.02631579,1,0,0,0,0.0165293019512106
p6660,1,0.0166666666666667,,2,17,16,1,150,0,15,0.02631579,0.5,1,1,1,0.0165293019512106
p6661,1,0.0166666666666667,,2,10,9,1,150,0,9,0.02631579,0.5,0,0,0,0.0165293019512106
p6662,3,0.05,23.725,4,111,53,3,475,0,36.3333333333333,0.0526315783333333,0.75,0,0,0,0.048790164169432
p6663,1,0.0166666666666667,,2,14,11,2,161.5,0.03480522,11,0.02631579,1,0,0,0,0.0165293019512106
p6664,1,0.0166666666666667,,2,14,13,1,150,0,12,0.02631579,0.5,1,1,1,0.0165293019512106
p6665,0,0,,1,1,1,1,16,0.46438506,,,1,1,1,1,0
p6666,2,0.0333333333333333,9.5,3,24,14,3,213.666666666667,0.0678105566666667,12,0.039473685,1,1,1,0,0.0327898228229909
p6667,1,0.0166666666666667,,2,10,9,2,153,0.06407216,9,0.02631579,1,0,0,0,0.0165293019512106
p6668,1,0.0166666666666667,,1,0,0,1,150,1,5,0.02631579,1,0,0,0,0.0165293019512106
p6669,1,0.0166666666666667,,2,12,10,2,171.5,0.0401651,10,0.02631579,1,1,1,1,0.0165293019512106
p667,1,0.0166666666666667,,2,34,21,2,83,0.086947655,20,0.02631579,1,1,1,0,0.0165293019512106
p6670,1,0.0166666666666667,,2,11,10,1,35,0,9,0.02631579,0.5,1,1,1,0.0165293019512106
p6671,2,0.0333333333333333,38.7666666666667,2,7,6,2,367.5,0.5,25.5,0.039473685,1,1,1,0,0.0327898228229909
p6672,1,0.0166666666666667,,2,14,12,2,197.5,0.07277652,11,0.02631579,1,1,1,1,0.0165293019512106
p6673,1,0.0166666666666667,,2,9,8,2,169.5,0.043071147,7,0.02631579,1,1,0,0,0.0165293019512106
p6674,1,0.0166666666666667,,2,8,7,2,162,0.02261653,6,0.02631579,1,0,0,0,0.0165293019512106
p6675,1,0.0166666666666667,,2,5,5,2,230,0.39781655,5,0.02631579,1,1,1,1,0.0165293019512106
p6676,1,0.0166666666666667,,2,5,5,2,202.5,0.18176055,4.9225,0.02631579,1,0,0,0,0.0165293019512106
p6677,0,0,,2,51,50,1,14.5,,,,0.5,0,0,0,0
p6678,4,0.0666666666666667,2.14444444444444,4,15,7,5,8260.32948996292,0.26660236,4.9225,0.06578947375,1.25,0,0,0,0.0645385211375712
p6679,0,0,,1,8,8,1,27,0.59740883,,,1,0,0,0,0
p668,1,0.0166666666666667,,1,1,1,1,150,1,5,0.02631579,1,0,0,0,0.0165293019512106
p6680,1,0.0166666666666667,,2,11,10,1,150,0,9,0.02631579,0.5,1,1,0,0.0165293019512106
p6681,1,0.0166666666666667,,2,34,31,1,150,0,31,0.02631579,0.5,1,0,0,0.0165293019512106
p6682,1,0.0166666666666667,,2,6,6,2,202,0.113075815,6,0.02631579,1,1,1,1,0.0165293019512106
p6683,1,0.0166666666666667,,1,2,2,1,150,1,15,0.02631579,1,0,0,0,0.0165293019512106
p6684,1,0.0166666666666667,,2,14,11,1,150,0,11,0.02631579,0.5,0,0,0,0.0165293019512106
p6685,3,0.05,13.1583333333333,5,104,38,5,618.4,0.059602,21.6666666666667,0.0526315783333333,1,1,0,0,0.048790164169432
p6686,1,0.0166666666666667,,2,21,18,1,0,0,16,0.02631579,0.5,0,0,0,0.0165293019512106
p6687,1,0.0166666666666667,,2,10,9,2,152.5,0.007211135,8,0.02631579,1,1,1,1,0.0165293019512106
p6688,1,0.0166666666666667,,2,17,14,1,150,0,14,0.02631579,0.5,1,1,1,0.0165293019512106
p6689,1,0.0166666666666667,,2,13,11,1,150,0,10,0.02631579,0.5,1,1,1,0.0165293019512106
p669,2,0.0333333333333333,42.4666666666667,3,61,52,2,355,0,27.5,0.039473685,0.666666666666667,1,1,0,0.0327898228229909
p6690,1,0.0166666666666667,,2,8,8,1,150,0,7,0.02631579,0.5,1,1,1,0.0165293019512106
p6691,1,0.0166666666666667,,2,13,13,1,150,0,13,0.02631579,0.5,0,0,0,0.0165293019512106
p6692,2,0.0333333333333333,50.8,3,69,59,2,375,0,33.5,0.039473685,0.666666666666667,1,1,1,0.0327898228229909
p6693,1,0.0166666666666667,,3,29,21,2,62.5,0,20,0.02631579,0.666666666666667,1,1,0,0.0165293019512106
p6694,1,0.0166666666666667,,1,2,2,1,150,1,9,0.02631579,1,0,0,0,0.0165293019512106
p6695,2,0.0333333333333333,50.2166666666667,3,66,58,2,375,0,31.5,0.039473685,0.666666666666667,0,0,0,0.0327898228229909
p6697,1,0.0166666666666667,,1,2,2,1,150,1,10,0.02631579,1,1,1,1,0.0165293019512106
p6698,1,0.0166666666666667,,1,1,1,1,150,1,6,0.02631579,1,0,0,0,0.0165293019512106
p6699,3,0.05,20.4666666666667,4,95,47,3,475,0,31,0.0526315783333333,0.75,0,0,0,0.048790164169432
p67,0,0,,1,5,5,2,261,0.31334045,,,2,1,1,1,0
p670,1,0.0166666666666667,,2,9,8,1,150,0,8,0.02631579,0.5,1,1,1,0.0165293019512106
p6700,1,0.0166666666666667,,2,10,10,1,60,0,10,0.02631579,0.5,0,0,0,0.0165293019512106
p6701,1,0.0166666666666667,,2,21,13,2,307.5,0.406783225,13,0.02631579,1,0,0,0,0.0165293019512106
p6702,1,0.0166666666666667,,2,16,13,2,229.5,0.2769909,12,0.02631579,1,1,1,0,0.0165293019512106
p6703,1,0.0166666666666667,,2,17,15,1,60,0,14,0.02631579,0.5,1,1,1,0.0165293019512106
p6704,1,0.0166666666666667,,2,10,9,1,150,0,8,0.02631579,0.5,0,0,0,0.0165293019512106
p6705,1,0.0166666666666667,,1,1,1,1,150,1,8,0.02631579,1,0,0,0,0.0165293019512106
p6706,1,0.0166666666666667,,3,10,9,3,150,0.0134365173333333,9,0.02631579,1,0,0,0,0.0165293019512106
p6708,1,0.0166666666666667,,2,12,11,3,179,0.140702553333333,8,0.02631579,1.5,1,1,1,0.0165293019512106
p6709,3,0.05,20.0333333333333,4,98,46,3,68.3333333333333,0,31.6666666666667,0.0526315783333333,0.75,1,1,1,0.048790164169432
p671,1,0.0166666666666667,,1,1,1,1,150,1,10,0.02631579,1,1,1,1,0.0165293019512106
p6711,1,0.0166666666666667,,2,7,6,2,156,0.008296998,5,0.02631579,1,1,1,1,0.0165293019512106
p6712,3,0.05,18.5916666666667,4,86,42,3,475,0,28,0.0526315783333333,0.75,1,1,1,0.048790164169432
p6714,3,0.05,19.7166666666667,4,99,47,4,525,0,31.6666666666667,0.0526315783333333,1,0,0,0,0.048790164169432
p6715,1,0.0166666666666667,,2,79,43,1,35,0,41.3333333333333,0.02631579,0.5,0,0,0,0.0165293019512106
p6716,1,0.0166666666666667,,2,13,12,2,275,0.35239157,10,0.02631579,1,1,1,1,0.0165293019512106
p6717,1,0.0166666666666667,,2,11,10,2,263,0.431346775,9,0.02631579,1,1,1,0,0.0165293019512106
p6718,1,0.0166666666666667,,2,22,18,1,150,0,17,0.02631579,0.5,1,1,0,0.0165293019512106
p6719,1,0.0166666666666667,,2,16,15,1,150,0,15,0.02631579,0.5,1,1,1,0.0165293019512106
p672,0,0,,1,0,0,1,18,0.621135,,,1,0,0,0,0
p6720,1,0.0166666666666667,,2,10,9,1,0,0,9,0.02631579,0.5,1,1,1,0.0165293019512106
p6721,1,0.0166666666666667,,1,1,1,1,150,1,7,0.02631579,1,0,0,0,0.0165293019512106
p6722,1,0.0166666666666667,,2,11,10,1,150,0,9,0.02631579,0.5,1,1,1,0.0165293019512106
p6723,1,0.0166666666666667,,1,18,18,1,150,1,25,0.02631579,1,0,0,0,0.0165293019512106
p6724,2,0.0333333333333333,5.18333333333333,3,23,14,2,156.25,0,10.5,0.02631579,0.666666666666667,0,0,0,0.0327898228229909
p6725,1,0.0166666666666667,,2,6,6,1,150,0,5,0.02631579,0.5,1,1,1,0.0165293019512106
p6726,1,0.0166666666666667,,2,10,9,1,150,0,8,0.02631579,0.5,1,1,1,0.0165293019512106
p6727,2,0.0333333333333333,37.5333333333333,2,14,11,2,375,0.5,27.5,0.039473685,1,0,0,0,0.0327898228229909
p6728,1,0.0166666666666667,,2,10,8,2,237.5,0.28343153,8,0.02631579,1,0,0,0,0.0165293019512106
p6729,2,0.0333333333333333,9.48333333333333,3,34,21,2,157.5,0,15.5,0.02631579,0.666666666666667,1,1,1,0.0327898228229909
p673,1,0.0166666666666667,,1,0,0,1,150,1,6,0.02631579,1,1,1,1,0.0165293019512106
p6731,0,0,,1,1,1,1,0,0,,,1,0,0,0,0
p6732,1,0.0166666666666667,,2,10,8,1,150,0,7,0.02631579,0.5,1,1,1,0.0165293019512106
p6733,3,0.05,19.7333333333333,4,98,46,3,475,0,31.3333333333333,0.0526315783333333,0.75,0,0,0,0.048790164169432
p6734,3,0.05,14.55,4,81,42,4,202.75,0.05823492,27.6666666666667,0.02631579,1,1,0,0,0.048790164169432
p6736,0,0,,1,1,1,1,2.75,0.504279,,,1,0,0,0,0
p6737,2,0.0333333333333333,44.7333333333333,3,62,54,2,107.5,0,28.5,0.039473685,0.666666666666667,0,0,0,0.0327898228229909
p6738,1,0.0166666666666667,,2,18,16,1,150,0,15,0.02631579,0.5,1,1,1,0.0165293019512106
p674,0,0,,1,2,2,1,8,0.05135394,,,1,1,1,1,0
p6740,1,0.0166666666666667,,2,19,14,1,150,0,14,0.02631579,0.5,1,1,1,0.0165293019512106
p6741,1,0.0166666666666667,,2,22,18,1,135,0,16,0.02631579,0.5,0,0,0,0.0165293019512106
p6742,1,0.0166666666666667,,2,8,7,1,150,0,7,0.02631579,0.5,1,0,0,0.0165293019512106
p6743,2,0.0333333333333333,36.7666666666667,2,6,6,2,375,0.5,24.5,0.039473685,1,1,1,1,0.0327898228229909
p6744,1,0.0166666666666667,,2,18,14,1,150,0,14,0.02631579,0.5,0,0,0,0.0165293019512106
p6745,2,0.0333333333333333,48.7166666666667,2,13,12,2,185,0.5,33.5,0.039473685,1,0,0,0,0.0327898228229909
p6746,0,0,,1,2,2,1,0,0,,,1,0,0,0,0
p6747,0,0,,1,1,1,1,22,0.12234046,,,1,1,1,1,0
p6748,1,0.0166666666666667,,2,10,10,1,150,0,10,0.02631579,0.5,1,1,1,0.0165293019512106
p6749,1,0.0166666666666667,,2,10,8,2,186,0.143186585,8,0.02631579,1,0,0,0,0.0165293019512106
p675,2,0.0333333333333333,29.7833333333333,2,6,5,2,375,0.5,20,0.039473685,1,0,0,0,0.0327898228229909
p6750,1,0.0166666666666667,,1,1,1,1,150,1,6,0.02631579,1,0,0,0,0.0165293019512106
p6751,1,0.0166666666666667,,1,0,0,1,150,1,5,0.02631579,1,0,0,0,0.0165293019512106
p6752,2,0.0333333333333333,48.0833333333333,2,13,11,1,150,0,35,0.039473685,0.5,1,1,0,0.0327898228229909
p6754,1,0.0166666666666667,,1,5,5,1,150,1,13,0.02631579,1,0,0,0,0.0165293019512106
p6755,1,0.0166666666666667,,2,12,10,1,150,0,10,0.02631579,0.5,1,1,0,0.0165293019512106
p6756,0,0,,6,13,5,4,0,0.666666666666667,,,0.666666666666667,0,0,0,0
p6757,0,0,,1,3,3,1,23,0.04177813,,,1,1,1,1,0
p6758,1,0.0166666666666667,,2,21,15,1,10,0,13,0.02631579,0.5,1,1,1,0.0165293019512106
p6759,2,0.0333333333333333,38,2,18,11,2,375,0.5,30,0.039473685,1,0,0,0,0.0327898228229909
p676,3,0.05,24.525,4,125,58,3,475,0,40.6666666666667,0.0526315783333333,0.75,1,0,0,0.048790164169432
p6760,1,0.0166666666666667,,2,12,10,1,15,,10,0,0.5,1,0,0,0.0165293019512106
p6761,0,0,,1,0,0,1,256,0.6369389,,,1,1,1,1,0
p6762,2,0.0333333333333333,48.4,3,70,58,2,375,0,33.5,0.039473685,0.666666666666667,1,1,0,0.0327898228229909
p6764,1,0.0166666666666667,,2,14,12,2,166.5,0.0559518525,11,0.02631579,1,0,0,0,0.0165293019512106
p6765,3,0.05,20.8916666666667,4,97,47,3,475,0,31.3333333333333,0.0526315783333333,0.75,0,0,0,0.048790164169432
p6766,1,0.0166666666666667,,2,12,11,1,60,0,10,0.02631579,0.5,1,1,0,0.0165293019512106
p6767,1,0.0166666666666667,,2,9,9,2,269.5,0.34580785,7,0.02631579,1,1,1,1,0.0165293019512106
p6769,1,0.0166666666666667,,2,6,5,2,150,0,5,0.02631579,1,0,0,0,0.0165293019512106
p677,0,0,,1,2,2,1,33,0.53172,,,1,0,0,0,0
p6771,2,0.0333333333333333,7.3,3,34,20,2,90,0,15.5,0.013157895,0.666666666666667,0,0,0,0.0327898228229909
p6772,2,0.0333333333333333,27.8833333333333,3,31,29,2,375,0.5,16.5,0.039473685,0.666666666666667,0,0,0,0.0327898228229909
p6773,1,0.0166666666666667,,2,10,9,2,191.5,0.1554912,9,0.02631579,1,1,1,1,0.0165293019512106
p6774,1,0.0166666666666667,,2,17,14,1,0,0,13,0.02631579,0.5,0,0,0,0.0165293019512106
p6775,3,0.05,23.1666666666667,3,20,12,3,248.333333333333,0.333333333333333,24,0.02631579,1,1,1,1,0.048790164169432
p6776,2,0.0333333333333333,7.65,3,33,20,3,145.333333333333,0.0512077866666667,15.5,0.013157895,1,1,1,0,0.0327898228229909
p6777,1,0.0166666666666667,,2,9,8,2,178,0.051668655,7,0.02631579,1,0,0,0,0.0165293019512106
p6778,1,0.0166666666666667,,1,1,1,1,150,1,9,0.02631579,1,0,0,0,0.0165293019512106
p678,1,0.0166666666666667,,2,19,16,1,150,0,15,0.02631579,0.5,0,0,0,0.0165293019512106
p6780,1,0.0166666666666667,,2,13,13,2,156,0.0089010775,13,0.02631579,1,0,0,0,0.0165293019512106
p6782,1,0.0166666666666667,,1,2,2,1,150,1,8,0.02631579,1,1,1,1,0.0165293019512106
p6784,1,0.0166666666666667,,2,54,31,1,150,0,31,0.02631579,0.5,0,0,0,0.0165293019512106
p6785,1,0.0166666666666667,,2,15,13,2,127,0.162078365,12,0.02631579,1,1,1,1,0.0165293019512106
p6786,3,0.05,23.3333333333333,3,63,53,3,466.666666666667,0.333333333333333,38.3333333333333,0.0526315783333333,1,0,0,0,0.048790164169432
p6787,1,0.0166666666666667,,2,46,45,1,150,0,41.3333333333333,0.02631579,0.5,0,0,0,0.0165293019512106
p6788,1,0.0166666666666667,,2,9,8,1,150,0,8,0.02631579,0.5,1,0,0,0.0165293019512106
p6789,1,0.0166666666666667,,2,13,11,1,150,0,11,0.02631579,0.5,0,0,0,0.0165293019512106
p679,1,0.0166666666666667,,2,11,9,1,150,0,8,0.02631579,0.5,0,0,0,0.0165293019512106
p6790,1,0.0166666666666667,,2,9,8,1,100,0,7,0.02631579,0.5,1,1,1,0.0165293019512106
p6792,1,0.0166666666666667,,2,5,4,2,303.5,0.37826365,4.9225,0.02631579,1,1,1,1,0.0165293019512106
p6793,1,0.0166666666666667,,3,21,18,4,39,0.050468255,18,0.02631579,1.33333333333333,0,0,0,0.0165293019512106
p6794,2,0.0333333333333333,7.31666666666667,3,37,22,3,161.666666666667,0.0919488266666667,17.5,0.013157895,1,1,1,1,0.0327898228229909
p6795,2,0.0333333333333333,46.2166666666667,3,65,55,2,375,0,30,0.039473685,0.666666666666667,1,1,1,0.0327898228229909
p6796,1,0.0166666666666667,,2,16,15,2,168.5,0.150619685,15,0.02631579,1,0,0,0,0.0165293019512106
p6797,1,0.0166666666666667,,2,11,10,1,150,0,9,0.02631579,0.5,1,1,1,0.0165293019512106
p6798,3,0.05,24.25,4,113,54,3,475,0,37.3333333333333,0.0526315783333333,0.75,1,1,1,0.048790164169432
p6799,1,0.0166666666666667,,2,8,7,2,210,0.35749875,6,0.02631579,1,0,0,0,0.0165293019512106
p68,1,0.0166666666666667,,1,1,1,1,150,1,13,0.02631579,1,1,0,0,0.0165293019512106
p680,1,0.0166666666666667,,2,10,8,1,150,0,8,0.02631579,0.5,1,1,0,0.0165293019512106
p6800,1,0.0166666666666667,,2,9,7,2,158,0.1325818,6,0.02631579,1,0,0,0,0.0165293019512106
p6801,1,0.0166666666666667,,2,14,13,1,15,,12,0,0.5,1,0,0,0.0165293019512106
p6802,1,0.0166666666666667,,2,13,10,1,50,0,8,0.02631579,0.5,0,0,0,0.0165293019512106
p6803,3,0.05,23.7916666666667,4,124,58,3,475,0,40.6666666666667,0.0526315783333333,0.75,0,0,0,0.048790164169432
p6804,4,0.0666666666666667,10.1055555555556,5,62,29,5,8260.32948996292,0.22094217,15.5,0.06578947375,1,1,1,1,0.0645385211375712
p6805,1,0.0166666666666667,,2,10,9,1,150,0,8,0.02631579,0.5,0,0,0,0.0165293019512106
p6806,2,0.0333333333333333,50.4166666666667,3,65,58,2,367.5,0,32,0.039473685,0.666666666666667,1,1,0,0.0327898228229909
p6807,1,0.0166666666666667,,2,24,19,2,88,0.082438155,16,0.02631579,1,0,0,0,0.0165293019512106
p6808,2,0.0333333333333333,10.0666666666667,3,26,16,3,212.333333333333,0.06931075,13,0.039473685,1,1,1,1,0.0327898228229909
p681,1,0.0166666666666667,,2,13,12,1,150,0,11,0.02631579,0.5,1,1,1,0.0165293019512106
p6810,1,0.0166666666666667,,2,14,10,2,150,0,8,0.02631579,1,1,1,1,0.0165293019512106
p6811,1,0.0166666666666667,,2,43,24,2,170.5,0.044735357,24,0.02631579,1,1,1,0,0.0165293019512106
p6812,1,0.0166666666666667,,2,14,12,2,150.5,0.00124854605,11,0.02631579,1,1,1,1,0.0165293019512106
p6814,1,0.0166666666666667,,2,22,17,2,120.5,0.3844631,17,0.02631579,1,0,0,0,0.0165293019512106
p6815,3,0.05,14.1833333333333,3,37,31,3,475,0.333333333333333,22.6666666666667,0.0526315783333333,1,0,0,0,0.048790164169432
p6816,1,0.0166666666666667,,2,30,23,1,150,0,22,0.02631579,0.5,1,1,1,0.0165293019512106
p6817,3,0.05,19.75,4,110,56,3,466.666666666667,0,32.6666666666667,0.0526315783333333,0.75,1,1,1,0.048790164169432
p6819,1,0.0166666666666667,,2,32,30,1,0,0,23,0.02631579,0.5,1,1,1,0.0165293019512106
p682,1,0.0166666666666667,,2,17,15,2,82.5,0.0587363875,14,0.02631579,1,0,0,0,0.0165293019512106
p6822,0,0,,1,1,1,1,49,0.9999994,,,1,0,0,0,0
p6823,3,0.05,18.1833333333333,4,91,43,3,385,0,29,0.0526315783333333,0.75,1,1,1,0.048790164169432
p6824,4,0.0666666666666667,16.7166666666667,4,80,56,4,346.25,0.25,34,0.03947368375,1,0,0,0,0.0645385211375712
p6825,1,0.0166666666666667,,2,12,10,2,35,0.05760581,9,0.02631579,1,0,0,0,0.0165293019512106
p6827,1,0.0166666666666667,,2,9,7,2,156,0.0091206545,7,0.02631579,1,0,0,0,0.0165293019512106
p6829,1,0.0166666666666667,,2,15,12,2,274.5,0.287602125,12,0.02631579,1,0,0,0,0.0165293019512106
p683,1,0.0166666666666667,,2,10,9,2,47.5,0.168348,8,0.02631579,1,0,0,0,0.0165293019512106
p6830,1,0.0166666666666667,,2,5,5,2,234.5,0.22651322,4.9225,0.02631579,1,1,1,1,0.0165293019512106
p6831,2,0.0333333333333333,41.8833333333333,3,61,50,3,186.666666666667,0,28,0.039473685,1,0,0,0,0.0327898228229909
p6832,1,0.0166666666666667,,1,1,1,1,150,1,12,0.02631579,1,0,0,0,0.0165293019512106
p6833,1,0.0166666666666667,,2,16,14,2,231,0.41011673,13,0.02631579,1,0,0,0,0.0165293019512106
p6834,3,0.05,23.6333333333333,4,111,54,3,415,0,36.3333333333333,0.0526315783333333,0.75,0,0,0,0.048790164169432
p6835,1,0.0166666666666667,,1,5,5,1,150,1,15,0.02631579,1,1,1,1,0.0165293019512106
p6836,0,0,,1,3,3,0,,,,,0,0,0,0,0
p6839,1,0.0166666666666667,,1,1,1,1,150,1,6,0.02631579,1,0,0,0,0.0165293019512106
p684,3,0.05,18.025,4,104,46,3,335,0,32,0.0526315783333333,0.75,0,0,0,0.048790164169432
p6840,1,0.0166666666666667,,2,11,10,1,150,0,9,0.02631579,0.5,1,1,0,0.0165293019512106
p6841,2,0.0333333333333333,27.6666666666667,3,57,41,3,162.333333333333,0.0150553815,27,0.02631579,1,1,0,0,0.0327898228229909
p6842,1,0.0166666666666667,,2,8,6,1,150,0,6,0.02631579,0.5,1,1,1,0.0165293019512106
p6843,1,0.0166666666666667,,3,18,12,3,50,0.0011586314,11,0.02631579,1,1,1,1,0.0165293019512106
p6845,1,0.0166666666666667,,2,13,11,2,82.5,0.27157852,9,0.02631579,1,0,0,0,0.0165293019512106
p6848,1,0.0166666666666667,,2,9,7,1,150,0,7,0.02631579,0.5,0,0,0,0.0165293019512106
p6849,1,0.0166666666666667,,2,11,9,2,241,0.31965595,9,0.02631579,1,0,0,0,0.0165293019512106
p685,3,0.05,23.9916666666667,4,37,16,4,401.5,0.2066238675,11.3333333333333,0.0526315783333333,1,0,0,0,0.048790164169432
p6850,2,0.0333333333333333,29.5833333333333,3,49,37,4,241,0.34797139,23.5,0.039473685,1.33333333333333,1,1,1,0.0327898228229909
p6851,3,0.05,20.8583333333333,4,108,50,3,118.333333333333,0,34.6666666666667,0.0526315783333333,0.75,1,0,0,0.048790164169432
p6852,3,0.05,17.1416666666667,3,43,37,2,350,0,26.6666666666667,0.0526315783333333,0.666666666666667,0,0,0,0.048790164169432
p6853,3,0.05,23.35,3,63,53,3,475,0.333333333333333,38.6666666666667,0.0526315783333333,1,0,0,0,0.048790164169432
p6854,2,0.0333333333333333,9.11666666666667,3,38,21,2,157.5,0,16.5,0.02631579,0.666666666666667,0,0,0,0.0327898228229909
p6855,5,0.0833333333333333,7.24166666666667,6,78,32,5,1348.1,0,15,0.078947369,0.833333333333333,1,1,1,0.0800427076735364
p6856,1,0.0166666666666667,,2,8,7,3,12,0.02089572,7,0.02631579,1.5,1,1,0,0.0165293019512106
p6857,2,0.0333333333333333,3.61666666666667,3,98,51,2,1012.5,0,41.3333333333333,0.0921052625,0.666666666666667,1,1,1,0.0327898228229909
p6858,2,0.0333333333333333,28.4833333333333,3,40,32,3,301.333333333333,0.5,21,0.02631579,1,1,1,1,0.0327898228229909
p6859,3,0.05,19.4166666666667,4,95,45,3,365,0,30.6666666666667,0.0526315783333333,0.75,1,0,0,0.048790164169432
p686,1,0.0166666666666667,,2,12,11,1,150,0,10,0.02631579,0.5,0,0,0,0.0165293019512106
p6860,3,0.05,17.9416666666667,4,95,44,3,475,0,30,0.0526315783333333,0.75,1,1,1,0.048790164169432
p6861,1,0.0166666666666667,,2,10,9,1,150,0,6,0.02631579,0.5,0,0,0,0.0165293019512106
p6862,2,0.0333333333333333,49.1333333333333,3,69,58,3,283.333333333333,0,32.5,0.039473685,1,1,1,1,0.0327898228229909
p6864,1,0.0166666666666667,,2,28,17,1,150,0,16,0.02631579,0.5,1,0,0,0.0165293019512106
p6865,1,0.0166666666666667,,1,1,1,1,150,1,7,0.02631579,1,0,0,0,0.0165293019512106
p6866,3,0.05,23.5166666666667,4,113,54,3,475,0,35.6666666666667,0.0526315783333333,0.75,0,0,0,0.048790164169432
p6867,1,0.0166666666666667,,1,0,0,1,150,1,6,0.02631579,1,0,0,0,0.0165293019512106
p6868,1,0.0166666666666667,,1,2,2,1,150,1,41.3333333333333,0.02631579,1,1,1,1,0.0165293019512106
p6869,3,0.05,25.2583333333333,4,126,59,3,475,0,40.3333333333333,0.0526315783333333,0.75,0,0,0,0.048790164169432
p687,1,0.0166666666666667,,2,11,11,2,130.5,0.175250335,11,0.02631579,1,1,1,0,0.0165293019512106
p6870,1,0.0166666666666667,,2,13,11,2,166,0.016212031,11,0.02631579,1,0,0,0,0.0165293019512106
p6871,1,0.0166666666666667,,2,13,11,1,150,0,10,0.02631579,0.5,0,0,0,0.0165293019512106
p6872,2,0.0333333333333333,33.9833333333333,3,60,45,2,375,0,26,0.039473685,0.666666666666667,1,1,1,0.0327898228229909
p6873,1,0.0166666666666667,,2,13,12,1,150,0,11,0.02631579,0.5,1,1,0,0.0165293019512106
p6874,2,0.0333333333333333,36.9,2,7,6,2,375,0.5,23.5,0.039473685,1,1,1,0,0.0327898228229909
p6875,1,0.0166666666666667,,1,1,1,1,150,1,8,0.02631579,1,0,0,0,0.0165293019512106
p6876,1,0.0166666666666667,,2,6,6,2,208,0.38141925,5,0.02631579,1,0,0,0,0.0165293019512106
p6877,1,0.0166666666666667,,2,11,11,1,150,0,10,0.02631579,0.5,1,1,0,0.0165293019512106
p6878,0,0,,1,2,2,1,10,0.77509236,,,1,1,1,1,0
p688,1,0.0166666666666667,,2,44,42,1,150,0,25,0.02631579,0.5,1,1,0,0.0165293019512106
p6880,1,0.0166666666666667,,2,11,11,2,228,0.15215993,11,0.02631579,1,1,1,1,0.0165293019512106
p6881,1,0.0166666666666667,,2,17,16,2,164.5,0.12899986,15,0.02631579,1,1,1,1,0.0165293019512106
p6882,2,0.0333333333333333,15.8833333333333,3,44,26,3,77.6666666666667,0.06953767,20,0.039473685,1,1,1,1,0.0327898228229909
p6883,1,0.0166666666666667,,2,9,8,2,227,0.24066934,8,0.02631579,1,1,1,0,0.0165293019512106
p6884,3,0.05,24.1,4,116,55,3,475,0,37.6666666666667,0.0526315783333333,0.75,0,0,0,0.048790164169432
p6885,3,0.05,21.3,4,105,49,3,335,0,33.6666666666667,0.0526315783333333,0.75,1,0,0,0.048790164169432
p6886,1,0.0166666666666667,,2,11,9,1,150,0,8,0.02631579,0.5,1,0,0,0.0165293019512106
p6887,2,0.0333333333333333,41.35,3,56,48,2,262.5,0,26.5,0.039473685,0.666666666666667,1,1,1,0.0327898228229909
p6888,1,0.0166666666666667,,2,9,8,1,150,0,8,0.02631579,0.5,1,0,0,0.0165293019512106
p6889,3,0.05,18.7333333333333,4,87,42,3,475,0,28.3333333333333,0.0526315783333333,0.75,1,1,0,0.048790164169432
p689,1,0.0166666666666667,,2,11,10,2,162,0.0167912265,9,0.02631579,1,0,0,0,0.0165293019512106
p6890,3,0.05,17.9083333333333,4,80,39,3,475,0,26.6666666666667,0.0526315783333333,0.75,0,0,0,0.048790164169432
p6891,1,0.0166666666666667,,2,46,44,1,150,0,8,0.02631579,0.5,1,1,1,0.0165293019512106
p6892,1,0.0166666666666667,,1,0,0,1,150,1,7,0.02631579,1,1,1,1,0.0165293019512106
p6894,1,0.0166666666666667,,2,7,6,1,150,0,5,0.02631579,0.5,1,1,1,0.0165293019512106
p6895,3,0.05,19.4166666666667,3,50,43,3,475,0.333333333333333,31,0.0526315783333333,1,1,1,1,0.048790164169432
p6896,3,0.05,22.0916666666667,4,105,50,4,535,0.0299246325,34,0.0526315783333333,1,1,1,1,0.048790164169432
p6898,11,0.183333333333333,1.405,6,88,14,6,8260.32948996292,0.0909090909090909,9.18181818181818,0.129561403322221,1,1,1,1,0.168335314819215
p69,1,0.0166666666666667,,2,9,8,2,220,0.18264778,8,0.02631579,1,1,1,1,0.0165293019512106
p690,1,0.0166666666666667,,2,32,31,1,150,0,30,0.02631579,0.5,0,0,0,0.0165293019512106
p6900,2,0.0333333333333333,9.81666666666667,3,70,38,3,193.666666666667,0.0671020733333334,36,0.039473685,1,1,1,1,0.0327898228229909
p6901,1,0.0166666666666667,,2,10,9,1,150,0,8,0.02631579,0.5,1,1,1,0.0165293019512106
p6902,1,0.0166666666666667,,2,9,8,2,170.5,0.039689185,7,0.02631579,1,0,0,0,0.0165293019512106
p6903,3,0.05,18.3333333333333,3,46,40,3,365,0.333333333333333,28,0.0526315783333333,1,0,0,0,0.048790164169432
p6905,1,0.0166666666666667,,2,11,10,1,150,0,9,0.02631579,0.5,0,0,0,0.0165293019512106
p6906,1,0.0166666666666667,,2,11,9,2,293,0.3839044,8,0.02631579,1,1,1,1,0.0165293019512106
p6907,1,0.0166666666666667,,2,13,12,2,147.5,0.15368648,12,0.02631579,1,1,1,1,0.0165293019512106
p6908,1,0.0166666666666667,,2,14,14,2,5,0.11699214,13,0.02631579,1,1,1,0,0.0165293019512106
p6909,2,0.0333333333333333,36.95,2,7,6,2,375,0.5,24.5,0.039473685,1,0,0,0,0.0327898228229909
p6910,1,0.0166666666666667,,2,11,9,2,313,0.39474695,8,0.02631579,1,1,1,1,0.0165293019512106
p6911,2,0.0333333333333333,35.9666666666667,2,8,6,2,8260.32948996292,0.5,24,0.039473685,1,1,1,0,0.0327898228229909
p6912,1,0.0166666666666667,,2,12,11,2,183,0.15175499,11,0.02631579,1,0,0,0,0.0165293019512106
p6913,1,0.0166666666666667,,2,10,9,1,150,0,8,0.02631579,0.5,1,1,0,0.0165293019512106
p6914,1,0.0166666666666667,,2,13,11,1,150,0,9,0.02631579,0.5,1,1,1,0.0165293019512106
p6915,2,0.0333333333333333,40.8,2,8,7,2,375,0.5,26.5,0.039473685,1,0,0,0,0.0327898228229909
p6916,1,0.0166666666666667,,2,11,9,1,150,0,7,0.02631579,0.5,1,0,0,0.0165293019512106
p6917,2,0.0333333333333333,6.61666666666667,3,38,22,2,90,0,18,0.013157895,0.666666666666667,1,1,1,0.0327898228229909
p6918,2,0.0333333333333333,47.2,3,71,58,2,300,0,33.5,0.039473685,0.666666666666667,1,1,1,0.0327898228229909
p6919,1,0.0166666666666667,,2,13,12,2,192.5,0.09741053,11,0.02631579,1,0,0,0,0.0165293019512106
p692,3,0.05,20.575,4,68,48,3,265,0,22.3333333333333,0.02631579,0.75,1,1,1,0.048790164169432
p6921,1,0.0166666666666667,,2,9,8,1,150,0,7,0.02631579,0.5,0,0,0,0.0165293019512106
p6922,0,0,,1,1,1,1,101,0.29304332,,,1,0,0,0,0
p6923,2,0.0333333333333333,2.73333333333333,3,112,57,2,562.5,0,41.3333333333333,0.0657894725,0.666666666666667,0,0,0,0.0327898228229909
p6927,2,0.0333333333333333,7.96666666666667,3,37,22,2,90,0,18,0.013157895,0.666666666666667,1,1,0,0.0327898228229909
p6928,1,0.0166666666666667,,1,2,2,1,150,1,9,0.02631579,1,1,1,1,0.0165293019512106
p6929,1,0.0166666666666667,,2,15,13,1,60,0,12,0.02631579,0.5,0,0,0,0.0165293019512106
p6930,41,0.683333333333333,1.03,6,151.280000000001,44,6,8260.32948996292,0,23.4634146341463,0.129561403322221,0.975609756097561,0,0,0,0.520775954619159
p6931,2,0.0333333333333333,40.5166666666667,2,8,7,2,375,0.5,26.5,0.039473685,1,0,0,0,0.0327898228229909
p6932,2,0.0333333333333333,52.0166666666667,2,8,7,1,150,0,32,0.039473685,0.5,1,1,0,0.0327898228229909
p6933,1,0.0166666666666667,,2,25,22,1,150,0,21,0.02631579,0.5,0,0,0,0.0165293019512106
p6934,3,0.05,25.5166666666667,3,64,56,2,375,0,40,0.0526315783333333,0.666666666666667,1,1,0,0.048790164169432
p6935,1,0.0166666666666667,,2,12,10,1,150,0,9,0.02631579,0.5,1,1,1,0.0165293019512106
p6936,3,0.05,19.7416666666667,4,104,48,3,338.333333333333,0,33.3333333333333,0.0526315783333333,0.75,0,0,0,0.048790164169432
p6938,1,0.0166666666666667,,2,38,24,1,150,0,23,0.02631579,0.5,0,0,0,0.0165293019512106
p694,2,0.0333333333333333,50.3,2,8,7,1,150,0,31.5,0.039473685,0.5,0,0,0,0.0327898228229909
p6941,1,0.0166666666666667,,2,27,17,1,150,0,16,0.02631579,0.5,1,1,1,0.0165293019512106
p6942,3,0.05,20.9083333333333,4,101,49,3,475,0,32.6666666666667,0.0526315783333333,0.75,1,1,0,0.048790164169432
p6943,3,0.05,19.9416666666667,3,51,43,3,475,0.333333333333333,30.6666666666667,0.0526315783333333,1,1,1,1,0.048790164169432
p6944,1,0.0166666666666667,,2,8,6,2,211,0.245850025,5,0.02631579,1,1,1,0,0.0165293019512106
p6945,1,0.0166666666666667,,2,7,7,2,175.5,0.0294923765,7,0.02631579,1,1,1,1,0.0165293019512106
p6946,2,0.0333333333333333,43.0833333333333,2,17,13,2,375,0.5,33.5,0.039473685,1,1,1,1,0.0327898228229909
p6948,2,0.0333333333333333,41.2833333333333,2,8,7,2,375,0.5,27.5,0.039473685,1,0,0,0,0.0327898228229909
p6949,1,0.0166666666666667,,1,2,2,1,150,1,8,0.02631579,1,0,0,0,0.0165293019512106
p695,0,0,,1,1,1,1,4,0.19584964,,,1,0,0,0,0
p6950,1,0.0166666666666667,,2,14,13,1,150,0,12,0.02631579,0.5,1,0,0,0.0165293019512106
p6951,3,0.05,20.75,4,105,51,3,475,0,33,0.0526315783333333,0.75,1,1,1,0.048790164169432
p6952,3,0.05,16.1666666666667,4,81,37,3,475,0,25.6666666666667,0.0526315783333333,0.75,1,1,1,0.048790164169432
p6953,1,0.0166666666666667,,2,7,6,1,150,0,6,0.02631579,0.5,0,0,0,0.0165293019512106
p6954,1,0.0166666666666667,,2,15,14,1,150,0,12,0.02631579,0.5,1,1,1,0.0165293019512106
p6956,3,0.05,17.675,3,45,38,3,365,0.333333333333333,27.6666666666667,0.0526315783333333,1,1,1,1,0.048790164169432
p6957,1,0.0166666666666667,,1,1,1,1,150,1,7,0.02631579,1,1,1,1,0.0165293019512106
p6959,1,0.0166666666666667,,1,0,0,1,150,1,4.9225,0.02631579,1,1,1,1,0.0165293019512106
p696,1,0.0166666666666667,,2,12,11,2,150,0.0009734736,11,0.02631579,1,0,0,0,0.0165293019512106
p6960,1,0.0166666666666667,,1,1,1,1,150,1,6,0.02631579,1,0,0,0,0.0165293019512106
p6961,3,0.05,23.2,4,119,55,3,475,0,38.3333333333333,0.0526315783333333,0.75,0,0,0,0.048790164169432
p6962,1,0.0166666666666667,,2,7,7,2,151.5,0.0028358095,6,0.02631579,1,0,0,0,0.0165293019512106
p6963,1,0.0166666666666667,,2,9,8,2,175.5,0.066402935,7,0.02631579,1,1,1,1,0.0165293019512106
p6964,1,0.0166666666666667,,2,22,20,1,150,0,19,0.02631579,0.5,1,0,0,0.0165293019512106
p6965,1,0.0166666666666667,,2,8,8,2,241,0.24528205,7,0.02631579,1,1,1,1,0.0165293019512106
p6966,1,0.0166666666666667,,2,6,5,1,150,0,5,0.02631579,0.5,0,0,0,0.0165293019512106
p6967,1,0.0166666666666667,,2,11,9,2,140,0.325280935,8,0.02631579,1,0,0,0,0.0165293019512106
p6968,1,0.0166666666666667,,2,17,14,1,150,0,12,0.02631579,0.5,1,1,1,0.0165293019512106
p6969,11,0.183333333333333,5.15666666666667,6,151.280000000001,55,6,8260.32948996292,0,36.8181818181818,0.129561403322221,0.916666666666667,1,1,1,0.168335314819215
p697,1,0.0166666666666667,,2,25,19,1,150,0,16,0.02631579,0.5,1,1,1,0.0165293019512106
p6970,1,0.0166666666666667,,1,1,1,1,150,1,6,0.02631579,1,0,0,0,0.0165293019512106
p6971,1,0.0166666666666667,,2,11,11,2,183,0.1948051,11,0.02631579,1,1,1,1,0.0165293019512106
p6972,1,0.0166666666666667,,2,71,38,1,150,0,38,0.02631579,0.5,0,0,0,0.0165293019512106
p6973,1,0.0166666666666667,,2,11,9,2,182.5,0.3121852,8,0.02631579,1,1,1,1,0.0165293019512106
p6974,2,0.0333333333333333,48.4833333333333,3,62,55,2,330,0,30.5,0.039473685,0.666666666666667,1,0,0,0.0327898228229909
p6975,1,0.0166666666666667,,2,12,11,2,209,0.15413563,11,0.02631579,1,0,0,0,0.0165293019512106
p6976,1,0.0166666666666667,,2,10,8,2,173.5,0.117412575,7,0.02631579,1,1,1,0,0.0165293019512106
p6977,1,0.0166666666666667,,1,0,0,1,150,1,5,0.02631579,1,1,1,1,0.0165293019512106
p6978,1,0.0166666666666667,,2,7,7,2,153.5,0.004251862,6,0.02631579,1,1,1,1,0.0165293019512106
p698,1,0.0166666666666667,,2,14,13,2,250,0.39639785,11,0.02631579,1,0,0,0,0.0165293019512106
p6980,3,0.05,6.125,4,33,15,4,530.25,0.04888121,10.3333333333333,0.0526315783333333,1,1,1,1,0.048790164169432
p6981,2,0.0333333333333333,42.9333333333333,3,56,49,2,170,0,26.5,0.039473685,0.666666666666667,0,0,0,0.0327898228229909
p6982,3,0.05,19.9333333333333,4,107,49,3,475,0,34.6666666666667,0.0526315783333333,0.75,1,1,1,0.048790164169432
p6983,1,0.0166666666666667,,1,2,2,1,150,1,6,0.02631579,1,0,0,0,0.0165293019512106
p6984,1,0.0166666666666667,,2,12,9,1,150,0,8,0.02631579,0.5,1,1,1,0.0165293019512106
p6986,0,0,,1,2,2,0,,,,,0,1,1,0,0
p6987,3,0.05,23.6333333333333,4,113,55,3,475,0,36.6666666666667,0.0526315783333333,0.75,0,0,0,0.048790164169432
p6988,3,0.05,24.0083333333333,4,85,57,4,227,0.05074007,27.3333333333333,0.0526315783333333,1,1,1,1,0.048790164169432
p6989,1,0.0166666666666667,,2,7,7,2,184.5,0.045014395,7,0.02631579,1,0,0,0,0.0165293019512106
p699,1,0.0166666666666667,,2,9,8,2,165,0.1349449,7,0.02631579,1,1,1,1,0.0165293019512106
p6990,2,0.0333333333333333,47.1666666666667,3,72,58,2,375,0,34,0.039473685,0.666666666666667,0,0,0,0.0327898228229909
p6991,3,0.05,26.1166666666667,3,66,57,2,375,0,41,0.0526315783333333,0.666666666666667,1,1,1,0.048790164169432
p6992,3,0.05,24.1,4,118,56,3,475,0,38.6666666666667,0.0526315783333333,0.75,1,1,1,0.048790164169432
p6993,3,0.05,22.775,4,112,53,3,475,0,35.6666666666667,0.0526315783333333,0.75,1,0,0,0.048790164169432
p6994,1,0.0166666666666667,,2,14,10,1,150,0,9,0.02631579,0.5,1,1,1,0.0165293019512106
p6995,1,0.0166666666666667,,2,8,7,2,178,0.061487485,6,0.02631579,1,0,0,0,0.0165293019512106
p6996,1,0.0166666666666667,,2,9,8,2,150,0,8,0.02631579,1,0,0,0,0.0165293019512106
p6997,0,0,,1,0,0,1,0,0.06495207,,,1,0,0,0,0
p6998,1,0.0166666666666667,,2,10,9,1,150,0,8,0.02631579,0.5,0,0,0,0.0165293019512106
p7,1,0.0166666666666667,,2,10,9,2,190,0.057173055,9,0.02631579,1,1,1,1,0.0165293019512106
p70,0,0,,1,38,38,1,0,0,,,1,1,1,0,0
p700,1,0.0166666666666667,,2,8,7,1,150,0,7,0.02631579,0.5,1,1,1,0.0165293019512106
p7000,0,0,,1,1,1,1,3.5,0.2014645,,,1,0,0,0,0
p7002,3,0.05,21.05,4,103,49,3,458.333333333333,0,33.3333333333333,0.0526315783333333,0.75,1,0,0,0.048790164169432
p7003,1,0.0166666666666667,,2,6,6,2,181.5,0.17879005,5,0.02631579,1,0,0,0,0.0165293019512106
p7004,2,0.0333333333333333,41.2333333333333,3,59,50,3,482.666666666667,0.10745558,28.5,0.039473685,1,1,1,1,0.0327898228229909
p7005,1,0.0166666666666667,,2,15,13,1,150,0,12,0.02631579,0.5,1,1,1,0.0165293019512106
p7006,2,0.0333333333333333,47.25,2,8,7,1,150,0,29.5,0.039473685,0.5,1,0,0,0.0327898228229909
p7007,2,0.0333333333333333,16.25,3,36,22,3,235.666666666667,0.0689875533333333,16,0.039473685,1,0,0,0,0.0327898228229909
p7008,2,0.0333333333333333,48.8666666666667,2,14,11,1,150,0,34.5,0.039473685,0.5,0,0,0,0.0327898228229909
p7009,2,0.0333333333333333,50.1833333333333,2,8,7,2,375,0.5,32,0.039473685,1,1,1,1,0.0327898228229909
p701,0,0,,1,0,0,1,2,0.1315205,,,1,0,0,0,0
p7010,2,0.0333333333333333,11.7666666666667,3,38,24,3,161.083333333333,0.026256619,18,0.02631579,1,0,0,0,0.0327898228229909
p7011,1,0.0166666666666667,,1,0,0,1,150,1,7,0.02631579,1,1,1,1,0.0165293019512106
p7014,0,0,,1,0,0,1,201,0.6208783,,,1,0,0,0,0
p7015,3,0.05,22.7166666666667,4,105,51,3,365,0,34.3333333333333,0.0526315783333333,0.75,1,1,1,0.048790164169432
p7016,2,0.0333333333333333,51.1333333333333,3,65,58,2,375,0,32.5,0.039473685,0.666666666666667,1,1,1,0.0327898228229909
p7017,1,0.0166666666666667,,2,10,8,2,254.5,0.23340729,7,0.02631579,1,1,1,1,0.0165293019512106
p7018,1,0.0166666666666667,,2,16,14,1,15,,14,0,0.5,1,1,1,0.0165293019512106
p7019,1,0.0166666666666667,,1,2,2,1,150,1,9,0.02631579,1,1,1,1,0.0165293019512106
p702,0,0,,1,0,0,0,,,,,0,1,1,1,0
p7020,3,0.05,24.6083333333333,4,120,57,3,475,0,39,0.0526315783333333,0.75,0,0,0,0.048790164169432
p7021,2,0.0333333333333333,6.55,2,12,11,2,90,0.5,13.5,0.013157895,1,0,0,0,0.0327898228229909
p7022,1,0.0166666666666667,,2,9,8,1,150,0,8,0.02631579,0.5,0,0,0,0.0165293019512106
p7023,1,0.0166666666666667,,2,17,14,1,150,0,13,0.02631579,0.5,0,0,0,0.0165293019512106
p7024,1,0.0166666666666667,,2,10,9,2,133.5,0.0278885865,7,0.02631579,1,1,1,1,0.0165293019512106
p7025,1,0.0166666666666667,,2,11,9,2,286,0.3666227,9,0.02631579,1,1,1,1,0.0165293019512106
p7026,1,0.0166666666666667,,1,1,1,1,150,1,8,0.02631579,1,0,0,0,0.0165293019512106
p7027,1,0.0166666666666667,,2,10,9,2,105,0.015811685,7,0.02631579,1,1,0,0,0.0165293019512106
p7028,2,0.0333333333333333,35.05,3,51,41,3,261.666666666667,0.2350117,25.5,0.039473685,1,0,0,0,0.0327898228229909
p7029,1,0.0166666666666667,,2,16,14,2,176.5,0.06667377,13,0.02631579,1,1,1,1,0.0165293019512106
p703,3,0.05,21.225,4,73,50,4,334,0.0542221325,24.3333333333333,0.0526315783333333,1,0,0,0,0.048790164169432
p7030,1,0.0166666666666667,,2,17,16,2,152.5,0.03595456,15,0.02631579,1,0,0,0,0.0165293019512106
p7032,1,0.0166666666666667,,3,16,12,2,304.5,0.38734165,11,0.02631579,0.666666666666667,1,1,1,0.0165293019512106
p7033,1,0.0166666666666667,,2,21,18,1,150,0,16,0.02631579,0.5,0,0,0,0.0165293019512106
p7034,1,0.0166666666666667,,2,11,10,2,17,0.051958233,9,0,1,1,1,0,0.0165293019512106
p7035,1,0.0166666666666667,,2,13,10,1,60,0,9,0.02631579,0.5,1,1,0,0.0165293019512106
p7036,1,0.0166666666666667,,2,11,10,2,302,0.39709215,9,0.02631579,1,1,1,0,0.0165293019512106
p7037,1,0.0166666666666667,,2,9,8,2,82,0.15868545,7,0.02631579,1,0,0,0,0.0165293019512106
p7038,2,0.0333333333333333,37.2833333333333,2,8,7,2,375,0.5,24.5,0.039473685,1,1,1,1,0.0327898228229909
p7039,3,0.05,21.45,4,102,49,3,475,0,33,0.0526315783333333,0.75,1,1,1,0.048790164169432
p704,1,0.0166666666666667,,2,16,14,1,150,0,14,0.02631579,0.5,0,0,0,0.0165293019512106
p7041,2,0.0333333333333333,44.1666666666667,2,12,11,2,112.5,0.5,31,0.039473685,1,1,1,1,0.0327898228229909
p7042,1,0.0166666666666667,,2,13,12,1,150,0,11,0.02631579,0.5,1,1,1,0.0165293019512106
p7043,1,0.0166666666666667,,2,9,8,2,284.5,0.3661162,7,0.02631579,1,0,0,0,0.0165293019512106
p7044,3,0.05,21.9916666666667,4,104,50,3,475,0,33.6666666666667,0.0526315783333333,0.75,1,1,1,0.048790164169432
p7045,3,0.05,22.1166666666667,4,113,52,3,475,0,35.3333333333333,0.0526315783333333,0.75,1,1,0,0.048790164169432
p7047,2,0.0333333333333333,8.38333333333333,2,32,19,2,597.5,0,14.5,0.0657894725,1,1,1,0,0.0327898228229909
p7048,1,0.0166666666666667,,2,11,8,2,236,0.22118095,8,0.02631579,1,1,0,0,0.0165293019512106
p7049,1,0.0166666666666667,,2,11,11,2,162,0.05357303,11,0.02631579,1,1,1,1,0.0165293019512106
p705,1,0.0166666666666667,,2,8,7,1,150,0,6,0.02631579,0.5,1,1,1,0.0165293019512106
p7050,1,0.0166666666666667,,2,12,10,1,150,0,9,0.02631579,0.5,0,0,0,0.0165293019512106
p7051,2,0.0333333333333333,41.4833333333333,3,65,53,2,375,0,30,0.039473685,0.666666666666667,1,1,1,0.0327898228229909
p7052,1,0.0166666666666667,,2,8,7,2,132.5,0.057768965,7,0.02631579,1,1,1,1,0.0165293019512106
p7053,1,0.0166666666666667,,2,15,14,1,150,0,14,0.02631579,0.5,0,0,0,0.0165293019512106
p7054,1,0.0166666666666667,,2,25,22,1,150,0,10,0.02631579,0.5,0,0,0,0.0165293019512106
p7055,1,0.0166666666666667,,2,32,31,1,150,0,15,0.02631579,0.5,0,0,0,0.0165293019512106
p7056,3,0.05,24.9,4,120,57,3,475,0,39,0.0526315783333333,0.75,1,1,1,0.048790164169432
p7057,0,0,,2,7,6,2,254.5,0.2925452,,,1,1,1,0,0
p7058,1,0.0166666666666667,,2,12,10,1,125,0,8,0.02631579,0.5,1,1,1,0.0165293019512106
p7059,1,0.0166666666666667,,2,11,10,2,166.5,0.047185765,9,0.02631579,1,0,0,0,0.0165293019512106
p706,2,0.0333333333333333,45.75,3,60,52,3,450,0,28.5,0.039473685,1,0,0,0,0.0327898228229909
p7060,2,0.0333333333333333,47.9166666666667,3,76,59,2,225,0,35,0.039473685,0.666666666666667,1,1,0,0.0327898228229909
p7061,1,0.0166666666666667,,1,0,0,1,150,1,7,0.02631579,1,0,0,0,0.0165293019512106
p7062,1,0.0166666666666667,,2,10,9,1,150,0,9,0.02631579,0.5,1,1,1,0.0165293019512106
p7063,2,0.0333333333333333,14.8166666666667,3,42,25,3,233,0.06687886,20.5,0.039473685,1,0,0,0,0.0327898228229909
p7064,1,0.0166666666666667,,2,8,8,1,150,0,8,0.02631579,0.5,1,1,1,0.0165293019512106
p7066,1,0.0166666666666667,,2,16,10,1,150,0,10,0.02631579,0.5,1,1,0,0.0165293019512106
p7067,2,0.0333333333333333,14.7666666666667,2,12,11,2,57.5,1,17.5,0.02631579,1,0,0,0,0.0327898228229909
p7068,0,0,,1,1,1,1,174.75,0.91230994,,,1,1,1,1,0
p7069,1,0.0166666666666667,,2,11,9,2,175.5,0.08698629,8,0.02631579,1,0,0,0,0.0165293019512106
p707,1,0.0166666666666667,,2,17,15,1,35,0,13,0.02631579,0.5,1,1,1,0.0165293019512106
p7070,2,0.0333333333333333,51.7166666666667,2,9,8,1,150,0,33,0.039473685,0.5,1,1,1,0.0327898228229909
p7071,1,0.0166666666666667,,2,15,13,1,60,0,11,0.02631579,0.5,0,0,0,0.0165293019512106
p7072,1,0.0166666666666667,,2,11,10,2,180,0.1803993,10,0.02631579,1,0,0,0,0.0165293019512106
p7074,1,0.0166666666666667,,2,8,7,2,211.5,0.149701135,6,0.02631579,1,0,0,0,0.0165293019512106
p7075,0,0,,1,2,2,0,,,,,0,1,1,1,0
p7076,1,0.0166666666666667,,2,11,9,2,236,0.20656346,9,0.02631579,1,0,0,0,0.0165293019512106
p7077,2,0.0333333333333333,12.3166666666667,3,25,16,3,229.666666666667,0.06709621,13,0.039473685,1,0,0,0,0.0327898228229909
p7078,1,0.0166666666666667,,2,37,24,2,161,0.118123525,23,0.02631579,1,0,0,0,0.0165293019512106
p7079,1,0.0166666666666667,,2,15,12,1,15,,11,0,0.5,1,1,1,0.0165293019512106
p708,1,0.0166666666666667,,2,21,20,2,15,0.508016171,19,0,1,0,0,0,0.0165293019512106
p7080,3,0.05,19.3,4,101,47,3,475,0,32.6666666666667,0.0526315783333333,0.75,1,1,1,0.048790164169432
p7082,1,0.0166666666666667,,2,14,13,1,0,0,12,0.02631579,0.5,1,1,0,0.0165293019512106
p7083,1,0.0166666666666667,,2,6,6,1,150,0,6,0.02631579,0.5,1,1,1,0.0165293019512106
p7084,2,0.0333333333333333,13.4,3,35,23,2,90,0,16,0.013157895,0.666666666666667,0,0,0,0.0327898228229909
p7085,1,0.0166666666666667,,2,14,12,2,117.5,0.093921885,12,0.02631579,1,0,0,0,0.0165293019512106
p7086,1,0.0166666666666667,,2,7,6,1,150,0,6,0.02631579,0.5,1,1,1,0.0165293019512106
p7087,1,0.0166666666666667,,2,20,18,1,150,0,18,0.02631579,0.5,0,0,0,0.0165293019512106
p7088,1,0.0166666666666667,,2,13,11,1,150,0,11,0.02631579,0.5,1,0,0,0.0165293019512106
p7089,0,0,,1,3,3,0,,,,,0,1,1,1,0
p709,1,0.0166666666666667,,2,14,13,2,158,0.046622623,11,0.02631579,1,0,0,0,0.0165293019512106
p7090,1,0.0166666666666667,,2,26,16,2,301,0.413868425,15,0.02631579,1,1,1,1,0.0165293019512106
p7091,2,0.0333333333333333,42.4333333333333,2,11,9,2,337.5,0.5,29.5,0.039473685,1,1,0,0,0.0327898228229909
p7092,1,0.0166666666666667,,2,10,9,1,150,0,7,0.02631579,0.5,1,1,1,0.0165293019512106
p7093,1,0.0166666666666667,,2,2,2,2,329,0.9617902,7,0.02631579,1,0,0,0,0.0165293019512106
p7094,1,0.0166666666666667,,2,11,9,1,150,0,8,0.02631579,0.5,1,1,1,0.0165293019512106
p7095,1,0.0166666666666667,,2,16,14,1,150,0,11,0.02631579,0.5,0,0,0,0.0165293019512106
p7096,1,0.0166666666666667,,2,12,11,2,114,0.17509252,10,0.02631579,1,0,0,0,0.0165293019512106
p7097,1,0.0166666666666667,,2,14,12,1,150,0,12,0.02631579,0.5,1,1,1,0.0165293019512106
p7098,1,0.0166666666666667,,2,29,25,2,159.5,0.0281589775,24,0.02631579,1,1,1,1,0.0165293019512106
p7099,1,0.0166666666666667,,2,19,14,2,150,0,13,0.02631579,1,0,0,0,0.0165293019512106
p71,1,0.0166666666666667,,2,44,43,1,150,0,41.3333333333333,0.02631579,0.5,0,0,0,0.0165293019512106
p710,1,0.0166666666666667,,1,7,7,2,127,0.284219025,6,0.02631579,2,0,0,0,0.0165293019512106
p7100,1,0.0166666666666667,,2,16,13,1,10,0,11,0.02631579,0.5,1,1,1,0.0165293019512106
p7101,1,0.0166666666666667,,2,53,52,1,150,0,13,0.02631579,0.5,1,1,1,0.0165293019512106
p7102,3,0.05,19.525,4,94,45,3,475,0,30.3333333333333,0.0526315783333333,0.75,1,1,1,0.048790164169432
p7103,1,0.0166666666666667,,2,48,27,1,150,0,27,0.02631579,0.5,1,1,1,0.0165293019512106
p7104,1,0.0166666666666667,,2,9,8,1,150,0,8,0.02631579,0.5,0,0,0,0.0165293019512106
p7105,2,0.0333333333333333,53.0666666666667,3,66,59,2,375,0,32.5,0.039473685,0.666666666666667,1,1,0,0.0327898228229909
p7106,1,0.0166666666666667,,1,1,1,2,76,0.55720365,5,0.02631579,2,0,0,0,0.0165293019512106
p7107,1,0.0166666666666667,,1,1,1,1,150,1,6,0.02631579,1,0,0,0,0.0165293019512106
p7108,1,0.0166666666666667,,3,17,12,3,50,0,11,0.02631579,1,1,1,1,0.0165293019512106
p7109,2,0.0333333333333333,41.0833333333333,3,9,8,2,330,0.5,28,0.039473685,0.666666666666667,0,0,0,0.0327898228229909
p711,1,0.0166666666666667,,2,21,18,1,150,0,15,0.02631579,0.5,1,1,1,0.0165293019512106
p7110,1,0.0166666666666667,,2,16,14,1,150,0,14,0.02631579,0.5,1,1,1,0.0165293019512106
p7111,1,0.0166666666666667,,2,9,8,2,250.5,0.17623259,8,0.02631579,1,0,0,0,0.0165293019512106
p7112,1,0.0166666666666667,,2,11,9,1,150,0,8,0.02631579,0.5,1,1,0,0.0165293019512106
p7113,1,0.0166666666666667,,1,2,2,1,150,1,5,0.02631579,1,0,0,0,0.0165293019512106
p7114,1,0.0166666666666667,,2,9,8,1,150,0,8,0.02631579,0.5,1,1,1,0.0165293019512106
p7115,1,0.0166666666666667,,1,2,2,1,150,1,19,0.02631579,1,0,0,0,0.0165293019512106
p7116,3,0.05,22.9666666666667,4,126,57,3,338.333333333333,0,40.3333333333333,0.0526315783333333,0.75,0,0,0,0.048790164169432
p7117,2,0.0333333333333333,46.55,2,8,7,2,330,0.5,29.5,0.039473685,1,1,1,1,0.0327898228229909
p7118,3,0.05,19.55,4,65,46,4,355,0.05154084,21.3333333333333,0.0526315783333333,1,1,1,1,0.048790164169432
p7119,2,0.0333333333333333,43.8666666666667,2,10,9,2,362.5,0.5,31,0.039473685,1,1,0,0,0.0327898228229909
p712,3,0.05,24.7083333333333,4,120,57,3,415,0,39,0.0526315783333333,0.75,1,1,1,0.048790164169432
p7120,1,0.0166666666666667,,2,18,17,2,44.625,0.10320107,16,0,1,0,0,0,0.0165293019512106
p7121,2,0.0333333333333333,33.9833333333333,2,11,8,2,375,0.5,25,0.039473685,1,1,1,1,0.0327898228229909
p7122,1,0.0166666666666667,,2,11,10,1,150,0,9,0.02631579,0.5,1,0,0,0.0165293019512106
p7124,3,0.05,15.7666666666667,4,74,41,4,220.25,0.1538167,23.6666666666667,0.02631579,1,1,0,0,0.048790164169432
p7125,1,0.0166666666666667,,2,13,13,2,159,0.0195575485,13,0.02631579,1,0,0,0,0.0165293019512106
p7126,1,0.0166666666666667,,1,4,4,1,15,1,12,0,1,1,1,0,0.0165293019512106
p7127,1,0.0166666666666667,,2,22,20,1,15,,19,0,0.5,0,0,0,0.0165293019512106
p7128,1,0.0166666666666667,,1,1,1,1,150,1,7,0.02631579,1,1,0,0,0.0165293019512106
p713,1,0.0166666666666667,,2,12,10,2,175.5,0.051054475,9,0.02631579,1,1,1,1,0.0165293019512106
p7130,1,0.0166666666666667,,1,7,7,1,150,0,7,0.02631579,1,1,1,1,0.0165293019512106
p7131,1,0.0166666666666667,,2,15,14,1,150,0,13,0.02631579,0.5,0,0,0,0.0165293019512106
p7133,1,0.0166666666666667,,1,1,1,1,150,1,6,0.02631579,1,1,1,1,0.0165293019512106
p7134,1,0.0166666666666667,,2,17,15,2,201,0.18819415,14,0.02631579,1,1,1,1,0.0165293019512106
p7135,2,0.0333333333333333,6.98333333333333,3,37,20,2,90,0,15.5,0.013157895,0.666666666666667,0,0,0,0.0327898228229909
p7136,1,0.0166666666666667,,2,12,10,1,150,0,10,0.02631579,0.5,1,1,0,0.0165293019512106
p7137,3,0.05,14.3583333333333,5,129,42,4,161.25,0.5,26.6666666666667,0.02631579,0.8,1,1,0,0.048790164169432
p7138,1,0.0166666666666667,,2,10,9,2,175.5,0.103324065,9,0.02631579,1,0,0,0,0.0165293019512106
p7139,1,0.0166666666666667,,2,11,10,1,150,0,10,0.02631579,0.5,1,0,0,0.0165293019512106
p714,1,0.0166666666666667,,2,31,30,1,150,0,30,0.02631579,0.5,1,1,1,0.0165293019512106
p7140,0,0,,1,3,3,1,5,0.21183522,,,1,0,0,0,0
p7141,1,0.0166666666666667,,2,16,15,1,150,0,13,0.02631579,0.5,1,1,0,0.0165293019512106
p7142,3,0.05,26.1916666666667,3,67,58,2,330,0,41,0.0526315783333333,0.666666666666667,1,0,0,0.048790164169432
p7143,1,0.0166666666666667,,2,13,11,1,150,0,11,0.02631579,0.5,1,1,0,0.0165293019512106
p7144,1,0.0166666666666667,,2,13,11,1,150,0,10,0.02631579,0.5,1,1,1,0.0165293019512106
p7145,1,0.0166666666666667,,2,11,10,2,191,0.41410935,9,0.02631579,1,1,1,1,0.0165293019512106
p7146,3,0.05,16.8,4,81,39,3,475,0,26,0.0526315783333333,0.75,0,0,0,0.048790164169432
p7147,1,0.0166666666666667,,2,10,9,1,150,0,6,0.02631579,0.5,1,1,1,0.0165293019512106
p7148,3,0.05,20.5166666666667,3,56,47,3,348.333333333333,0.333333333333333,34,0.0526315783333333,1,1,0,0,0.048790164169432
p7149,1,0.0166666666666667,,2,11,9,1,150,0,9,0.02631579,0.5,0,0,0,0.0165293019512106
p715,1,0.0166666666666667,,2,7,6,2,188,0.202410085,5,0.02631579,1,0,0,0,0.0165293019512106
p7150,1,0.0166666666666667,,2,7,7,2,210,0.21056117,6,0.02631579,1,1,1,1,0.0165293019512106
p7151,1,0.0166666666666667,,2,28,24,1,60,0,19,0.02631579,0.5,1,1,1,0.0165293019512106
p7152,1,0.0166666666666667,,2,19,16,1,150,0,13,0.02631579,0.5,1,1,1,0.0165293019512106
p7153,0,0,,1,1,1,1,8,0.117146604,,,1,1,1,1,0
p7154,1,0.0166666666666667,,2,11,10,2,223.5,0.148302285,9,0.02631579,1,1,1,1,0.0165293019512106
p7156,1,0.0166666666666667,,1,0,0,1,150,1,8,0.02631579,1,0,0,0,0.0165293019512106
p7157,1,0.0166666666666667,,2,9,8,1,150,0,8,0.02631579,0.5,1,1,1,0.0165293019512106
p7158,1,0.0166666666666667,,2,16,12,1,150,0,11,0.02631579,0.5,1,1,1,0.0165293019512106
p7159,2,0.0333333333333333,14.3333333333333,2,22,18,2,117.5,1,20.5,0.02631579,1,1,1,1,0.0327898228229909
p716,1,0.0166666666666667,,2,6,6,2,193.5,0.113139725,5,0.02631579,1,0,0,0,0.0165293019512106
p7160,2,0.0333333333333333,41.6833333333333,3,56,48,2,375,0,26.5,0.039473685,0.666666666666667,1,1,1,0.0327898228229909
p7161,3,0.05,17.1666666666667,4,86,41,3,475,0,28.3333333333333,0.0526315783333333,0.75,1,1,0,0.048790164169432
p7162,1,0.0166666666666667,,1,1,1,1,15,1,12,0,1,1,1,1,0.0165293019512106
p7163,1,0.0166666666666667,,2,15,13,2,242.5,0.31667018,12,0.02631579,1,0,0,0,0.0165293019512106
p7164,0,0,,1,1,1,1,1,0.27552313,,,1,0,0,0,0
p7165,1,0.0166666666666667,,2,8,7,2,258,0.23362459,7,0.02631579,1,1,1,1,0.0165293019512106
p7166,3,0.05,16.375,4,83,39,3,475,0,27,0.0526315783333333,0.75,1,1,1,0.048790164169432
p7167,1,0.0166666666666667,,1,14,14,2,271,0.30610425,13,0.02631579,2,0,0,0,0.0165293019512106
p7168,1,0.0166666666666667,,2,34,26,1,150,0,26,0.02631579,0.5,1,1,0,0.0165293019512106
p7169,3,0.05,21.2833333333333,4,103,49,3,475,0,33.3333333333333,0.0526315783333333,0.75,1,1,1,0.048790164169432
p717,1,0.0166666666666667,,2,27,26,1,150,0,25,0.02631579,0.5,0,0,0,0.0165293019512106
p7170,3,0.05,23.125,4,126,58,3,335,0,39.6666666666667,0.0526315783333333,0.75,1,1,1,0.048790164169432
p7171,1,0.0166666666666667,,1,0,0,1,150,1,5,0.02631579,1,0,0,0,0.0165293019512106
p7172,0,0,,1,1,1,0,,,,,0,1,1,0,0
p7173,2,0.0333333333333333,50.0166666666667,2,10,8,2,312.5,0.5,33,0.039473685,1,0,0,0,0.0327898228229909
p7175,1,0.0166666666666667,,2,11,10,2,17.5,0.037597155,9,0,1,0,0,0,0.0165293019512106
p7176,1,0.0166666666666667,,2,13,11,2,207.5,0.18494433,11,0.02631579,1,0,0,0,0.0165293019512106
p7177,1,0.0166666666666667,,2,9,8,1,150,0,8,0.02631579,0.5,1,1,1,0.0165293019512106
p7178,1,0.0166666666666667,,1,0,0,1,150,1,17,0.02631579,1,1,1,1,0.0165293019512106
p718,1,0.0166666666666667,,3,34,21,3,172.083333333333,0.2922135,11,0.02631579,1,0,0,0,0.0165293019512106
p7180,1,0.0166666666666667,,2,21,18,1,150,0,16,0.02631579,0.5,0,0,0,0.0165293019512106
p7181,1,0.0166666666666667,,2,58,32,1,150,0,31,0.02631579,0.5,1,1,1,0.0165293019512106
p7182,1,0.0166666666666667,,2,10,9,1,150,0,8,0.02631579,0.5,0,0,0,0.0165293019512106
p7183,2,0.0333333333333333,6.53333333333333,3,45,26,2,90,0,19,0.013157895,0.666666666666667,0,0,0,0.0327898228229909
p7184,0,0,,1,1,1,1,11,0.3856784,,,1,0,0,0,0
p7185,1,0.0166666666666667,,2,15,13,2,205.5,0.1514039,12,0.02631579,1,0,0,0,0.0165293019512106
p7186,2,0.0333333333333333,37.5166666666667,3,53,43,3,314.333333333333,0.201207066666667,27.5,0.039473685,1,1,1,0,0.0327898228229909
p7187,1,0.0166666666666667,,2,11,11,2,177,0.057536255,10,0.02631579,1,1,1,1,0.0165293019512106
p7188,1,0.0166666666666667,,2,13,12,2,103.5,0.132182375,11,0.02631579,1,0,0,0,0.0165293019512106
p719,1,0.0166666666666667,,2,13,12,1,150,0,12,0.02631579,0.5,1,1,1,0.0165293019512106
p7190,1,0.0166666666666667,,2,5,5,2,106,0.277653635,4.9225,0.02631579,1,1,1,1,0.0165293019512106
p7191,1,0.0166666666666667,,1,2,2,1,150,1,8,0.02631579,1,1,1,1,0.0165293019512106
p7192,4,0.0666666666666667,14.85,5,122,47,4,743.75,0,30.25,0.06578947375,0.8,0,0,0,0.0645385211375712
p7193,3,0.05,19.0916666666667,3,47,41,3,475,0.333333333333333,29.3333333333333,0.0526315783333333,1,0,0,0,0.048790164169432
p7195,1,0.0166666666666667,,2,9,9,2,150,0.0013954616,9,0.02631579,1,0,0,0,0.0165293019512106
p7196,3,0.05,24.2416666666667,4,125,58,3,415,0,40.6666666666667,0.0526315783333333,0.75,0,0,0,0.048790164169432
p7197,1,0.0166666666666667,,1,1,1,1,150,1,7,0.02631579,1,1,1,0,0.0165293019512106
p7198,1,0.0166666666666667,,2,22,21,2,175.5,0.12872851,21,0.02631579,1,0,0,0,0.0165293019512106
p72,1,0.0166666666666667,,2,17,16,1,150,0,12,0.02631579,0.5,0,0,0,0.0165293019512106
p720,2,0.0333333333333333,41.6333333333333,3,56,48,2,375,0,27,0.039473685,0.666666666666667,0,0,0,0.0327898228229909
p7200,1,0.0166666666666667,,2,16,15,1,150,0,14,0.02631579,0.5,0,0,0,0.0165293019512106
p7201,1,0.0166666666666667,,2,16,14,2,273.5,0.32330205,7,0.02631579,1,0,0,0,0.0165293019512106
p7202,1,0.0166666666666667,,2,10,8,2,142,0.07392349,8,0.02631579,1,0,0,0,0.0165293019512106
p7203,1,0.0166666666666667,,2,9,8,1,150,0,7,0.02631579,0.5,1,1,1,0.0165293019512106
p7205,1,0.0166666666666667,,2,9,8,1,150,0,8,0.02631579,0.5,1,1,1,0.0165293019512106
p7206,3,0.05,17.5666666666667,4,91,42,4,525,0.000239596075,29.6666666666667,0.0526315783333333,1,0,0,0,0.048790164169432
p7208,1,0.0166666666666667,,2,22,14,3,166.333333333333,0.035614251,13,0.02631579,1.5,1,1,1,0.0165293019512106
p7209,1,0.0166666666666667,,2,25,22,1,15,,19,0,0.5,1,1,1,0.0165293019512106
p721,0,0,,1,0,0,1,0,0.02569913,,,1,0,0,0,0
p7210,1,0.0166666666666667,,3,23,14,3,174.583333333333,0.124542693333333,14,0.02631579,1,1,1,0,0.0165293019512106
p7211,1,0.0166666666666667,,2,10,9,1,60,0,8,0.02631579,0.5,1,0,0,0.0165293019512106
p7212,1,0.0166666666666667,,2,17,15,2,159,0.06261099,15,0.02631579,1,0,0,0,0.0165293019512106
p7213,1,0.0166666666666667,,2,14,11,2,179,0.031634885,10,0.02631579,1,0,0,0,0.0165293019512106
p7214,1,0.0166666666666667,,2,8,8,2,186.5,0.07735824,7,0.02631579,1,1,1,1,0.0165293019512106
p7215,2,0.0333333333333333,50.7333333333333,2,9,8,1,150,0,32.5,0.039473685,0.5,1,1,1,0.0327898228229909
p7216,3,0.05,23.5666666666667,3,59,50,3,475,0.333333333333333,37,0.0526315783333333,1,0,0,0,0.048790164169432
p7217,2,0.0333333333333333,46.6,2,9,8,2,375,0.5,30.5,0.039473685,1,1,0,0,0.0327898228229909
p7218,3,0.05,24.9833333333333,4,115,57,3,475,0,36.6666666666667,0.0526315783333333,0.75,1,1,1,0.048790164169432
p7219,2,0.0333333333333333,4.25,3,15,15,3,69.3333333333333,0.172120826666667,12,0.013157895,1,0,0,0,0.0327898228229909
p7220,2,0.0333333333333333,14.1166666666667,3,43,27,2,157.5,0,18,0.02631579,0.666666666666667,1,1,1,0.0327898228229909
p7221,1,0.0166666666666667,,2,67,49,1,150,0,37,0.02631579,0.5,1,1,1,0.0165293019512106
p7224,1,0.0166666666666667,,1,4,4,2,85,0.9371773,6,0.10526316,2,0,0,0,0.0165293019512106
p7225,1,0.0166666666666667,,2,7,7,1,60,0,6,0.02631579,0.5,1,1,1,0.0165293019512106
p7226,0,0,,1,0,0,0,,,,,0,1,1,1,0
p7227,1,0.0166666666666667,,2,2,1,2,208.5,0.69828893,7,0.02631579,1,0,0,0,0.0165293019512106
p7228,1,0.0166666666666667,,2,12,11,2,237.5,0.240406185,10,0.02631579,1,1,1,1,0.0165293019512106
p7229,1,0.0166666666666667,,2,13,11,1,150,0,11,0.02631579,0.5,1,1,1,0.0165293019512106
p723,1,0.0166666666666667,,1,1,1,1,150,1,5,0.02631579,1,1,0,0,0.0165293019512106
p7230,3,0.05,22,4,111,52,4,455,0.024042845,36.3333333333333,0.0526315783333333,1,1,1,0,0.048790164169432
p7231,3,0.05,24.0333333333333,4,116,55,3,475,0,38.3333333333333,0.0526315783333333,0.75,1,1,0,0.048790164169432
p7232,1,0.0166666666666667,,2,59,38,1,150,0,36,0.02631579,0.5,1,1,1,0.0165293019512106
p7233,1,0.0166666666666667,,2,25,24,1,150,0,24,0.02631579,0.5,1,1,1,0.0165293019512106
p7234,1,0.0166666666666667,,2,8,7,2,245.5,0.29978508,7,0.02631579,1,0,0,0,0.0165293019512106
p7235,2,0.0333333333333333,48.5833333333333,2,10,9,1,150,0,32,0.039473685,0.5,1,1,1,0.0327898228229909
p7236,1,0.0166666666666667,,2,31,21,1,150,0,20,0.02631579,0.5,1,1,1,0.0165293019512106
p7237,1,0.0166666666666667,,2,38,36,3,156.333333333333,0.0106139046666667,35,0.02631579,1.5,0,0,0,0.0165293019512106
p724,4,0.0666666666666667,15.8777777777778,5,139,58,4,371.25,0,34,0.03947368375,0.8,1,1,1,0.0645385211375712
p7240,3,0.05,20.7916666666667,4,113,51,3,475,0,36,0.0526315783333333,0.75,1,0,0,0.048790164169432
p7241,1,0.0166666666666667,,2,15,14,1,150,0,13,0.02631579,0.5,1,1,1,0.0165293019512106
p7243,1,0.0166666666666667,,2,19,14,1,150,0,12,0.02631579,0.5,1,1,1,0.0165293019512106
p7244,1,0.0166666666666667,,2,10,9,2,275.5,0.354579715,9,0.02631579,1,1,1,1,0.0165293019512106
p7245,2,0.0333333333333333,48.45,2,13,11,1,150,0,32.5,0.039473685,0.5,0,0,0,0.0327898228229909
p7248,2,0.0333333333333333,37.9,2,10,8,2,375,0.5,26,0.039473685,1,1,1,1,0.0327898228229909
p7249,1,0.0166666666666667,,2,9,9,1,150,0,9,0.02631579,0.5,1,1,1,0.0165293019512106
p725,1,0.0166666666666667,,2,17,14,2,163.5,0.05052329,12,0.02631579,1,1,0,0,0.0165293019512106
p7250,2,0.0333333333333333,43.7833333333333,2,14,11,2,375,0.5,33,0.039473685,1,0,0,0,0.0327898228229909
p7251,1,0.0166666666666667,,1,1,1,1,150,1,9,0.02631579,1,0,0,0,0.0165293019512106
p7252,1,0.0166666666666667,,1,1,1,1,150,1,6,0.02631579,1,1,1,1,0.0165293019512106
p7253,1,0.0166666666666667,,1,1,1,1,150,1,15,0.02631579,1,0,0,0,0.0165293019512106
p7254,1,0.0166666666666667,,2,10,9,1,150,0,8,0.02631579,0.5,1,1,1,0.0165293019512106
p7255,2,0.0333333333333333,38.1166666666667,2,13,9,1,150,0,27,0.039473685,0.5,1,1,1,0.0327898228229909
p7256,1,0.0166666666666667,,2,13,11,2,168.5,0.063626015,10,0.02631579,1,1,1,1,0.0165293019512106
p7257,1,0.0166666666666667,,2,9,8,2,262,0.26836655,8,0.02631579,1,0,0,0,0.0165293019512106
p7258,1,0.0166666666666667,,2,8,7,2,174,0.04604006,6,0.02631579,1,1,1,1,0.0165293019512106
p7259,3,0.05,15.7333333333333,4,82,38,3,475,0,26.6666666666667,0.0526315783333333,0.75,0,0,0,0.048790164169432
p726,3,0.05,20.5083333333333,3,59,48,3,1756,0.333333333333333,35.3333333333333,0.0526315783333333,1,1,0,0,0.048790164169432
p7260,2,0.0333333333333333,16.1833333333333,3,51,33,2,90,0,23,0.013157895,0.666666666666667,1,1,1,0.0327898228229909
p7261,0,0,,1,0,0,1,47,0.9991306,,,1,0,0,0,0
p7262,1,0.0166666666666667,,2,9,8,1,150,0,8,0.02631579,0.5,0,0,0,0.0165293019512106
p7263,1,0.0166666666666667,,2,19,15,1,150,0,15,0.02631579,0.5,1,1,1,0.0165293019512106
p7264,1,0.0166666666666667,,2,16,10,1,150,0,10,0.02631579,0.5,1,1,0,0.0165293019512106
p7265,3,0.05,17.7583333333333,4,85,41,4,556.75,0.103517615,28,0.0526315783333333,1,0,0,0,0.048790164169432
p7266,1,0.0166666666666667,,2,11,10,1,25,0,9,0.02631579,0.5,1,1,1,0.0165293019512106
p7268,1,0.0166666666666667,,2,14,12,1,150,0,11,0.02631579,0.5,0,0,0,0.0165293019512106
p727,1,0.0166666666666667,,2,17,13,1,150,0,10,0.02631579,0.5,1,1,1,0.0165293019512106
p7270,1,0.0166666666666667,,1,1,1,1,150,1,12,0.02631579,1,0,0,0,0.0165293019512106
p7271,3,0.05,21.95,4,104,50,4,530,0.0245603285,33.6666666666667,0.0526315783333333,1,1,1,1,0.048790164169432
p7272,1,0.0166666666666667,,2,11,9,1,150,0,8,0.02631579,0.5,1,1,0,0.0165293019512106
p7273,1,0.0166666666666667,,2,7,6,2,150,0.0053239005,6,0.02631579,1,0,0,0,0.0165293019512106
p7274,10,0.166666666666667,5.71666666666667,6,151.280000000001,58,6,489.5000246,0,36.3,0.129561403322221,0.909090909090909,1,1,1,0.154150679827258
p7275,1,0.0166666666666667,,2,28,19,1,60,0,17,0.02631579,0.5,1,1,1,0.0165293019512106
p7276,1,0.0166666666666667,,2,9,9,1,150,0,8,0.02631579,0.5,0,0,0,0.0165293019512106
p7277,2,0.0333333333333333,12.05,3,41,26,2,90,0,19,0.013157895,0.666666666666667,1,1,0,0.0327898228229909
p7279,1,0.0166666666666667,,2,20,18,2,172.5,0.06695334,17,0.02631579,1,1,1,1,0.0165293019512106
p7280,0,0,,1,0,0,0,,,,,0,0,0,0,0
p7281,1,0.0166666666666667,,2,14,11,1,150,0,10,0.02631579,0.5,1,1,0,0.0165293019512106
p7282,1,0.0166666666666667,,1,3,3,1,150,1,9,0.02631579,1,0,0,0,0.0165293019512106
p7283,1,0.0166666666666667,,2,10,9,2,215.5,0.23924464,8,0.02631579,1,1,1,0,0.0165293019512106
p7284,0,0,,1,2,2,1,163.875,0.3788412,,,1,0,0,0,0
p7285,1,0.0166666666666667,,2,50,32,1,150,0,25,0.02631579,0.5,1,1,0,0.0165293019512106
p7286,1,0.0166666666666667,,2,6,6,2,167.5,0.16442044,6,0.02631579,1,1,1,1,0.0165293019512106
p7287,1,0.0166666666666667,,2,15,15,1,150,0,15,0.02631579,0.5,0,0,0,0.0165293019512106
p7288,3,0.05,23.7416666666667,4,118,56,3,415,0,38.6666666666667,0.0526315783333333,0.75,1,1,1,0.048790164169432
p7289,1,0.0166666666666667,,2,8,7,3,286,0.312857976666667,6,0.02631579,1.5,1,1,1,0.0165293019512106
p729,1,0.0166666666666667,,2,15,13,1,60,0,11,0.02631579,0.5,1,1,1,0.0165293019512106
p7290,1,0.0166666666666667,,2,13,12,1,150,0,12,0.02631579,0.5,0,0,0,0.0165293019512106
p7291,1,0.0166666666666667,,2,10,9,1,150,0,8,0.02631579,0.5,0,0,0,0.0165293019512106
p7293,1,0.0166666666666667,,2,15,14,1,60,0,13,0.02631579,0.5,1,1,1,0.0165293019512106
p7294,3,0.05,22.0416666666667,3,53,47,3,398.333333333333,0.333333333333333,33.3333333333333,0.0526315783333333,1,1,1,1,0.048790164169432
p7295,1,0.0166666666666667,,1,1,1,0,,,10,0.02631579,0,0,0,0,0.0165293019512106
p7296,1,0.0166666666666667,,1,5,5,1,150,1,17,0.02631579,1,0,0,0,0.0165293019512106
p7297,1,0.0166666666666667,,2,13,12,2,223.5,0.184376715,12,0.02631579,1,1,1,1,0.0165293019512106
p7298,1,0.0166666666666667,,2,28,21,2,209,0.09624685,18,0.02631579,1,0,0,0,0.0165293019512106
p7299,0,0,,1,3,3,1,0,0,,,1,0,0,0,0
p73,1,0.0166666666666667,,2,10,8,2,293.5,0.482052415,8,0.02631579,1,1,0,0,0.0165293019512106
p730,1,0.0166666666666667,,1,4,4,1,15,1,12,0,1,0,0,0,0.0165293019512106
p7301,3,0.05,18.9416666666667,4,95,45,3,475,0,30.6666666666667,0.0526315783333333,0.75,1,1,0,0.048790164169432
p7302,1,0.0166666666666667,,2,40,39,1,150,0,39,0.02631579,0.5,1,1,1,0.0165293019512106
p7303,1,0.0166666666666667,,2,16,13,1,150,0,11,0.02631579,0.5,1,1,1,0.0165293019512106
p7304,2,0.0333333333333333,51.3833333333333,2,10,9,1,150,0,32.5,0.039473685,0.5,1,0,0,0.0327898228229909
p7305,1,0.0166666666666667,,2,10,7,2,278.5,0.32272115,7,0.02631579,1,0,0,0,0.0165293019512106
p7306,3,0.05,21.0916666666667,3,56,47,3,475,0.333333333333333,34.3333333333333,0.0526315783333333,1,1,1,1,0.048790164169432
p7307,1,0.0166666666666667,,4,11,10,3,34.5,0.296288253333333,9,0.02631579,0.75,1,1,1,0.0165293019512106
p7308,1,0.0166666666666667,,2,12,9,1,150,0,7,0.02631579,0.5,0,0,0,0.0165293019512106
p7309,1,0.0166666666666667,,2,8,7,2,174.5,0.24771014,6,0.02631579,1,1,0,0,0.0165293019512106
p731,3,0.05,24.675,4,119,58,3,475,0,38.3333333333333,0.0526315783333333,0.75,0,0,0,0.048790164169432
p7310,2,0.0333333333333333,36.6333333333333,2,6,6,2,375,0.5,23.5,0.039473685,1,1,1,1,0.0327898228229909
p7311,3,0.05,17.7666666666667,3,44,38,3,475,0.333333333333333,28,0.0526315783333333,1,1,1,1,0.048790164169432
p7312,1,0.0166666666666667,,2,8,7,1,150,0,6,0.02631579,0.5,0,0,0,0.0165293019512106
p7313,4,0.0666666666666667,15.8722222222222,5,143,58,4,256.25,0,34.25,0.03947368375,0.8,0,0,0,0.0645385211375712
p7314,1,0.0166666666666667,,2,30,29,1,150,0,29,0.02631579,0.5,0,0,0,0.0165293019512106
p7315,1,0.0166666666666667,,2,15,14,1,150,0,13,0.02631579,0.5,1,1,1,0.0165293019512106
p7316,1,0.0166666666666667,,2,10,9,2,196,0.10626772,8,0.02631579,1,0,0,0,0.0165293019512106
p7318,1,0.0166666666666667,,2,25,17,1,150,0,16,0.02631579,0.5,0,0,0,0.0165293019512106
p732,2,0.0333333333333333,49.0333333333333,2,7,6,2,292.5,0.5,29.5,0.039473685,1,0,0,0,0.0327898228229909
p7320,0,0,,1,1,1,0,,,,,0,0,0,0,0
p7321,1,0.0166666666666667,,4,70,27,4,150.625,0.00113248973333333,5,0.02631579,1,1,0,0,0.0165293019512106
p7322,1,0.0166666666666667,,2,10,8,2,176,0.057693815,8,0.02631579,1,1,1,1,0.0165293019512106
p7323,1,0.0166666666666667,,2,18,15,1,150,0,13,0.02631579,0.5,1,1,1,0.0165293019512106
p7324,3,0.05,23.3166666666667,4,117,56,3,330,0,38.3333333333333,0.0526315783333333,0.75,0,0,0,0.048790164169432
p7325,1,0.0166666666666667,,2,24,22,2,112,0.5,29,0.02631579,1,0,0,0,0.0165293019512106
p7326,3,0.05,22.0333333333333,4,118,55,3,475,0,36.6666666666667,0.0526315783333333,0.75,1,1,1,0.048790164169432
p7328,1,0.0166666666666667,,2,9,8,1,150,0,7,0.02631579,0.5,0,0,0,0.0165293019512106
p7329,1,0.0166666666666667,,2,14,13,1,50,0,11,0.02631579,0.5,1,1,1,0.0165293019512106
p733,1,0.0166666666666667,,2,11,10,1,150,0,9,0.02631579,0.5,1,1,1,0.0165293019512106
p7330,0,0,,1,1,1,0,,,,,0,0,0,0,0
p7331,1,0.0166666666666667,,2,10,9,2,79,0.008696625,8,0.02631579,1,0,0,0,0.0165293019512106
p7332,1,0.0166666666666667,,2,15,13,2,25.5,0.026363477,9,0.02631579,1,1,1,0,0.0165293019512106
p7333,1,0.0166666666666667,,2,12,11,2,26.5,0.23762208,10,0,1,0,0,0,0.0165293019512106
p7334,1,0.0166666666666667,,2,23,22,1,150,0,17,0.02631579,0.5,1,1,1,0.0165293019512106
p7335,3,0.05,21.6416666666667,4,112,52,3,365,0,36.6666666666667,0.0526315783333333,0.75,0,0,0,0.048790164169432
p7337,2,0.0333333333333333,47.9333333333333,3,73,58,2,260,0,34,0.039473685,0.666666666666667,1,1,1,0.0327898228229909
p7338,1,0.0166666666666667,,2,10,8,2,135,0.39012905,8,0.02631579,1,1,0,0,0.0165293019512106
p7339,1,0.0166666666666667,,2,25,24,2,156,0.02143874,8,0.02631579,1,0,0,0,0.0165293019512106
p734,2,0.0333333333333333,35.1,4,20,11,2,130,0,7.5,0.02631579,0.5,1,1,1,0.0327898228229909
p7341,2,0.0333333333333333,8.4,2,23,22,1,15,0,24.5,0.013157895,0.5,0,0,0,0.0327898228229909
p7342,1,0.0166666666666667,,2,8,7,1,150,0,6,0.02631579,0.5,0,0,0,0.0165293019512106
p7343,0,0,,1,0,0,1,5,,,,1,0,0,0,0
p7344,1,0.0166666666666667,,2,5,5,2,107.5,0.032285865,5,0.02631579,1,1,1,1,0.0165293019512106
p7345,1,0.0166666666666667,,2,10,9,1,150,0,8,0.02631579,0.5,1,1,1,0.0165293019512106
p7347,1,0.0166666666666667,,1,1,1,1,60,1,7,0.02631579,1,0,0,0,0.0165293019512106
p7348,3,0.05,21.1,4,100,48,3,475,0,32.6666666666667,0.0526315783333333,0.75,0,0,0,0.048790164169432
p7349,0,0,,1,1,1,1,9,0.08262658,,,1,1,1,0,0
p735,1,0.0166666666666667,,2,14,12,2,46.5,0.07314337,11,0.02631579,1,0,0,0,0.0165293019512106
p7351,0,0,,1,1,1,1,0,0.1097202,,,1,0,0,0,0
p7352,1,0.0166666666666667,,1,2,2,1,150,1,7,0.02631579,1,0,0,0,0.0165293019512106
p7353,2,0.0333333333333333,50.95,2,12,11,1,150,0,33.5,0.039473685,0.5,1,1,0,0.0327898228229909
p7354,1,0.0166666666666667,,2,13,12,1,150,0,12,0.02631579,0.5,0,0,0,0.0165293019512106
p7356,3,0.05,24.7333333333333,4,118,56,3,475,0,38,0.0526315783333333,0.75,1,1,0,0.048790164169432
p7357,1,0.0166666666666667,,2,11,10,1,150,0,10,0.02631579,0.5,1,1,1,0.0165293019512106
p7359,2,0.0333333333333333,51.5833333333333,3,71,59,2,375,0,33,0.039473685,0.666666666666667,1,1,0,0.0327898228229909
p736,1,0.0166666666666667,,2,14,13,1,150,0,12,0.02631579,0.5,1,1,1,0.0165293019512106
p7360,1,0.0166666666666667,,2,27,22,1,150,0,13,0.02631579,0.5,1,0,0,0.0165293019512106
p7362,1,0.0166666666666667,,2,8,7,2,156.5,0.0192332865,7,0.02631579,1,0,0,0,0.0165293019512106
p7363,1,0.0166666666666667,,2,10,9,1,150,0,8,0.02631579,0.5,0,0,0,0.0165293019512106
p7364,1,0.0166666666666667,,2,17,15,1,150,0,11,0.02631579,0.5,1,1,1,0.0165293019512106
p7365,3,0.05,26.6166666666667,3,62,56,3,425,0.333333333333333,39.6666666666667,0.0526315783333333,1,1,1,1,0.048790164169432
p737,1,0.0166666666666667,,2,11,10,2,175.5,0.16985395,9,0.02631579,1,1,1,1,0.0165293019512106
p7370,3,0.05,25.7333333333333,4,120,57,3,425,0,39.3333333333333,0.0526315783333333,0.75,0,0,0,0.048790164169432
p7371,3,0.05,21.1833333333333,4,111,51,3,475,0,36.6666666666667,0.0526315783333333,0.75,1,1,1,0.048790164169432
p7372,1,0.0166666666666667,,2,10,9,1,150,0,8,0.02631579,0.5,0,0,0,0.0165293019512106
p7373,2,0.0333333333333333,49.9333333333333,3,68,58,2,375,0,33,0.039473685,0.666666666666667,1,1,1,0.0327898228229909
p7374,1,0.0166666666666667,,2,16,15,2,20,0.0360154175,12,0.02631579,1,1,1,1,0.0165293019512106
p7375,1,0.0166666666666667,,2,9,8,1,150,0,7,0.02631579,0.5,0,0,0,0.0165293019512106
p7376,1,0.0166666666666667,,2,10,9,2,75.5,0.10933356,9,0.02631579,1,1,1,1,0.0165293019512106
p7377,1,0.0166666666666667,,2,20,15,1,150,0,15,0.02631579,0.5,1,1,1,0.0165293019512106
p7378,3,0.05,16.9333333333333,4,84,39,3,375,0,26.6666666666667,0.0526315783333333,0.75,1,1,1,0.048790164169432
p7379,1,0.0166666666666667,,1,1,1,1,150,1,7,0.02631579,1,1,1,1,0.0165293019512106
p738,2,0.0333333333333333,33.1166666666667,3,50,41,2,375,0,23.5,0.039473685,0.666666666666667,0,0,0,0.0327898228229909
p7380,3,0.05,21.5583333333333,4,105,50,4,468.75,0,34,0.0526315783333333,1,1,1,1,0.048790164169432
p7381,1,0.0166666666666667,,1,25,25,2,227.5,0.080184535,25,0.10526316,2,0,0,0,0.0165293019512106
p7382,0,0,,1,0,0,1,24,0.58080864,,,1,0,0,0,0
p7383,1,0.0166666666666667,,1,7,7,1,150,1,17,0.02631579,1,1,0,0,0.0165293019512106
p7384,1,0.0166666666666667,,2,15,14,2,210,0.08586967,13,0.02631579,1,0,0,0,0.0165293019512106
p7385,0,0,,1,3,3,1,1,0.030487943,,,1,0,0,0,0
p7386,1,0.0166666666666667,,2,20,17,1,150,0,17,0.02631579,0.5,0,0,0,0.0165293019512106
p7388,1,0.0166666666666667,,2,13,12,2,76.5,0.205907315,10,0.02631579,1,0,0,0,0.0165293019512106
p7389,1,0.0166666666666667,,2,13,11,2,181,0.06828346,11,0.02631579,1,0,0,0,0.0165293019512106
p739,1,0.0166666666666667,,1,1,1,1,150,1,41,0.02631579,1,1,1,1,0.0165293019512106
p7390,1,0.0166666666666667,,2,12,10,1,150,0,9,0.02631579,0.5,1,1,1,0.0165293019512106
p7391,2,0.0333333333333333,44.2166666666667,3,73,58,2,292.5,0,34,0.039473685,0.666666666666667,1,0,0,0.0327898228229909
p7392,1,0.0166666666666667,,2,8,7,1,150,0,6,0.02631579,0.5,1,1,1,0.0165293019512106
p7393,2,0.0333333333333333,48.2833333333333,2,10,8,2,362.5,0.5,32,0.039473685,1,0,0,0,0.0327898228229909
p7394,1,0.0166666666666667,,2,9,8,1,150,0,7,0.02631579,0.5,1,0,0,0.0165293019512106
p7395,1,0.0166666666666667,,2,25,24,1,150,0,23,0.02631579,0.5,0,0,0,0.0165293019512106
p7396,1,0.0166666666666667,,2,9,8,1,150,0,8,0.02631579,0.5,1,1,1,0.0165293019512106
p7397,1,0.0166666666666667,,2,12,11,2,165.5,0.020869013,10,0.02631579,1,0,0,0,0.0165293019512106
p7399,1,0.0166666666666667,,2,30,20,2,209,0.18144971,19,0.02631579,1,0,0,0,0.0165293019512106
p74,1,0.0166666666666667,,2,10,9,1,150,0,8,0.02631579,0.5,1,0,0,0.0165293019512106
p740,1,0.0166666666666667,,1,5,5,1,150,1,9,0.02631579,1,0,0,0,0.0165293019512106
p7400,1,0.0166666666666667,,2,12,11,1,150,0,11,0.02631579,0.5,1,1,0,0.0165293019512106
p7401,3,0.05,15.7416666666667,4,79,37,3,400,0,25.6666666666667,0.0526315783333333,0.75,1,1,1,0.048790164169432
p7402,1,0.0166666666666667,,2,10,9,2,178,0.126655785,8,0.02631579,1,1,1,1,0.0165293019512106
p7403,2,0.0333333333333333,7.6,3,24,16,3,271.333333333333,0.43888405,11.5,0.02631579,1,1,1,1,0.0327898228229909
p7404,1,0.0166666666666667,,2,12,11,1,150,0,10,0.02631579,0.5,0,0,0,0.0165293019512106
p7405,2,0.0333333333333333,8.03333333333333,3,43,25,2,90,0,20,0.013157895,0.666666666666667,1,1,1,0.0327898228229909
p7406,1,0.0166666666666667,,2,12,10,1,60,0,8,0.02631579,0.5,1,1,1,0.0165293019512106
p7407,3,0.05,25.775,4,123,59,3,441.666666666667,0,40,0.0526315783333333,0.75,0,0,0,0.048790164169432
p7408,1,0.0166666666666667,,2,12,9,2,150,0,9,0.02631579,1,1,1,1,0.0165293019512106
p7409,2,0.0333333333333333,44.7666666666667,3,68,55,2,375,0,32.5,0.039473685,0.666666666666667,1,1,1,0.0327898228229909
p741,1,0.0166666666666667,,2,13,11,1,150,0,11,0.02631579,0.5,0,0,0,0.0165293019512106
p7410,1,0.0166666666666667,,2,21,18,1,150,0,15,0.02631579,0.5,0,0,0,0.0165293019512106
p7411,0,0,,1,0,0,1,4,0.09447099,,,1,1,1,1,0
p7412,1,0.0166666666666667,,2,25,23,1,150,0,9,0.02631579,0.5,0,0,0,0.0165293019512106
p7413,0,0,,1,0,0,1,0,0.098671034,,,1,0,0,0,0
p7414,3,0.05,18.55,4,95,44,3,448.333333333333,0,31,0.0526315783333333,0.75,1,0,0,0.048790164169432
p7416,1,0.0166666666666667,,2,9,7,1,150,0,7,0.02631579,0.5,1,1,1,0.0165293019512106
p7417,3,0.05,20.675,5,148,59,5,589.4,0,29,0.0526315783333333,1,1,0,0,0.048790164169432
p7418,1,0.0166666666666667,,2,15,13,1,150,0,12,0.02631579,0.5,0,0,0,0.0165293019512106
p7419,0,0,,1,2,2,1,6.5,0.11105186,,,1,1,0,0,0
p742,1,0.0166666666666667,,2,8,7,1,150,0,6,0.02631579,0.5,1,1,1,0.0165293019512106
p7420,2,0.0333333333333333,47.4666666666667,3,70,58,2,330,0,33.5,0.039473685,0.666666666666667,0,0,0,0.0327898228229909
p7422,1,0.0166666666666667,,2,9,8,2,194,0.18418785,7,0.02631579,1,1,0,0,0.0165293019512106
p7423,1,0.0166666666666667,,2,22,15,1,150,0,15,0.02631579,0.5,0,0,0,0.0165293019512106
p7424,1,0.0166666666666667,,2,27,21,1,150,0,20,0.02631579,0.5,1,1,1,0.0165293019512106
p7425,0,0,,1,1,1,1,24,0.3618972,,,1,1,1,1,0
p7426,3,0.05,23.35,4,127,59,3,465,0,41.3333333333333,0.0526315783333333,0.75,1,1,0,0.048790164169432
p7427,1,0.0166666666666667,,2,13,11,2,209,0.207110585,10,0.02631579,1,0,0,0,0.0165293019512106
p7428,3,0.05,21.4,4,104,49,3,385,0,33.6666666666667,0.0526315783333333,0.75,0,0,0,0.048790164169432
p743,1,0.0166666666666667,,2,13,11,1,150,0,10,0.02631579,0.5,1,1,1,0.0165293019512106
p7430,19,0.316666666666667,1.90185185185185,6,151.280000000001,43,6,8260.32948996292,0.0714285714285715,31.421052631579,0.129561403322221,1,0,0,0,0.275103290244921
p7431,0,0,,1,1,1,1,7,0.26319677,,,1,0,0,0,0
p7432,1,0.0166666666666667,,2,16,15,1,150,0,14,0.02631579,0.5,0,0,0,0.0165293019512106
p7433,1,0.0166666666666667,,2,10,9,1,150,0,6,0.02631579,0.5,1,1,1,0.0165293019512106
p7435,1,0.0166666666666667,,2,10,9,1,150,0,9,0.02631579,0.5,0,0,0,0.0165293019512106
p7436,3,0.05,25.6583333333333,3,66,56,2,230,0,40.6666666666667,0.0526315783333333,0.666666666666667,0,0,0,0.048790164169432
p7437,3,0.05,22.9916666666667,3,59,50,3,475,0.333333333333333,36.6666666666667,0.0526315783333333,1,1,1,1,0.048790164169432
p7438,0,0,,1,3,3,1,24,0.5415766,,,1,0,0,0,0
p7439,2,0.0333333333333333,41.3333333333333,2,9,8,2,375,0.5,28,0.039473685,1,0,0,0,0.0327898228229909
p744,1,0.0166666666666667,,2,32,27,1,0,0,25,0.02631579,0.5,0,0,0,0.0165293019512106
p7440,1,0.0166666666666667,,2,17,14,2,125.5,0.048309275,14,0.02631579,1,1,0,0,0.0165293019512106
p7441,0,0,,1,1,1,1,150,1,,,1,0,0,0,0
p7442,1,0.0166666666666667,,2,16,15,1,150,0,13,0.02631579,0.5,1,1,1,0.0165293019512106
p7443,1,0.0166666666666667,,2,30,23,1,150,0,20,0.02631579,0.5,0,0,0,0.0165293019512106
p7444,3,0.05,22.05,4,106,51,3,475,0,34.6666666666667,0.0526315783333333,0.75,0,0,0,0.048790164169432
p7445,3,0.05,23.4916666666667,4,114,54,3,475,0,37.3333333333333,0.0526315783333333,0.75,1,0,0,0.048790164169432
p7446,1,0.0166666666666667,,2,10,9,1,150,0,9,0.02631579,0.5,1,1,1,0.0165293019512106
p7447,1,0.0166666666666667,,2,7,7,2,121,0.23875664,6,0.02631579,1,1,1,1,0.0165293019512106
p7448,3,0.05,17.3083333333333,4,83,40,4,529.75,0.012533695,27.3333333333333,0.0526315783333333,1,1,1,0,0.048790164169432
p7449,1,0.0166666666666667,,2,7,7,2,150,0,7,0.02631579,1,0,0,0,0.0165293019512106
p745,0,0,,1,0,0,1,8,0.2773396,,,1,0,0,0,0
p7450,3,0.05,21.575,4,73,50,5,413,0.098131388,24.3333333333333,0.0526315783333333,1.25,1,0,0,0.048790164169432
p7451,1,0.0166666666666667,,2,9,8,1,150,0,8,0.02631579,0.5,1,1,1,0.0165293019512106
p7452,0,0,,1,0,0,1,3,0.1484395,,,1,1,1,1,0
p7453,1,0.0166666666666667,,2,19,17,2,217.5,0.2080298,16,0.02631579,1,1,1,1,0.0165293019512106
p7454,1,0.0166666666666667,,1,3,3,1,150,1,11,0.02631579,1,1,1,1,0.0165293019512106
p7455,1,0.0166666666666667,,2,15,13,1,150,0,12,0.02631579,0.5,0,0,0,0.0165293019512106
p7456,2,0.0333333333333333,51.2166666666667,3,65,58,2,292.5,0,31.5,0.039473685,0.666666666666667,1,0,0,0.0327898228229909
p7457,1,0.0166666666666667,,1,1,1,1,150,1,6,0.02631579,1,0,0,0,0.0165293019512106
p7458,1,0.0166666666666667,,2,8,8,2,168,0.080493515,8,0.02631579,1,1,1,1,0.0165293019512106
p7459,3,0.05,23.0833333333333,3,59,51,3,475,0.333333333333333,36.3333333333333,0.0526315783333333,1,0,0,0,0.048790164169432
p746,1,0.0166666666666667,,2,2,2,1,150,1,10,0.02631579,0.5,0,0,0,0.0165293019512106
p7460,2,0.0333333333333333,37.8166666666667,2,8,7,2,292.5,0.5,25,0.039473685,1,1,1,1,0.0327898228229909
p7461,3,0.05,23.3166666666667,4,111,53,3,475,0,36,0.0526315783333333,0.75,1,1,1,0.048790164169432
p7462,3,0.05,25.3583333333333,4,126,59,3,475,0,39.6666666666667,0.0526315783333333,0.75,0,0,0,0.048790164169432
p7463,1,0.0166666666666667,,2,14,11,1,150,0,9,0.02631579,0.5,1,1,1,0.0165293019512106
p7464,1,0.0166666666666667,,2,9,8,1,150,0,8,0.02631579,0.5,1,1,1,0.0165293019512106
p7465,1,0.0166666666666667,,2,14,13,1,150,0,13,0.02631579,0.5,1,1,1,0.0165293019512106
p7466,1,0.0166666666666667,,2,12,10,2,206.5,0.1278254,8,0.02631579,1,1,1,0,0.0165293019512106
p7467,2,0.0333333333333333,15,4,54,24,4,151.5625,0.014880502,14.5,0.039473685,1,1,1,1,0.0327898228229909
p7468,1,0.0166666666666667,,2,12,10,1,150,0,10,0.02631579,0.5,0,0,0,0.0165293019512106
p7469,1,0.0166666666666667,,2,9,8,1,150,0,8,0.02631579,0.5,0,0,0,0.0165293019512106
p747,1,0.0166666666666667,,2,16,13,2,212.5,0.230239215,12,0.02631579,1,0,0,0,0.0165293019512106
p7470,1,0.0166666666666667,,2,11,9,2,201,0.3266334,9,0.02631579,1,1,1,0,0.0165293019512106
p7471,1,0.0166666666666667,,2,17,17,2,182,0.053203885,16,0.02631579,1,1,1,0,0.0165293019512106
p7472,3,0.05,17.0416666666667,4,89,41,4,586,0.15014036,28.6666666666667,0.0526315783333333,1,1,0,0,0.048790164169432
p7473,1,0.0166666666666667,,2,10,9,2,164,0.0304711985,7,0.02631579,1,0,0,0,0.0165293019512106
p7474,3,0.05,19.3416666666667,4,101,47,3,475,0,32.6666666666667,0.0526315783333333,0.75,0,0,0,0.048790164169432
p7475,1,0.0166666666666667,,2,8,7,2,185,0.09192054,6,0.02631579,1,1,1,1,0.0165293019512106
p7476,3,0.05,21.9333333333333,4,106,51,3,475,0,34.3333333333333,0.0526315783333333,0.75,1,1,1,0.048790164169432
p7477,1,0.0166666666666667,,2,10,9,2,60,0,8,0.02631579,1,0,0,0,0.0165293019512106
p7479,3,0.05,22.9583333333333,4,127,57,3,441.666666666667,0,40,0.0526315783333333,0.75,0,0,0,0.048790164169432
p748,1,0.0166666666666667,,2,9,8,1,150,0,8,0.02631579,0.5,1,1,1,0.0165293019512106
p7480,3,0.05,23.5083333333333,4,116,55,3,348.333333333333,0,36.3333333333333,0.0526315783333333,0.75,1,1,1,0.048790164169432
p7481,1,0.0166666666666667,,2,12,11,2,175.5,0.0501005,10,0.02631579,1,1,1,1,0.0165293019512106
p7482,1,0.0166666666666667,,2,11,9,2,156,0.041859895,8,0.02631579,1,1,0,0,0.0165293019512106
p7483,2,0.0333333333333333,42.2666666666667,3,55,47,3,339,0.333333333333333,28,0.039473685,1,1,0,0,0.0327898228229909
p7485,0,0,,1,1,1,1,6,0.5349923,,,1,1,0,0,0
p7486,1,0.0166666666666667,,2,13,11,1,0,0,10,0.02631579,0.5,1,1,0,0.0165293019512106
p7487,1,0.0166666666666667,,2,9,8,2,152.5,0.02306159,7,0.02631579,1,0,0,0,0.0165293019512106
p7488,1,0.0166666666666667,,2,12,11,1,150,0,10,0.02631579,0.5,0,0,0,0.0165293019512106
p7489,2,0.0333333333333333,47.95,2,14,12,1,60,0,35,0.039473685,0.5,0,0,0,0.0327898228229909
p749,1,0.0166666666666667,,2,8,7,2,228.5,0.2032479,7,0.02631579,1,0,0,0,0.0165293019512106
p7491,3,0.05,17.35,4,88,41,3,415,0,29,0.0526315783333333,0.75,1,1,1,0.048790164169432
p7492,1,0.0166666666666667,,2,8,7,2,150,0.009064831,7,0.02631579,1,1,0,0,0.0165293019512106
p7494,1,0.0166666666666667,,2,23,15,1,150,0,14,0.02631579,0.5,1,1,1,0.0165293019512106
p7495,1,0.0166666666666667,,2,9,8,2,227.5,0.23293645,7,0.02631579,1,1,1,1,0.0165293019512106
p7496,2,0.0333333333333333,47.9333333333333,2,7,6,2,375,0.5,30,0.039473685,1,1,0,0,0.0327898228229909
p7497,1,0.0166666666666667,,2,11,9,2,171,0.152533335,9,0.02631579,1,1,1,1,0.0165293019512106
p7498,2,0.0333333333333333,50.2,2,13,10,1,150,0,34,0.039473685,0.5,0,0,0,0.0327898228229909
p75,2,0.0333333333333333,44.45,2,9,8,2,375,0.5,30,0.039473685,1,1,1,1,0.0327898228229909
p750,1,0.0166666666666667,,2,12,10,1,35,0,9,0.02631579,0.5,0,0,0,0.0165293019512106
p7500,1,0.0166666666666667,,2,10,9,2,168.5,0.0480537675,7,0.02631579,1,1,1,0,0.0165293019512106
p7502,1,0.0166666666666667,,2,10,9,2,165.5,0.02103482,8,0.02631579,1,0,0,0,0.0165293019512106
p7504,1,0.0166666666666667,,2,10,9,1,60,0,8,0.02631579,0.5,1,1,0,0.0165293019512106
p7505,1,0.0166666666666667,,2,71,44,1,10,0,41,0.02631579,0.5,1,1,1,0.0165293019512106
p7506,1,0.0166666666666667,,2,7,6,2,110.5,0.1808804,5,0.02631579,1,1,1,1,0.0165293019512106
p7507,1,0.0166666666666667,,2,12,11,1,150,0,10,0.02631579,0.5,1,1,1,0.0165293019512106
p7509,1,0.0166666666666667,,2,7,7,2,174,0.04725368,7,0.02631579,1,1,0,0,0.0165293019512106
p751,4,0.0666666666666667,12.4555555555556,5,123,43,4,1830.375,0,30.25,0.06578947375,0.8,1,0,0,0.0645385211375712
p7510,4,0.0666666666666667,13.4666666666667,6,151.280000000001,46,5,560.95,0.24952574,31.5,0.059210525,0.833333333333333,1,0,0,0.0645385211375712
p7511,1,0.0166666666666667,,2,14,12,1,135,0,11,0.02631579,0.5,0,0,0,0.0165293019512106
p7513,0,0,,1,4,4,0,,,,,0,0,0,0,0
p7514,0,0,,1,4,4,1,0,0.09040447,,,1,0,0,0,0
p7515,3,0.05,19.9416666666667,4,96,46,3,475,0,31.6666666666667,0.0526315783333333,0.75,0,0,0,0.048790164169432
p7516,1,0.0166666666666667,,1,7,7,1,150,0,6,0.02631579,1,0,0,0,0.0165293019512106
p7517,1,0.0166666666666667,,2,20,16,1,150,0,14,0.02631579,0.5,1,1,1,0.0165293019512106
p7518,2,0.0333333333333333,49.8166666666667,3,72,59,2,355,0,33.5,0.039473685,0.666666666666667,1,1,0,0.0327898228229909
p7519,1,0.0166666666666667,,2,9,8,2,206,0.24868138,7,0.02631579,1,1,1,0,0.0165293019512106
p752,1,0.0166666666666667,,2,12,11,2,162,0.02839327,10,0.02631579,1,0,0,0,0.0165293019512106
p7520,2,0.0333333333333333,35.3833333333333,3,52,43,2,375,0,24.5,0.039473685,0.666666666666667,1,1,1,0.0327898228229909
p7521,1,0.0166666666666667,,2,11,9,2,81,0.033284,8,0.02631579,1,0,0,0,0.0165293019512106
p7522,1,0.0166666666666667,,2,9,8,1,150,0,7,0.02631579,0.5,1,1,1,0.0165293019512106
p7523,1,0.0166666666666667,,2,25,18,2,263,0.30692813,18,0.02631579,1,1,1,1,0.0165293019512106
p7524,2,0.0333333333333333,43.3833333333333,3,63,53,2,292.5,0,30.5,0.039473685,0.666666666666667,1,1,1,0.0327898228229909
p7525,1,0.0166666666666667,,1,7,7,2,177.5,0.114535225,7,0.02631579,2,1,1,0,0.0165293019512106
p7526,1,0.0166666666666667,,2,7,6,2,224.5,0.212316,6,0.02631579,1,1,1,0,0.0165293019512106
p7527,1,0.0166666666666667,,2,12,11,1,150,0,11,0.02631579,0.5,1,1,1,0.0165293019512106
p7528,0,0,,1,1,1,1,41,0.729263,,,1,1,1,1,0
p7529,1,0.0166666666666667,,2,10,10,1,150,0,10,0.02631579,0.5,1,1,1,0.0165293019512106
p753,1,0.0166666666666667,,2,11,10,1,150,0,10,0.02631579,0.5,1,1,0,0.0165293019512106
p7530,1,0.0166666666666667,,2,14,12,1,10,0,11,0.02631579,0.5,1,1,1,0.0165293019512106
p7531,3,0.05,16.4666666666667,4,102,44,3,475,0,31.3333333333333,0.0526315783333333,0.75,1,0,0,0.048790164169432
p7532,1,0.0166666666666667,,3,62,54,2,226.5,0,6,0.02631579,0.666666666666667,1,0,0,0.0165293019512106
p7533,1,0.0166666666666667,,1,1,1,1,150,1,9,0.02631579,1,0,0,0,0.0165293019512106
p7534,1,0.0166666666666667,,2,33,30,1,60,0,29,0.02631579,0.5,0,0,0,0.0165293019512106
p7535,1,0.0166666666666667,,2,4,3,1,60,0,4.9225,0.02631579,0.5,0,0,0,0.0165293019512106
p7536,1,0.0166666666666667,,2,8,7,2,197,0.1819817,7,0.02631579,1,0,0,0,0.0165293019512106
p7538,1,0.0166666666666667,,2,8,7,2,215,0.18064265,6,0.02631579,1,1,1,1,0.0165293019512106
p7539,2,0.0333333333333333,7.31666666666667,3,20,13,3,275.666666666667,0.4670078,9.5,0.02631579,1,0,0,0,0.0327898228229909
p754,0,0,,1,1,1,1,8,0.5835958,,,1,0,0,0,0
p7540,1,0.0166666666666667,,1,2,2,1,150,1,8,0.02631579,1,0,0,0,0.0165293019512106
p7541,0,0,,1,2,2,1,31,0.80815774,,,1,1,1,1,0
p7542,1,0.0166666666666667,,2,35,24,1,150,0,22,0.02631579,0.5,1,1,0,0.0165293019512106
p7544,1,0.0166666666666667,,2,6,5,2,226.5,0.177522735,5,0.02631579,1,1,0,0,0.0165293019512106
p7545,1,0.0166666666666667,,2,14,11,2,109.5,0.2782644,11,0.02631579,1,0,0,0,0.0165293019512106
p7546,1,0.0166666666666667,,2,33,22,1,0,0,20,0.02631579,0.5,1,1,1,0.0165293019512106
p7547,3,0.05,19.4916666666667,4,97,47,3,458.333333333333,0,31,0.0526315783333333,0.75,1,0,0,0.048790164169432
p7548,1,0.0166666666666667,,2,15,13,1,150,0,12,0.02631579,0.5,1,1,1,0.0165293019512106
p7549,3,0.05,20.85,4,121,54,3,475,0,38.3333333333333,0.0526315783333333,0.75,1,1,0,0.048790164169432
p755,1,0.0166666666666667,,2,4,2,3,110,0.302696368666667,4.9225,0.02631579,1.5,0,0,0,0.0165293019512106
p7550,1,0.0166666666666667,,2,24,19,1,150,0,17,0.02631579,0.5,0,0,0,0.0165293019512106
p7551,1,0.0166666666666667,,2,10,9,2,280,0.29077465,8,0.02631579,1,1,1,1,0.0165293019512106
p7552,1,0.0166666666666667,,1,5,5,1,150,,12,0.02631579,1,1,1,1,0.0165293019512106
p7553,1,0.0166666666666667,,2,13,11,1,150,0,10,0.02631579,0.5,0,0,0,0.0165293019512106
p7554,1,0.0166666666666667,,1,7,7,1,150,1,14,0.02631579,1,0,0,0,0.0165293019512106
p7555,3,0.05,20.375,4,103,48,3,475,0,33.6666666666667,0.0526315783333333,0.75,0,0,0,0.048790164169432
p7556,1,0.0166666666666667,,1,2,2,1,150,1,19,0.02631579,1,1,0,0,0.0165293019512106
p7557,0,0,,1,1,1,0,,,,,0,1,0,0,0
p7558,1,0.0166666666666667,,1,2,2,1,150,1,11,0.02631579,1,1,1,0,0.0165293019512106
p7559,1,0.0166666666666667,,2,50,32,1,150,0,28,0.02631579,0.5,1,1,1,0.0165293019512106
p756,2,0.0333333333333333,3.98333333333333,3,20,11,3,184,0.187966743333333,9,0.013157895,1,0,0,0,0.0327898228229909
p7561,1,0.0166666666666667,,2,7,6,2,152.5,0.13356532,6,0.02631579,1,0,0,0,0.0165293019512106
p7563,0,0,,1,1,1,0,,,,,0,1,0,0,0
p7564,1,0.0166666666666667,,1,1,1,1,150,1,7,0.02631579,1,0,0,0,0.0165293019512106
p7566,1,0.0166666666666667,,2,7,6,2,252.5,0.25535295,6,0.02631579,1,1,1,1,0.0165293019512106
p7567,3,0.05,18.3666666666667,3,44,39,4,532,0.027874035,27.6666666666667,0.0526315783333333,1.33333333333333,1,1,0,0.048790164169432
p7568,1,0.0166666666666667,,2,22,21,1,150,0,20,0.02631579,0.5,1,1,1,0.0165293019512106
p757,1,0.0166666666666667,,2,19,17,1,4675,0,13,0.02631579,0.5,0,0,0,0.0165293019512106
p7570,3,0.05,25.7916666666667,4,123,59,3,475,0,40,0.0526315783333333,0.75,0,0,0,0.048790164169432
p7571,2,0.0333333333333333,41.8333333333333,2,8,7,2,355,0.5,27.5,0.039473685,1,0,0,0,0.0327898228229909
p7572,3,0.05,18.7166666666667,4,94,44,3,475,0,30.6666666666667,0.0526315783333333,0.75,0,0,0,0.048790164169432
p7573,1,0.0166666666666667,,2,17,15,1,100,0,13,0.02631579,0.5,1,1,0,0.0165293019512106
p7574,1,0.0166666666666667,,2,11,10,2,218.5,0.21533225,10,0.02631579,1,0,0,0,0.0165293019512106
p7575,1,0.0166666666666667,,2,43,42,1,150,0,41,0.02631579,0.5,1,1,1,0.0165293019512106
p7576,3,0.05,19.6416666666667,4,105,48,3,471,0,33.3333333333333,0.0526315783333333,0.75,1,1,1,0.048790164169432
p7577,0,0,,1,1,1,1,6,0.21767765,,,1,0,0,0,0
p7578,1,0.0166666666666667,,2,8,7,2,153.125,0.8240584,7,0.02631579,1,1,1,1,0.0165293019512106
p7579,2,0.0333333333333333,49.45,2,11,10,1,150,0,32.5,0.039473685,0.5,0,0,0,0.0327898228229909
p7580,1,0.0166666666666667,,2,15,14,2,64.5,0.01026097,11,0.02631579,1,1,1,1,0.0165293019512106
p7581,1,0.0166666666666667,,2,20,12,2,158.5,0.0104234535,12,0.02631579,1,0,0,0,0.0165293019512106
p7582,1,0.0166666666666667,,2,10,9,2,155.5,0.01778923,9,0.02631579,1,1,1,1,0.0165293019512106
p7583,1,0.0166666666666667,,1,1,1,1,150,1,14,0.02631579,1,0,0,0,0.0165293019512106
p7584,1,0.0166666666666667,,2,12,10,1,150,0,10,0.02631579,0.5,1,1,1,0.0165293019512106
p7585,3,0.05,23.8583333333333,4,117,55,3,110,0,37.6666666666667,0.0526315783333333,0.75,1,1,1,0.048790164169432
p7586,1,0.0166666666666667,,2,37,23,2,166,0.020321386,23,0.02631579,1,0,0,0,0.0165293019512106
p7587,1,0.0166666666666667,,2,43,25,1,150,0,24,0.02631579,0.5,1,1,1,0.0165293019512106
p7588,3,0.05,25.4333333333333,3,68,57,2,375,0,41.3333333333333,0.0526315783333333,0.666666666666667,1,1,1,0.048790164169432
p759,0,0,,1,2,2,1,6,0.22023578,,,1,0,0,0,0
p7590,2,0.0333333333333333,43.6833333333333,3,56,50,2,375,0,28,0.039473685,0.666666666666667,0,0,0,0.0327898228229909
p7591,1,0.0166666666666667,,2,14,13,2,174,0.09292602,13,0.02631579,1,1,1,1,0.0165293019512106
p7592,1,0.0166666666666667,,2,9,9,2,84,0.045848565,8,0.02631579,1,0,0,0,0.0165293019512106
p7593,1,0.0166666666666667,,2,12,10,2,221,0.18363315,9,0.02631579,1,1,1,1,0.0165293019512106
p7594,3,0.05,18.0166666666667,4,88,42,4,407.5,0.07472556,28.3333333333333,0.0526315783333333,1,0,0,0,0.048790164169432
p7595,1,0.0166666666666667,,2,10,10,2,156,0.095578535,9,0.02631579,1,1,1,0,0.0165293019512106
p7596,3,0.05,19.725,4,98,54,3,475,0,28.6666666666667,0.0526315783333333,0.75,0,0,0,0.048790164169432
p7597,1,0.0166666666666667,,2,12,10,2,156,0.019665241,10,0.02631579,1,0,0,0,0.0165293019512106
p7598,1,0.0166666666666667,,2,16,14,1,75,0,13,0.02631579,0.5,0,0,0,0.0165293019512106
p7599,1,0.0166666666666667,,2,9,8,1,150,0,8,0.02631579,0.5,1,1,1,0.0165293019512106
p76,1,0.0166666666666667,,2,6,5,2,150,0,5,0.02631579,1,0,0,0,0.0165293019512106
p760,1,0.0166666666666667,,2,17,15,1,60,0,12,0.02631579,0.5,1,1,1,0.0165293019512106
p7600,1,0.0166666666666667,,2,8,8,2,271.5,0.3427776,7,0.02631579,1,1,1,1,0.0165293019512106
p7601,0,0,,1,1,1,0,,,,,0,0,0,0,0
p7602,2,0.0333333333333333,37.6666666666667,3,50,44,2,375,0,25,0.039473685,0.666666666666667,1,1,1,0.0327898228229909
p7604,1,0.0166666666666667,,2,13,11,1,150,0,11,0.02631579,0.5,1,1,1,0.0165293019512106
p7605,1,0.0166666666666667,,2,65,39,1,150,0,38,0.02631579,0.5,1,1,1,0.0165293019512106
p7606,2,0.0333333333333333,34.75,2,9,7,1,110,0,24.5,0.039473685,0.5,1,1,1,0.0327898228229909
p7607,3,0.05,22.3916666666667,3,57,49,3,465,0.333333333333333,34.6666666666667,0.0526315783333333,1,0,0,0,0.048790164169432
p7608,1,0.0166666666666667,,2,12,10,2,199.5,0.122289805,10,0.02631579,1,1,1,1,0.0165293019512106
p761,1,0.0166666666666667,,3,13,8,2,87.5,1,13,0.02631579,0.666666666666667,0,0,0,0.0165293019512106
p7610,1,0.0166666666666667,,2,9,9,1,75,0,8,0.02631579,0.5,1,1,1,0.0165293019512106
p7611,1,0.0166666666666667,,2,13,11,1,8260.32948996292,0,9,0.02631579,0.5,0,0,0,0.0165293019512106
p7612,1,0.0166666666666667,,2,8,7,1,150,0,6,0.02631579,0.5,1,1,1,0.0165293019512106
p7613,3,0.05,19.8666666666667,4,98,47,3,448.333333333333,0,31.6666666666667,0.0526315783333333,0.75,0,0,0,0.048790164169432
p7614,3,0.05,24.4166666666667,3,21,14,5,292.4,0.24129114,25.6666666666667,0.0526315783333333,1.66666666666667,0,0,0,0.048790164169432
p7615,3,0.05,18.9,4,93,44,3,425,0,30,0.0526315783333333,0.75,0,0,0,0.048790164169432
p7616,0,0,,1,3,3,1,118.25,0.67033434,,,1,1,1,0,0
p7617,1,0.0166666666666667,,2,12,10,1,150,0,9,0.02631579,0.5,1,1,1,0.0165293019512106
p7618,3,0.05,20.825,4,101,48,3,365,0,32.6666666666667,0.0526315783333333,0.75,0,0,0,0.048790164169432
p7619,1,0.0166666666666667,,2,9,8,1,150,0,8,0.02631579,0.5,1,1,1,0.0165293019512106
p7621,1,0.0166666666666667,,2,10,9,2,207.5,0.18802023,9,0.02631579,1,1,1,1,0.0165293019512106
p7622,1,0.0166666666666667,,1,1,1,0,,,8,0.02631579,0,0,0,0,0.0165293019512106
p7623,1,0.0166666666666667,,2,8,8,1,150,0,8,0.02631579,0.5,1,0,0,0.0165293019512106
p7624,1,0.0166666666666667,,1,1,1,1,150,1,8,0.02631579,1,1,0,0,0.0165293019512106
p7625,2,0.0333333333333333,40.0333333333333,2,17,12,2,230,0.5,31,0.039473685,1,1,0,0,0.0327898228229909
p7626,1,0.0166666666666667,,2,12,10,2,195,0.120509005,10,0.02631579,1,0,0,0,0.0165293019512106
p7627,3,0.05,24.3833333333333,3,61,53,3,475,0.333333333333333,37.6666666666667,0.0526315783333333,1,1,1,1,0.048790164169432
p7628,4,0.0666666666666667,16.3833333333333,4,116,52,4,408.75,0.333333333333333,41.3333333333333,0.059210525,1,0,0,0,0.0645385211375712
p7629,1,0.0166666666666667,,2,33,20,1,150,0,20,0.02631579,0.5,1,1,0,0.0165293019512106
p763,2,0.0333333333333333,41.0666666666667,2,9,7,2,375,0.5,26.5,0.039473685,1,0,0,0,0.0327898228229909
p7630,1,0.0166666666666667,,2,9,8,2,180,0.10441506,7,0.02631579,1,1,1,1,0.0165293019512106
p7631,2,0.0333333333333333,38.3,3,54,46,3,280,0.00613373266666667,26,0.039473685,1,0,0,0,0.0327898228229909
p7632,2,0.0333333333333333,40.7333333333333,2,14,10,2,375,0.5,29.5,0.039473685,1,1,1,1,0.0327898228229909
p7633,3,0.05,24.8916666666667,4,122,58,3,475,0,39.3333333333333,0.0526315783333333,0.75,1,1,1,0.048790164169432
p7634,1,0.0166666666666667,,2,20,18,1,150,0,16,0.02631579,0.5,1,0,0,0.0165293019512106
p7635,1,0.0166666666666667,,2,13,11,1,150,0,10,0.02631579,0.5,0,0,0,0.0165293019512106
p7636,3,0.05,16.325,4,80,38,3,365,0,26.3333333333333,0.0526315783333333,0.75,0,0,0,0.048790164169432
p7638,2,0.0333333333333333,49.3333333333333,3,64,56,2,322.5,0,31,0.039473685,0.666666666666667,1,1,1,0.0327898228229909
p7639,1,0.0166666666666667,,2,10,9,2,184,0.11642109,8,0.02631579,1,0,0,0,0.0165293019512106
p764,1,0.0166666666666667,,2,14,11,2,197.5,0.19613926,10,0.02631579,1,0,0,0,0.0165293019512106
p7640,1,0.0166666666666667,,2,15,14,1,150,0,12,0.02631579,0.5,0,0,0,0.0165293019512106
p7641,1,0.0166666666666667,,2,7,7,1,150,0,7,0.02631579,0.5,1,1,1,0.0165293019512106
p7642,1,0.0166666666666667,,2,22,17,1,150,0,16,0.02631579,0.5,0,0,0,0.0165293019512106
p7643,1,0.0166666666666667,,2,17,15,1,60,0,12,0.02631579,0.5,1,1,1,0.0165293019512106
p7644,1,0.0166666666666667,,3,20,13,3,99.3333333333333,0.0548811566666667,12,0.02631579,1,0,0,0,0.0165293019512106
p7645,1,0.0166666666666667,,2,10,9,1,150,0,8,0.02631579,0.5,1,1,1,0.0165293019512106
p7646,1,0.0166666666666667,,2,18,16,1,150,0,15,0.02631579,0.5,1,1,1,0.0165293019512106
p7647,1,0.0166666666666667,,2,9,7,2,201.5,0.09521696,7,0.02631579,1,1,1,1,0.0165293019512106
p765,1,0.0166666666666667,,2,10,9,1,150,0,9,0.02631579,0.5,1,1,1,0.0165293019512106
p7650,2,0.0333333333333333,8.4,3,31,19,3,115,0,14.5,0.013157895,1,1,1,1,0.0327898228229909
p7651,0,0,,1,1,1,1,7,0.20036364,,,1,1,1,1,0
p7652,1,0.0166666666666667,,2,16,14,1,150,0,13,0.02631579,0.5,0,0,0,0.0165293019512106
p7653,3,0.05,19.4416666666667,4,96,45,4,519,0.0206082835,31.3333333333333,0.0526315783333333,1,1,1,1,0.048790164169432
p7654,1,0.0166666666666667,,2,7,6,2,264.5,0.2837514,6,0.02631579,1,1,1,0,0.0165293019512106
p7655,1,0.0166666666666667,,2,13,10,2,152.5,0.005841645,10,0.02631579,1,1,1,1,0.0165293019512106
p7656,1,0.0166666666666667,,2,10,9,2,75,0,7,0.02631579,1,0,0,0,0.0165293019512106
p7657,1,0.0166666666666667,,2,7,7,1,150,0,6,0.02631579,0.5,0,0,0,0.0165293019512106
p7658,1,0.0166666666666667,,2,22,15,2,156,0.008835725,14,0.02631579,1,1,1,0,0.0165293019512106
p7660,2,0.0333333333333333,36.15,2,8,7,2,375,0.5,23.5,0.039473685,1,0,0,0,0.0327898228229909
p7661,3,0.05,21.8666666666667,4,111,52,3,475,0,36.3333333333333,0.0526315783333333,0.75,0,0,0,0.048790164169432
p7663,1,0.0166666666666667,,2,11,9,2,261.5,0.30676067,9,0.02631579,1,1,1,1,0.0165293019512106
p7664,3,0.05,22.7583333333333,4,109,52,3,448.333333333333,0,35.3333333333333,0.0526315783333333,0.75,1,1,1,0.048790164169432
p7665,1,0.0166666666666667,,2,7,6,2,232.5,0.23079738,5,0.02631579,1,1,1,1,0.0165293019512106
p7666,3,0.05,9.75833333333333,4,78,31,4,3973.696775,0.06195869,22.3333333333333,0.0526315783333333,1,1,1,1,0.048790164169432
p7667,1,0.0166666666666667,,2,13,12,1,150,0,12,0.02631579,0.5,1,1,1,0.0165293019512106
p7668,1,0.0166666666666667,,2,18,13,1,150,0,13,0.02631579,0.5,1,0,0,0.0165293019512106
p767,1,0.0166666666666667,,2,8,7,2,170.5,0.100158655,6,0.02631579,1,1,1,1,0.0165293019512106
p7670,1,0.0166666666666667,,2,9,8,1,150,0,8,0.02631579,0.5,1,1,1,0.0165293019512106
p7671,3,0.05,21.1583333333333,4,115,52,3,458.333333333333,0,36,0.0526315783333333,0.75,0,0,0,0.048790164169432
p7672,1,0.0166666666666667,,2,11,11,2,193,0.28793955,11,0.02631579,1,0,0,0,0.0165293019512106
p7673,1,0.0166666666666667,,2,8,7,1,150,0,7,0.02631579,0.5,1,0,0,0.0165293019512106
p7674,1,0.0166666666666667,,2,19,16,1,150,0,15,0.02631579,0.5,1,1,1,0.0165293019512106
p7675,3,0.05,17.9083333333333,4,82,40,3,475,0,27.3333333333333,0.0526315783333333,0.75,1,1,1,0.048790164169432
p7676,1,0.0166666666666667,,2,23,22,1,150,0,21,0.02631579,0.5,1,1,1,0.0165293019512106
p7677,1,0.0166666666666667,,2,9,8,1,150,0,7,0.02631579,0.5,1,1,0,0.0165293019512106
p7679,1,0.0166666666666667,,2,11,10,1,150,0,9,0.02631579,0.5,1,1,1,0.0165293019512106
p768,1,0.0166666666666667,,1,1,1,1,150,1,7,0.02631579,1,0,0,0,0.0165293019512106
p7682,2,0.0333333333333333,3.05,2,32,18,2,637.5,0,15.5,0.0657894725,1,1,1,1,0.0327898228229909
p7683,3,0.05,22.9,4,111,53,3,475,0,36,0.0526315783333333,0.75,0,0,0,0.048790164169432
p7684,2,0.0333333333333333,42.2,2,11,9,2,375,0.5,30,0.039473685,1,1,1,1,0.0327898228229909
p7685,1,0.0166666666666667,,2,11,10,1,150,0,10,0.02631579,0.5,0,0,0,0.0165293019512106
p7686,0,0,,1,1,1,1,8.90625,0.045800656,,,1,0,0,0,0
p7688,3,0.05,21.05,4,104,49,3,450,0,33.6666666666667,0.0526315783333333,0.75,0,0,0,0.048790164169432
p7689,1,0.0166666666666667,,2,9,8,2,251.5,0.26290725,7,0.02631579,1,1,1,1,0.0165293019512106
p769,2,0.0333333333333333,53.3833333333333,3,64,58,2,375,0,31.5,0.039473685,0.666666666666667,1,1,1,0.0327898228229909
p7690,3,0.05,15.5083333333333,4,75,36,3,475,0,24.6666666666667,0.0526315783333333,0.75,1,1,1,0.048790164169432
p7691,2,0.0333333333333333,38.15,2,7,6,2,375,0.5,25,0.039473685,1,0,0,0,0.0327898228229909
p7692,2,0.0333333333333333,34.4166666666667,3,59,40,3,168.333333333333,0.13223048,25,0.039473685,1,0,0,0,0.0327898228229909
p7693,1,0.0166666666666667,,1,2,2,1,150,1,9,0.02631579,1,0,0,0,0.0165293019512106
p7694,0,0,,1,1,1,0,,,,,0,1,1,0,0
p7695,2,0.0333333333333333,7.46666666666667,3,21,14,3,223.666666666667,0.269087766666667,10,0.013157895,1,0,0,0,0.0327898228229909
p7696,1,0.0166666666666667,,2,12,11,1,150,0,10,0.02631579,0.5,0,0,0,0.0165293019512106
p7697,1,0.0166666666666667,,2,13,11,2,282.5,0.43894085,10,0.02631579,1,1,1,1,0.0165293019512106
p77,0,0,,2,9,7,2,14.5,0.21837233,,,1,0,0,0,0
p770,3,0.05,24.3,4,121,57,3,475,0,39,0.0526315783333333,0.75,0,0,0,0.048790164169432
p7700,1,0.0166666666666667,,2,10,8,2,245.5,0.3199857,7,0.02631579,1,1,0,0,0.0165293019512106
p7701,1,0.0166666666666667,,2,6,5,2,206,0.161655635,5,0.02631579,1,1,0,0,0.0165293019512106
p7702,0,0,,1,0,0,1,2,0.4473728,,,1,1,1,1,0
p7704,1,0.0166666666666667,,2,9,8,1,150,0,7,0.02631579,0.5,1,1,1,0.0165293019512106
p7705,1,0.0166666666666667,,2,7,7,2,184,0.097335575,6,0.02631579,1,1,1,1,0.0165293019512106
p7706,1,0.0166666666666667,,2,12,11,2,150,0,10,0.02631579,1,0,0,0,0.0165293019512106
p7707,1,0.0166666666666667,,2,9,8,2,323,0.4941656,7,0.02631579,1,1,1,1,0.0165293019512106
p7708,3,0.05,24.0333333333333,4,118,56,3,475,0,38.6666666666667,0.0526315783333333,0.75,1,1,1,0.048790164169432
p7709,1,0.0166666666666667,,2,12,10,1,150,0,9,0.02631579,0.5,1,1,1,0.0165293019512106
p7710,1,0.0166666666666667,,2,16,14,1,110,0,12,0.02631579,0.5,1,1,1,0.0165293019512106
p7711,1,0.0166666666666667,,2,10,9,2,170.5,0.056300705,9,0.02631579,1,0,0,0,0.0165293019512106
p7712,3,0.05,23.8416666666667,4,122,56,3,351.666666666667,0,39.6666666666667,0.0526315783333333,0.75,1,1,1,0.048790164169432
p7713,1,0.0166666666666667,,2,2,2,2,173,0.56283787,8,0.02631579,1,0,0,0,0.0165293019512106
p7714,1,0.0166666666666667,,2,8,7,2,150,0.0094065255,6,0.02631579,1,0,0,0,0.0165293019512106
p7715,2,0.0333333333333333,10.8,3,34,21,4,168,0.149632105,17.5,0.039473685,1.33333333333333,1,1,1,0.0327898228229909
p7716,1,0.0166666666666667,,2,18,17,1,15,,16,0,0.5,1,1,1,0.0165293019512106
p7718,1,0.0166666666666667,,2,19,18,1,150,0,17,0.02631579,0.5,1,1,1,0.0165293019512106
p772,1,0.0166666666666667,,2,12,10,1,60,0,8,0.02631579,0.5,1,1,1,0.0165293019512106
p7720,1,0.0166666666666667,,1,3,3,1,8260.32948996292,1,17,0.02631579,1,1,1,1,0.0165293019512106
p7721,1,0.0166666666666667,,2,11,10,2,136.5,0.232763725,8,0.02631579,1,1,1,1,0.0165293019512106
p7722,1,0.0166666666666667,,3,18,13,2,30,0,11,0.02631579,0.666666666666667,0,0,0,0.0165293019512106
p7723,0,0,,1,1,1,1,0,0.113933176,,,1,0,0,0,0
p7724,3,0.05,16.6916666666667,4,81,39,3,415,0,26.3333333333333,0.0526315783333333,0.75,1,0,0,0.048790164169432
p7725,0,0,,1,1,1,0,,,,,0,1,1,1,0
p7727,1,0.0166666666666667,,2,16,13,1,135,0,12,0.02631579,0.5,1,1,1,0.0165293019512106
p7728,2,0.0333333333333333,29.1833333333333,2,5,5,2,300,0.5,19,0.039473685,1,0,0,0,0.0327898228229909
p7729,1,0.0166666666666667,,1,1,1,1,150,1,8,0.02631579,1,1,0,0,0.0165293019512106
p773,2,0.0333333333333333,5.48333333333333,3,22,13,2,90,0,9.5,0.013157895,0.666666666666667,0,0,0,0.0327898228229909
p7730,1,0.0166666666666667,,2,10,9,1,135,0,8,0.02631579,0.5,0,0,0,0.0165293019512106
p7731,1,0.0166666666666667,,2,7,7,1,150,0,7,0.02631579,0.5,1,1,1,0.0165293019512106
p7732,3,0.05,25.4833333333333,4,119,57,3,425,0,38.6666666666667,0.0526315783333333,0.75,1,1,1,0.048790164169432
p7733,1,0.0166666666666667,,2,10,9,2,163.5,0.0435909925,8,0.02631579,1,1,1,1,0.0165293019512106
p7734,2,0.0333333333333333,49.15,1,6,6,2,330,0.5,30.5,0.039473685,2,1,1,0,0.0327898228229909
p7735,1,0.0166666666666667,,2,18,15,1,150,0,15,0.02631579,0.5,0,0,0,0.0165293019512106
p7736,1,0.0166666666666667,,2,10,8,1,150,0,8,0.02631579,0.5,1,1,1,0.0165293019512106
p7737,1,0.0166666666666667,,2,15,11,1,150,0,10,0.02631579,0.5,1,1,1,0.0165293019512106
p7738,3,0.05,21.5833333333333,3,55,47,3,275,0.333333333333333,34,0.0526315783333333,1,1,1,1,0.048790164169432
p7739,1,0.0166666666666667,,2,23,17,1,150,0,15,0.02631579,0.5,1,1,1,0.0165293019512106
p774,2,0.0333333333333333,7.45,3,22,15,2,90,0,11,0.013157895,0.666666666666667,1,1,1,0.0327898228229909
p7740,1,0.0166666666666667,,2,9,8,1,150,0,7,0.02631579,0.5,1,1,1,0.0165293019512106
p7741,1,0.0166666666666667,,2,26,16,1,150,0,16,0.02631579,0.5,1,1,1,0.0165293019512106
p7742,1,0.0166666666666667,,2,34,32,1,150,0,14,0.02631579,0.5,0,0,0,0.0165293019512106
p7743,1,0.0166666666666667,,2,10,9,1,60,0,7,0.02631579,0.5,1,1,1,0.0165293019512106
p7744,1,0.0166666666666667,,3,27,13,2,15.25,1,11,0,0.666666666666667,1,1,0,0.0165293019512106
p7745,3,0.05,17.7083333333333,4,84,40,3,475,0,27.3333333333333,0.0526315783333333,0.75,0,0,0,0.048790164169432
p7746,1,0.0166666666666667,,2,15,14,1,0,0,13,0.02631579,0.5,0,0,0,0.0165293019512106
p7747,1,0.0166666666666667,,2,11,10,1,150,0,10,0.02631579,0.5,1,1,1,0.0165293019512106
p7748,1,0.0166666666666667,,2,15,12,1,150,0,11,0.02631579,0.5,0,0,0,0.0165293019512106
p7749,1,0.0166666666666667,,2,18,16,1,150,0,15,0.02631579,0.5,1,1,1,0.0165293019512106
p775,3,0.05,19.625,4,94,45,3,475,0,31,0.0526315783333333,0.75,1,1,1,0.048790164169432
p7750,0,0,,1,1,1,1,9,0.32802576,,,1,1,1,0,0
p7751,1,0.0166666666666667,,2,13,12,2,150,0.0053358395,10,0.02631579,1,0,0,0,0.0165293019512106
p7752,3,0.05,23.4083333333333,4,117,56,3,415,0,38.3333333333333,0.0526315783333333,0.75,1,1,1,0.048790164169432
p7753,2,0.0333333333333333,42.1333333333333,2,21,14,2,375,0.5,34.5,0.039473685,1,1,1,1,0.0327898228229909
p7754,1,0.0166666666666667,,2,9,8,2,207,0.37578525,7,0.02631579,1,1,1,0,0.0165293019512106
p7755,3,0.05,20.325,4,97,46,3,475,0,31.3333333333333,0.0526315783333333,0.75,0,0,0,0.048790164169432
p7756,2,0.0333333333333333,16.4166666666667,2,46,34,1,15,0,34.5,0.013157895,0.5,1,1,1,0.0327898228229909
p7757,2,0.0333333333333333,40.4833333333333,3,53,46,2,355,0,25,0.039473685,0.666666666666667,0,0,0,0.0327898228229909
p7758,1,0.0166666666666667,,2,14,13,2,192.5,0.101874955,12,0.02631579,1,0,0,0,0.0165293019512106
p7759,2,0.0333333333333333,30.35,3,55,40,4,101.75,0.26927028,26.5,0.039473685,1.33333333333333,0,0,0,0.0327898228229909
p7760,2,0.0333333333333333,48,3,74,59,2,375,0,34,0.039473685,0.666666666666667,1,1,1,0.0327898228229909
p7761,1,0.0166666666666667,,2,41,40,1,150,0,7,0.02631579,0.5,0,0,0,0.0165293019512106
p7762,3,0.05,23.125,4,108,52,3,365,0,32.6666666666667,0.0526315783333333,0.75,1,1,1,0.048790164169432
p7763,1,0.0166666666666667,,2,9,8,2,206,0.10332744,7,0.02631579,1,1,1,1,0.0165293019512106
p7764,2,0.0333333333333333,13.5166666666667,3,28,18,3,259,0.333333333333333,14.5,0.039473685,1,0,0,0,0.0327898228229909
p7765,1,0.0166666666666667,,1,1,1,1,150,1,9,0.02631579,1,0,0,0,0.0165293019512106
p7766,2,0.0333333333333333,14.0833333333333,3,56,29,4,117.75,0.191777175,24,0.039473685,1.33333333333333,1,1,1,0.0327898228229909
p7767,0,0,,1,1,1,1,5,0.14092329,,,1,0,0,0,0
p7768,1,0.0166666666666667,,2,8,7,1,150,0,7,0.02631579,0.5,0,0,0,0.0165293019512106
p7769,1,0.0166666666666667,,2,14,11,2,264,0.343411475,10,0.02631579,1,0,0,0,0.0165293019512106
p777,1,0.0166666666666667,,1,1,1,1,150,1,8,0.02631579,1,0,0,0,0.0165293019512106
p7770,3,0.05,23.2583333333333,3,63,53,3,475,0.333333333333333,39.3333333333333,0.0526315783333333,1,0,0,0,0.048790164169432
p7771,3,0.05,19.125,4,91,43,3,475,0,29.6666666666667,0.0526315783333333,0.75,1,1,1,0.048790164169432
p7772,2,0.0333333333333333,28.25,3,41,32,4,379.75,0.4079961,20.5,0.039473685,1.33333333333333,0,0,0,0.0327898228229909
p7773,1,0.0166666666666667,,2,14,12,2,187,0.155864535,12,0.02631579,1,1,0,0,0.0165293019512106
p7774,1,0.0166666666666667,,2,13,9,2,175.5,0.114154755,9,0.02631579,1,1,1,0,0.0165293019512106
p7775,1,0.0166666666666667,,2,22,21,1,150,0,20,0.02631579,0.5,1,1,1,0.0165293019512106
p7776,1,0.0166666666666667,,2,13,13,2,12.5,0.13114085,12,0.02631579,1,1,1,1,0.0165293019512106
p7777,1,0.0166666666666667,,2,11,9,1,75,0,9,0.02631579,0.5,0,0,0,0.0165293019512106
p7779,1,0.0166666666666667,,2,12,10,1,150,0,10,0.02631579,0.5,1,1,1,0.0165293019512106
p778,2,0.0333333333333333,23.9166666666667,3,45,32,3,227,0.0968315333333333,23,0.039473685,1,1,1,1,0.0327898228229909
p7780,1,0.0166666666666667,,2,9,8,2,221,0.22869161,8,0.02631579,1,1,1,1,0.0165293019512106
p7781,1,0.0166666666666667,,2,10,9,2,188.5,0.107608735,7,0.02631579,1,1,1,1,0.0165293019512106
p7782,3,0.05,17.1,4,95,43,3,475,0,31,0.0526315783333333,0.75,1,1,1,0.048790164169432
p7783,1,0.0166666666666667,,2,59,56,1,150,0,13,0.02631579,0.5,0,0,0,0.0165293019512106
p7784,1,0.0166666666666667,,1,4,4,1,150,1,9,0.02631579,1,1,1,0,0.0165293019512106
p7785,1,0.0166666666666667,,2,16,14,2,166,0.0366833,13,0.02631579,1,1,1,1,0.0165293019512106
p7786,3,0.05,16.1833333333333,4,90,44,3,475,0,27,0.0526315783333333,0.75,1,0,0,0.048790164169432
p7787,1,0.0166666666666667,,2,7,6,1,150,0,6,0.02631579,0.5,0,0,0,0.0165293019512106
p7788,1,0.0166666666666667,,2,12,9,2,218,0.25241135,8,0.02631579,1,1,1,1,0.0165293019512106
p7789,0,0,,1,1,1,1,21,0.7077575,,,1,0,0,0,0
p779,3,0.05,18.1666666666667,4,84,41,4,413.25,0.0287733975,27.6666666666667,0.0526315783333333,1,1,1,1,0.048790164169432
p7791,1,0.0166666666666667,,2,15,13,1,150,0,11,0.02631579,0.5,1,1,1,0.0165293019512106
p7792,1,0.0166666666666667,,2,23,17,2,230,0.18523515,17,0.02631579,1,0,0,0,0.0165293019512106
p7793,0,0,,1,1,1,1,5.5,0.90338504,,,1,1,1,1,0
p7794,3,0.05,22.5083333333333,4,113,53,3,163.333333333333,0,35.3333333333333,0.0526315783333333,0.75,1,1,1,0.048790164169432
p7796,2,0.0333333333333333,45.8333333333333,3,64,54,2,375,0,31,0.039473685,0.666666666666667,1,1,1,0.0327898228229909
p7797,3,0.05,22.6166666666667,3,68,53,3,475,0.333333333333333,39,0.0526315783333333,1,1,0,0,0.048790164169432
p7798,2,0.0333333333333333,8.26666666666667,3,18,12,3,187.666666666667,0.06719725,9.5,0.039473685,1,1,1,1,0.0327898228229909
p7799,1,0.0166666666666667,,2,31,29,1,150,0,24,0.02631579,0.5,0,0,0,0.0165293019512106
p78,1,0.0166666666666667,,2,11,9,1,150,0,9,0.02631579,0.5,1,1,1,0.0165293019512106
p780,2,0.0333333333333333,12,3,31,19,3,212.333333333333,0.0676465666666667,16,0.039473685,1,1,1,1,0.0327898228229909
p7800,1,0.0166666666666667,,2,9,8,2,132,0.0180439315,7,0.02631579,1,1,1,1,0.0165293019512106
p7801,3,0.05,24.9833333333333,4,117,56,3,415,0,38.3333333333333,0.0526315783333333,0.75,1,1,1,0.048790164169432
p7802,3,0.05,23.6666666666667,4,112,54,3,475,0,36.6666666666667,0.0526315783333333,0.75,0,0,0,0.048790164169432
p7803,1,0.0166666666666667,,1,1,1,1,150,1,6,0.02631579,1,0,0,0,0.0165293019512106
p7804,0,0,,1,1,1,1,8,0.47022238,,,1,0,0,0,0
p7805,1,0.0166666666666667,,2,16,11,2,180,0.16869046,11,0.02631579,1,1,1,1,0.0165293019512106
p7808,1,0.0166666666666667,,1,1,1,1,150,1,6,0.02631579,1,0,0,0,0.0165293019512106
p7809,1,0.0166666666666667,,2,8,8,2,181.5,0.07881617,7,0.02631579,1,0,0,0,0.0165293019512106
p781,1,0.0166666666666667,,2,17,12,1,150,0,11,0.02631579,0.5,1,1,1,0.0165293019512106
p7811,1,0.0166666666666667,,2,9,8,1,150,0,7,0.02631579,0.5,1,1,0,0.0165293019512106
p7812,3,0.05,22.4083333333333,5,38,20,5,332.3,0.17341107,11.3333333333333,0.04385965,1,1,0,0,0.048790164169432
p7813,1,0.0166666666666667,,2,7,6,1,150,0,6,0.02631579,0.5,1,1,1,0.0165293019512106
p7814,1,0.0166666666666667,,2,9,8,2,204.5,0.1835041,7,0.02631579,1,1,1,1,0.0165293019512106
p7815,0,0,,1,2,2,1,14,0.61047745,,,1,0,0,0,0
p7816,1,0.0166666666666667,,2,8,7,2,79.5,0.049391318,6,0.02631579,1,0,0,0,0.0165293019512106
p7817,1,0.0166666666666667,,2,13,12,1,8260.32948996292,0,12,0.02631579,0.5,1,1,0,0.0165293019512106
p7818,0,0,,1,0,0,0,,,,,0,1,1,1,0
p7819,1,0.0166666666666667,,2,40,25,1,150,0,25,0.02631579,0.5,1,1,1,0.0165293019512106
p7820,1,0.0166666666666667,,2,9,9,1,150,0,7,0.02631579,0.5,0,0,0,0.0165293019512106
p7821,1,0.0166666666666667,,2,9,8,1,150,0,6,0.02631579,0.5,1,1,1,0.0165293019512106
p7822,1,0.0166666666666667,,2,15,14,1,150,0,12,0.02631579,0.5,1,1,1,0.0165293019512106
p7823,0,0,,1,2,2,1,31,0.68748313,,,1,1,1,1,0
p7824,2,0.0333333333333333,49.2166666666667,2,14,11,1,10,0,34.5,0.039473685,0.5,0,0,0,0.0327898228229909
p7825,2,0.0333333333333333,37.2833333333333,2,7,6,2,375,0.5,24,0.039473685,1,1,1,1,0.0327898228229909
p7826,3,0.05,25.075,4,119,57,3,475,0,38.6666666666667,0.0526315783333333,0.75,1,1,1,0.048790164169432
p7827,2,0.0333333333333333,11.25,3,21,14,3,195.666666666667,0.0676184133333333,11.5,0.039473685,1,0,0,0,0.0327898228229909
p7828,1,0.0166666666666667,,2,17,16,2,69.5,0.0281334465,13,0.02631579,1,1,1,1,0.0165293019512106
p7829,1,0.0166666666666667,,2,7,7,2,175.5,0.05758989,6,0.02631579,1,0,0,0,0.0165293019512106
p7831,3,0.05,15.925,4,76,36,3,448.333333333333,0,24.6666666666667,0.0526315783333333,0.75,0,0,0,0.048790164169432
p7832,2,0.0333333333333333,44.2166666666667,2,12,10,2,207.5,0.5,32,0.039473685,1,1,1,0,0.0327898228229909
p7833,2,0.0333333333333333,11,3,37,24,3,163.166666666667,0.026022885,18.5,0.02631579,1,1,1,1,0.0327898228229909
p7834,3,0.05,23.5916666666667,4,115,55,3,441.666666666667,0,38,0.0526315783333333,0.75,1,0,0,0.048790164169432
p7836,1,0.0166666666666667,,2,15,14,1,60,0,13,0.02631579,0.5,1,1,1,0.0165293019512106
p7837,1,0.0166666666666667,,2,20,19,2,181,0.10865385,18,0.02631579,1,0,0,0,0.0165293019512106
p7838,3,0.05,22.425,3,55,49,3,475,0.333333333333333,35,0.0526315783333333,1,1,1,1,0.048790164169432
p7839,1,0.0166666666666667,,2,19,16,1,150,0,15,0.02631579,0.5,1,1,1,0.0165293019512106
p784,2,0.0333333333333333,50.6833333333333,2,11,9,1,150,0,33,0.039473685,0.5,1,1,1,0.0327898228229909
p7840,1,0.0166666666666667,,2,13,11,2,270.5,0.338543,10,0.02631579,1,1,1,0,0.0165293019512106
p7841,0,0,,1,2,2,0,,,,,0,0,0,0,0
p7842,2,0.0333333333333333,43.2166666666667,2,18,12,1,150,0,32,0.039473685,0.5,0,0,0,0.0327898228229909
p7843,4,0.0666666666666667,15.9888888888889,5,151.280000000001,57,4,528.75,0,39.5,0.059210525,0.8,0,0,0,0.0645385211375712
p7844,1,0.0166666666666667,,2,9,8,2,156,0.0884077,8,0.02631579,1,0,0,0,0.0165293019512106
p7845,1,0.0166666666666667,,2,15,14,2,211.5,0.1782918,13,0.02631579,1,0,0,0,0.0165293019512106
p7846,1,0.0166666666666667,,1,1,1,1,150,1,11,0.02631579,1,0,0,0,0.0165293019512106
p7847,2,0.0333333333333333,45.9,3,64,54,2,375,0,30,0.039473685,0.666666666666667,1,1,1,0.0327898228229909
p7848,1,0.0166666666666667,,2,11,9,2,162,0.076263665,9,0.02631579,1,0,0,0,0.0165293019512106
p7849,2,0.0333333333333333,13.4333333333333,3,33,24,2,157.5,0,14.5,0.02631579,0.666666666666667,0,0,0,0.0327898228229909
p785,1,0.0166666666666667,,2,17,15,2,232.5,0.31859073,15,0.02631579,1,1,1,1,0.0165293019512106
p7850,1,0.0166666666666667,,2,16,13,1,150,0,11,0.02631579,0.5,1,1,1,0.0165293019512106
p7851,1,0.0166666666666667,,2,9,9,2,176.5,0.06341116,7,0.02631579,1,0,0,0,0.0165293019512106
p7852,1,0.0166666666666667,,2,17,15,2,186,0.114457405,14,0.02631579,1,0,0,0,0.0165293019512106
p7853,2,0.0333333333333333,50.4666666666667,2,10,9,1,150,0,33.5,0.039473685,0.5,1,1,1,0.0327898228229909
p7854,3,0.05,18.2333333333333,4,85,41,4,525,0.000359540725,27.6666666666667,0.0526315783333333,1,1,1,1,0.048790164169432
p7856,1,0.0166666666666667,,2,12,12,2,150,0,11,0.02631579,1,0,0,0,0.0165293019512106
p7857,3,0.05,17.6833333333333,4,85,41,3,475,0,27.6666666666667,0.0526315783333333,0.75,0,0,0,0.048790164169432
p7858,1,0.0166666666666667,,2,6,5,1,150,0,5,0.02631579,0.5,1,1,1,0.0165293019512106
p7859,2,0.0333333333333333,36.6666666666667,3,66,50,2,375,0,29.5,0.039473685,0.666666666666667,1,1,1,0.0327898228229909
p786,1,0.0166666666666667,,2,17,15,2,51,0.004366611,14,0.02631579,1,1,0,0,0.0165293019512106
p7860,1,0.0166666666666667,,2,11,10,2,113.5,0.028396685,10,0.02631579,1,0,0,0,0.0165293019512106
p7861,1,0.0166666666666667,,2,18,14,1,150,0,11,0.02631579,0.5,1,1,1,0.0165293019512106
p7862,1,0.0166666666666667,,1,2,2,1,150,1,7,0.02631579,1,1,1,0,0.0165293019512106
p7863,1,0.0166666666666667,,2,10,9,1,60,0,9,0.02631579,0.5,0,0,0,0.0165293019512106
p7864,1,0.0166666666666667,,1,0,0,1,150,1,4.9225,0.02631579,1,0,0,0,0.0165293019512106
p7865,3,0.05,26.8,4,122,59,3,335,0,40.3333333333333,0.0526315783333333,0.75,0,0,0,0.048790164169432
p7866,1,0.0166666666666667,,2,55,46,1,8260.32948996292,0,41.3333333333333,0.129561403322221,0.5,1,1,0,0.0165293019512106
p7867,2,0.0333333333333333,42,2,11,9,2,350,0.5,28,0.039473685,1,1,1,1,0.0327898228229909
p7869,2,0.0333333333333333,46.05,3,68,58,2,292.5,0,30,0.039473685,0.666666666666667,1,1,1,0.0327898228229909
p787,1,0.0166666666666667,,2,17,16,2,157,0.0107787475,8,0.02631579,1,1,1,1,0.0165293019512106
p7870,3,0.05,25.8833333333333,3,26,18,4,252.25,0.149572144725,21.6666666666667,0.0526315783333333,1.33333333333333,0,0,0,0.048790164169432
p7871,2,0.0333333333333333,40.3333333333333,2,13,10,2,375,0.5,29,0.039473685,1,0,0,0,0.0327898228229909
p7872,0,0,,1,2,2,0,,,,,0,1,1,1,0
p7873,1,0.0166666666666667,,1,1,1,1,150,1,11,0.02631579,1,1,1,1,0.0165293019512106
p7875,0,0,,1,0,0,0,,,,,0,1,1,1,0
p7876,1,0.0166666666666667,,2,7,6,2,181,0.15659328,5,0.02631579,1,1,1,1,0.0165293019512106
p7877,1,0.0166666666666667,,3,32,21,3,186.833333333333,0.08589177,9,0.02631579,1,1,0,0,0.0165293019512106
p7878,1,0.0166666666666667,,2,13,12,2,176.5,0.134876085,11,0.02631579,1,1,1,1,0.0165293019512106
p7879,1,0.0166666666666667,,2,14,13,1,150,0,12,0.02631579,0.5,1,1,1,0.0165293019512106
p788,0,0,,1,10,10,1,33,0.8376751,,,1,0,0,0,0
p7880,1,0.0166666666666667,,2,16,14,2,125,0.060107785,12,0.02631579,1,0,0,0,0.0165293019512106
p7881,26,0.433333333333333,2.14133333333333,6,151.280000000001,58,6,6113.46246153846,0,41.3333333333333,0.129561403322221,0.962962962962963,1,1,1,0.360002734031407
p7882,1,0.0166666666666667,,2,10,9,1,150,0,9,0.02631579,0.5,1,0,0,0.0165293019512106
p7883,1,0.0166666666666667,,2,10,8,1,150,0,8,0.02631579,0.5,0,0,0,0.0165293019512106
p7884,3,0.05,22.6083333333333,4,104,50,3,475,0,34,0.0526315783333333,0.75,1,1,1,0.048790164169432
p7885,2,0.0333333333333333,50.1666666666667,2,7,6,2,330,0.5,30.5,0.039473685,1,1,1,1,0.0327898228229909
p7886,0,0,,1,3,3,1,0,0,,,1,0,0,0,0
p7887,0,0,,1,1,1,1,35,0.8367302,,,1,0,0,0,0
p7888,1,0.0166666666666667,,1,3,3,1,150,1,10,0.02631579,1,1,1,1,0.0165293019512106
p7889,3,0.05,14.7833333333333,4,82,37,3,475,0,26,0.0526315783333333,0.75,1,1,1,0.048790164169432
p789,1,0.0166666666666667,,2,12,10,2,255,0.2514682,9,0.02631579,1,1,1,1,0.0165293019512106
p7890,2,0.0333333333333333,15.4,2,23,20,2,157.5,1,27,0.02631579,1,1,1,0,0.0327898228229909
p7891,2,0.0333333333333333,52.25,3,66,59,2,375,0,32,0.039473685,0.666666666666667,1,1,1,0.0327898228229909
p7892,1,0.0166666666666667,,1,0,0,1,150,1,5,0.02631579,1,1,0,0,0.0165293019512106
p7893,1,0.0166666666666667,,2,12,10,2,245,0.3056752,10,0.02631579,1,1,1,1,0.0165293019512106
p7894,0,0,,1,1,1,1,10,0.14301203,,,1,0,0,0,0
p7895,1,0.0166666666666667,,2,19,16,1,150,0,15,0.02631579,0.5,1,1,1,0.0165293019512106
p7897,1,0.0166666666666667,,2,12,11,2,152,0.0037249725,10,0.02631579,1,0,0,0,0.0165293019512106
p7898,1,0.0166666666666667,,2,13,12,1,150,0,12,0.02631579,0.5,0,0,0,0.0165293019512106
p79,0,0,,1,1,1,1,13.5,0.024374174,,,1,0,0,0,0
p790,0,0,,1,1,1,1,28.5,0.06800226,,,1,1,1,0,0
p7900,3,0.05,21.3,4,102,48,3,475,0,33,0.0526315783333333,0.75,1,1,1,0.048790164169432
p7901,1,0.0166666666666667,,1,1,1,1,150,1,8,0.02631579,1,0,0,0,0.0165293019512106
p7902,3,0.05,25.0833333333333,4,92,56,4,380.5,0.150271625,31,0.0526315783333333,1,1,1,1,0.048790164169432
p7903,3,0.05,22.75,4,118,55,3,441.666666666667,0,38,0.0526315783333333,0.75,1,1,1,0.048790164169432
p7904,1,0.0166666666666667,,2,9,8,1,150,0,8,0.02631579,0.5,1,1,1,0.0165293019512106
p7906,1,0.0166666666666667,,2,14,13,1,150,0,13,0.02631579,0.5,1,1,0,0.0165293019512106
p7907,1,0.0166666666666667,,2,8,7,1,150,0,7,0.02631579,0.5,1,1,0,0.0165293019512106
p7908,1,0.0166666666666667,,1,1,1,1,150,1,12,0.02631579,1,0,0,0,0.0165293019512106
p7909,1,0.0166666666666667,,2,36,34,1,150,0,33,0.02631579,0.5,0,0,0,0.0165293019512106
p791,0,0,,1,1,1,1,48,0.99984163,,,1,0,0,0,0
p7910,3,0.05,21.225,4,103,49,3,475,0,33.6666666666667,0.0526315783333333,0.75,1,1,1,0.048790164169432
p7911,1,0.0166666666666667,,2,1,1,1,150,1,9,0.02631579,0.5,1,1,1,0.0165293019512106
p7912,1,0.0166666666666667,,2,11,10,2,302,0.385257065,9,0.02631579,1,1,1,1,0.0165293019512106
p7913,3,0.05,22.7083333333333,4,109,52,3,475,0,36,0.0526315783333333,0.75,1,1,0,0.048790164169432
p7914,1,0.0166666666666667,,1,1,1,1,150,1,9,0.02631579,1,0,0,0,0.0165293019512106
p7915,1,0.0166666666666667,,2,10,8,1,150,0,8,0.02631579,0.5,0,0,0,0.0165293019512106
p7916,2,0.0333333333333333,9.41666666666667,3,28,18,2,67.5,0,12.5,0.02631579,0.666666666666667,0,0,0,0.0327898228229909
p7917,1,0.0166666666666667,,1,1,1,1,60,1,14,0.02631579,1,1,1,1,0.0165293019512106
p7918,2,0.0333333333333333,34.35,2,39,22,1,150,0,38.5,0.039473685,0.5,1,1,1,0.0327898228229909
p7919,1,0.0166666666666667,,1,19,19,1,1150,0,18,0.10526316,1,1,1,1,0.0165293019512106
p792,1,0.0166666666666667,,1,1,1,1,150,1,5,0.02631579,1,0,0,0,0.0165293019512106
p7920,1,0.0166666666666667,,2,7,7,1,150,0,6,0.02631579,0.5,1,1,1,0.0165293019512106
p7921,1,0.0166666666666667,,2,26,25,1,150,0,11,0.02631579,0.5,1,1,0,0.0165293019512106
p7922,2,0.0333333333333333,9.83333333333333,3,33,21,2,157.5,0,16,0.02631579,0.666666666666667,1,1,0,0.0327898228229909
p7923,1,0.0166666666666667,,2,12,10,2,159.5,0.031735532,10,0.02631579,1,0,0,0,0.0165293019512106
p7924,1,0.0166666666666667,,2,24,19,1,150,0,18,0.02631579,0.5,1,1,1,0.0165293019512106
p7925,1,0.0166666666666667,,2,11,8,1,150,0,8,0.02631579,0.5,1,1,1,0.0165293019512106
p7926,2,0.0333333333333333,5.83333333333333,3,18,11,3,180.666666666667,0.076440185,8,0.02631579,1,0,0,0,0.0327898228229909
p7927,1,0.0166666666666667,,2,10,8,2,223,0.27744168,8,0.02631579,1,0,0,0,0.0165293019512106
p7928,1,0.0166666666666667,,2,8,7,2,202,0.084660635,6,0.02631579,1,1,1,0,0.0165293019512106
p7929,0,0,,1,2,2,1,0.5,0.1405739,,,1,0,0,0,0
p7930,1,0.0166666666666667,,2,10,9,2,41.375,0.07381415,9,0,1,1,1,0,0.0165293019512106
p7931,2,0.0333333333333333,43.4166666666667,3,66,55,2,350,0,29.5,0.039473685,0.666666666666667,0,0,0,0.0327898228229909
p7932,1,0.0166666666666667,,2,10,8,2,212,0.17079434,8,0.02631579,1,1,1,0,0.0165293019512106
p7934,2,0.0333333333333333,46.5833333333333,2,10,8,2,375,0.5,30.5,0.039473685,1,0,0,0,0.0327898228229909
p7935,3,0.05,17.75,5,72,37,6,220.5,0.25,22.3333333333333,0.03508772,1.2,0,0,0,0.048790164169432
p7936,1,0.0166666666666667,,2,12,11,1,100,0,10,0.02631579,0.5,1,1,0,0.0165293019512106
p7937,1,0.0166666666666667,,2,15,13,1,15,,12,0,0.5,0,0,0,0.0165293019512106
p7938,1,0.0166666666666667,,2,11,10,1,60,0,7,0.02631579,0.5,0,0,0,0.0165293019512106
p7939,1,0.0166666666666667,,2,17,16,2,20.75,0.054018375,15,0,1,1,0,0,0.0165293019512106
p794,3,0.05,24.275,4,123,58,3,365,0,40.3333333333333,0.0526315783333333,0.75,1,1,1,0.048790164169432
p7940,1,0.0166666666666667,,2,7,6,2,182,0.065564425,5,0.02631579,1,1,1,1,0.0165293019512106
p7941,1,0.0166666666666667,,2,12,10,1,150,0,9,0.02631579,0.5,1,0,0,0.0165293019512106
p7942,1,0.0166666666666667,,2,12,10,2,200,0.24025745,9,0.02631579,1,1,1,0,0.0165293019512106
p7943,1,0.0166666666666667,,2,8,7,2,155,0.008980301,6,0.02631579,1,0,0,0,0.0165293019512106
p7944,1,0.0166666666666667,,2,14,12,1,150,0,11,0.02631579,0.5,0,0,0,0.0165293019512106
p7945,4,0.0666666666666667,15.3388888888889,4,51,29,4,7512.647875,0.25,25.5,0.06578947375,1,1,1,1,0.0645385211375712
p7946,1,0.0166666666666667,,2,17,15,2,199.5,0.127073585,15,0.02631579,1,1,1,1,0.0165293019512106
p7947,3,0.05,19.15,4,90,44,3,450,0,29.3333333333333,0.0526315783333333,0.75,0,0,0,0.048790164169432
p7948,2,0.0333333333333333,33.4,2,7,6,2,375,0.5,22.5,0.039473685,1,1,1,1,0.0327898228229909
p795,2,0.0333333333333333,52.7166666666667,3,66,59,2,282.5,0,32.5,0.039473685,0.666666666666667,0,0,0,0.0327898228229909
p7950,1,0.0166666666666667,,2,9,8,2,224,0.161059,8,0.02631579,1,0,0,0,0.0165293019512106
p7951,1,0.0166666666666667,,2,14,11,1,150,0,10,0.02631579,0.5,1,1,1,0.0165293019512106
p7952,1,0.0166666666666667,,2,10,9,2,316,0.40827965,7,0.02631579,1,1,1,0,0.0165293019512106
p7953,1,0.0166666666666667,,2,8,7,2,128,0.05159243,7,0.02631579,1,0,0,0,0.0165293019512106
p7954,1,0.0166666666666667,,2,9,8,1,150,0,6,0.02631579,0.5,1,1,1,0.0165293019512106
p7956,3,0.05,20.65,4,102,48,3,475,0,33,0.0526315783333333,0.75,0,0,0,0.048790164169432
p7957,1,0.0166666666666667,,2,18,15,1,150,0,15,0.02631579,0.5,0,0,0,0.0165293019512106
p7958,0,0,,1,1,1,1,15,0.46739456,,,1,1,1,1,0
p7959,1,0.0166666666666667,,2,38,37,1,150,0,36,0.02631579,0.5,1,1,1,0.0165293019512106
p7960,1,0.0166666666666667,,2,4,3,2,92,0.19050108,4.9225,0.02631579,1,1,0,0,0.0165293019512106
p7961,1,0.0166666666666667,,2,43,28,1,150,0,27,0.02631579,0.5,1,1,1,0.0165293019512106
p7963,1,0.0166666666666667,,2,52,31,1,150,0,27,0.02631579,0.5,1,1,1,0.0165293019512106
p7964,2,0.0333333333333333,46.5833333333333,3,66,55,2,330,0,31,0.039473685,0.666666666666667,0,0,0,0.0327898228229909
p7965,1,0.0166666666666667,,2,7,6,1,150,0,6,0.02631579,0.5,1,1,0,0.0165293019512106
p7966,33,0.55,1.646875,6,151.280000000001,51,6,8260.32948996292,0.0303030303030303,23.4545454545455,0.129561403322221,1,1,1,1,0.438254930931155
p7967,1,0.0166666666666667,,2,18,16,1,20,0,14,0.02631579,0.5,1,1,0,0.0165293019512106
p7968,3,0.05,24.4916666666667,3,73,57,2,375,0,41.3333333333333,0.0526315783333333,0.666666666666667,1,1,1,0.048790164169432
p7969,2,0.0333333333333333,35.45,2,8,7,2,375,0.5,24.5,0.039473685,1,1,1,1,0.0327898228229909
p797,1,0.0166666666666667,,2,6,5,2,269,0.3721368,5,0.02631579,1,1,1,0,0.0165293019512106
p7970,1,0.0166666666666667,,2,5,5,2,288.5,0.3871982,5,0.02631579,1,1,0,0,0.0165293019512106
p7971,1,0.0166666666666667,,1,0,0,1,150,1,7,0.02631579,1,1,1,1,0.0165293019512106
p7972,1,0.0166666666666667,,2,7,6,2,206,0.19492346,5,0.02631579,1,0,0,0,0.0165293019512106
p7973,3,0.05,18.125,4,82,40,3,458.333333333333,0,27.3333333333333,0.0526315783333333,0.75,1,1,0,0.048790164169432
p7974,1,0.0166666666666667,,2,10,8,1,150,0,7,0.02631579,0.5,1,1,1,0.0165293019512106
p7975,1,0.0166666666666667,,2,29,18,1,150,0,17,0.02631579,0.5,1,1,1,0.0165293019512106
p7976,1,0.0166666666666667,,2,14,13,1,150,0,13,0.02631579,0.5,1,1,1,0.0165293019512106
p7977,0,0,,1,4,4,2,12.5,0.495086605,,,2,0,0,0,0
p7978,1,0.0166666666666667,,2,14,11,2,306,0.3943035,10,0.02631579,1,1,1,1,0.0165293019512106
p7979,3,0.05,25.5333333333333,4,125,59,3,475,0,41,0.0526315783333333,0.75,1,1,1,0.048790164169432
p798,1,0.0166666666666667,,2,17,13,2,152.5,0.305771915,12,0.02631579,1,1,1,1,0.0165293019512106
p7980,3,0.05,23.775,4,115,55,3,466.666666666667,0,37.6666666666667,0.0526315783333333,0.75,1,1,1,0.048790164169432
p7981,2,0.0333333333333333,38.0166666666667,3,53,45,2,375,0,25,0.039473685,0.666666666666667,1,1,1,0.0327898228229909
p7982,1,0.0166666666666667,,2,14,11,1,150,0,10,0.02631579,0.5,1,1,1,0.0165293019512106
p7983,1,0.0166666666666667,,2,10,8,2,187.5,0.14387605,7,0.02631579,1,1,1,1,0.0165293019512106
p7984,3,0.05,21.2583333333333,4,103,49,3,475,0,34,0.0526315783333333,0.75,1,1,1,0.048790164169432
p7985,1,0.0166666666666667,,2,12,10,2,205,0,9,0.02631579,1,0,0,0,0.0165293019512106
p7986,1,0.0166666666666667,,2,11,10,2,184,0.1789466,10,0.02631579,1,1,1,1,0.0165293019512106
p7987,1,0.0166666666666667,,2,11,9,1,150,0,9,0.02631579,0.5,0,0,0,0.0165293019512106
p7988,0,0,,1,0,0,1,46,0.99988407,,,1,1,1,1,0
p799,3,0.05,22.8833333333333,3,58,51,3,475,0.333333333333333,36.6666666666667,0.0526315783333333,1,0,0,0,0.048790164169432
p7991,1,0.0166666666666667,,2,10,8,2,75.5,0.15976587,6,0.02631579,1,0,0,0,0.0165293019512106
p7992,1,0.0166666666666667,,1,3,3,1,150,1,14,0.02631579,1,1,1,1,0.0165293019512106
p7995,1,0.0166666666666667,,2,22,22,1,150,0,22,0.02631579,0.5,1,1,1,0.0165293019512106
p7996,0,0,,1,6,6,1,13,0.24608862,,,1,1,0,0,0
p7997,1,0.0166666666666667,,2,16,13,1,150,0,11,0.02631579,0.5,1,1,1,0.0165293019512106
p7998,3,0.05,23.5916666666667,3,59,51,3,475,0.333333333333333,37.3333333333333,0.0526315783333333,1,0,0,0,0.048790164169432
p7999,1,0.0166666666666667,,2,12,11,2,195.5,0.25500363,10,0.02631579,1,1,1,1,0.0165293019512106
p8,1,0.0166666666666667,,2,6,6,2,124.5,0.076088035,5,0.02631579,1,1,1,1,0.0165293019512106
p80,1,0.0166666666666667,,2,7,6,1,150,0,6,0.02631579,0.5,0,0,0,0.0165293019512106
p800,0,0,,1,1,1,1,14,0.2850319,,,1,1,1,1,0
p8000,0,0,,1,1,1,1,5,0.16832761,,,1,1,1,0,0
p8001,1,0.0166666666666667,,2,15,14,1,150,0,14,0.02631579,0.5,1,1,1,0.0165293019512106
p8002,1,0.0166666666666667,,2,8,8,2,181.5,0.40881026,8,0.02631579,1,0,0,0,0.0165293019512106
p8003,0,0,,1,3,3,0,,,,,0,1,1,1,0
p8004,1,0.0166666666666667,,2,13,12,1,150,0,11,0.02631579,0.5,1,1,1,0.0165293019512106
p8005,2,0.0333333333333333,7.76666666666667,3,27,16,2,157.5,,11.5,0.02631579,0.666666666666667,1,1,1,0.0327898228229909
p8007,0,0,,1,2,2,1,13.5,0.15864705,,,1,1,1,0,0
p8008,1,0.0166666666666667,,2,14,13,1,150,0,10,0.02631579,0.5,1,1,1,0.0165293019512106
p8009,1,0.0166666666666667,,2,8,7,2,117,0.089125835,6,0.02631579,1,1,1,1,0.0165293019512106
p801,1,0.0166666666666667,,2,16,13,1,150,0,12,0.02631579,0.5,1,1,1,0.0165293019512106
p8010,2,0.0333333333333333,14.0333333333333,3,32,20,3,241,0.0687644233333333,16,0.039473685,1,1,1,1,0.0327898228229909
p8011,1,0.0166666666666667,,2,14,10,2,160,0.3092231,10,0.02631579,1,0,0,0,0.0165293019512106
p8012,3,0.05,15.425,3,77,36,3,458.333333333333,0,25,0.0526315783333333,1,0,0,0,0.048790164169432
p8013,0,0,,1,1,1,1,8,0.5931331,,,1,0,0,0,0
p8014,3,0.05,23.25,4,114,54,3,475,0,37,0.0526315783333333,0.75,1,1,0,0.048790164169432
p8015,1,0.0166666666666667,,2,5,4,2,201.5,0.1305966,4.9225,0.02631579,1,0,0,0,0.0165293019512106
p8016,2,0.0333333333333333,34.4166666666667,2,9,8,2,142.5,0.5,23.5,0.039473685,1,0,0,0,0.0327898228229909
p8017,1,0.0166666666666667,,2,7,7,2,211.5,0.24382204,6,0.02631579,1,0,0,0,0.0165293019512106
p8019,2,0.0333333333333333,10.6166666666667,3,31,25,3,60.6666666666667,0.062841525,18.5,0.013157895,1,0,0,0,0.0327898228229909
p802,2,0.0333333333333333,49.5166666666667,3,67,58,2,375,0,33,0.039473685,0.666666666666667,1,1,1,0.0327898228229909
p8020,1,0.0166666666666667,,2,12,10,2,196,0.15410197,10,0.02631579,1,0,0,0,0.0165293019512106
p8021,3,0.05,18.5666666666667,3,45,40,2,362.5,0,28.6666666666667,0.0526315783333333,0.666666666666667,0,0,0,0.048790164169432
p8022,1,0.0166666666666667,,2,8,6,1,150,0,6,0.02631579,0.5,1,1,1,0.0165293019512106
p8023,1,0.0166666666666667,,2,7,6,2,152,0.01871104,6,0.02631579,1,0,0,0,0.0165293019512106
p8024,1,0.0166666666666667,,1,2,2,1,150,1,9,0.02631579,1,0,0,0,0.0165293019512106
p8025,0,0,,1,2,2,1,31,0.8356166,,,1,0,0,0,0
p8026,1,0.0166666666666667,,2,15,13,1,15,,13,0,0.5,1,0,0,0.0165293019512106
p8027,1,0.0166666666666667,,1,2,2,1,150,1,8,0.02631579,1,0,0,0,0.0165293019512106
p8028,3,0.05,20.4916666666667,5,151.280000000001,59,4,501.75,0,33,0.0526315783333333,0.8,0,0,0,0.048790164169432
p8029,1,0.0166666666666667,,1,1,1,1,150,1,7,0.02631579,1,1,1,1,0.0165293019512106
p803,1,0.0166666666666667,,2,12,10,1,60,0,10,0.02631579,0.5,0,0,0,0.0165293019512106
p8030,3,0.05,19.05,4,104,47,3,475,0,32.3333333333333,0.0526315783333333,0.75,1,1,0,0.048790164169432
p8031,2,0.0333333333333333,40.1833333333333,2,13,9,2,375,0.5,28,0.039473685,1,0,0,0,0.0327898228229909
p8032,25,0.416666666666667,2.35902777777778,6,151.280000000001,58,6,8260.32948996292,0,28.68,0.129561403322221,0.961538461538461,0,0,0,0.348306694268216
p8033,1,0.0166666666666667,,2,22,20,1,150,0,18,0.02631579,0.5,1,1,1,0.0165293019512106
p8034,1,0.0166666666666667,,1,1,1,1,150,1,5,0.02631579,1,1,1,1,0.0165293019512106
p8035,3,0.05,3.24166666666667,4,37,16,4,8260.32948996292,0.1858509,11,0.0526315783333333,1,0,0,0,0.048790164169432
p8036,1,0.0166666666666667,,2,12,11,2,140,0.2642589,10,0.02631579,1,1,1,1,0.0165293019512106
p8038,1,0.0166666666666667,,2,8,7,1,150,0,7,0.02631579,0.5,0,0,0,0.0165293019512106
p8039,1,0.0166666666666667,,2,11,9,1,150,0,9,0.02631579,0.5,1,1,1,0.0165293019512106
p804,1,0.0166666666666667,,2,13,11,2,238.5,0.3481344,9,0.02631579,1,1,1,1,0.0165293019512106
p8040,1,0.0166666666666667,,2,9,8,2,232,0.36530525,7,0.02631579,1,1,0,0,0.0165293019512106
p8041,0,0,,1,1,1,1,5,0.26095995,,,1,0,0,0,0
p8042,1,0.0166666666666667,,2,8,8,1,150,0,8,0.02631579,0.5,1,1,1,0.0165293019512106
p8043,1,0.0166666666666667,,2,7,6,2,314.5,0.4062562,5,0.02631579,1,1,0,0,0.0165293019512106
p8044,0,0,,1,1,1,1,5.75,0.31333667,,,1,1,1,1,0
p8045,1,0.0166666666666667,,2,10,9,2,243.5,0.20602215,9,0.02631579,1,1,1,1,0.0165293019512106
p8046,1,0.0166666666666667,,2,10,8,2,206,0.265673815,8,0.02631579,1,1,1,1,0.0165293019512106
p8047,0,0,,1,1,1,1,10,0.4991746,,,1,0,0,0,0
p8048,1,0.0166666666666667,,2,6,5,2,325,0.455306,5,0.02631579,1,1,1,1,0.0165293019512106
p805,1,0.0166666666666667,,2,11,9,2,150,0,9,0.02631579,1,0,0,0,0.0165293019512106
p8050,1,0.0166666666666667,,2,9,9,2,305.5,0.41594785,8,0.02631579,1,0,0,0,0.0165293019512106
p8051,2,0.0333333333333333,42.8333333333333,2,7,6,2,325,0.5,26.5,0.039473685,1,1,1,1,0.0327898228229909
p8052,1,0.0166666666666667,,2,18,16,1,125,0,16,0.02631579,0.5,1,1,0,0.0165293019512106
p8053,1,0.0166666666666667,,2,14,12,1,150,0,11,0.02631579,0.5,1,1,0,0.0165293019512106
p8054,1,0.0166666666666667,,2,14,12,2,147,0.087076315,11,0.02631579,1,0,0,0,0.0165293019512106
p8055,0,0,,1,8,8,1,14,0.43313327,,,1,0,0,0,0
p8056,1,0.0166666666666667,,2,9,8,2,183,0.08441791,7,0.02631579,1,1,1,1,0.0165293019512106
p8057,42,0.7,1.30040650406504,6,151.280000000001,55,6,8260.32948996292,0.0263157894736842,23.4047619047619,0.129561403322221,0.976190476190476,0,0,0,0.53062825106217
p8058,1,0.0166666666666667,,2,7,6,2,174.5,0.13670885,5,0.02631579,1,0,0,0,0.0165293019512106
p8059,1,0.0166666666666667,,2,21,19,1,135,0,19,0.02631579,0.5,0,0,0,0.0165293019512106
p806,3,0.05,24.45,4,119,56,3,415,0,38.6666666666667,0.0526315783333333,0.75,1,1,1,0.048790164169432
p8060,3,0.05,22.6416666666667,4,116,54,3,475,0,38.3333333333333,0.0526315783333333,0.75,1,0,0,0.048790164169432
p8061,1,0.0166666666666667,,2,27,18,1,150,0,18,0.02631579,0.5,1,1,0,0.0165293019512106
p8062,1,0.0166666666666667,,2,16,14,2,92.5,0,14,0.02631579,1,0,0,0,0.0165293019512106
p8063,0,0,,1,1,1,0,,,,,0,0,0,0,0
p8064,2,0.0333333333333333,14.9,3,48,32,2,157.5,,22.5,0.02631579,0.666666666666667,1,1,1,0.0327898228229909
p8066,1,0.0166666666666667,,2,13,11,1,60,0,8,0.02631579,0.5,1,1,1,0.0165293019512106
p8067,1,0.0166666666666667,,1,1,1,1,150,1,8,0.02631579,1,0,0,0,0.0165293019512106
p8068,1,0.0166666666666667,,2,13,11,1,150,0,10,0.02631579,0.5,1,1,1,0.0165293019512106
p8069,1,0.0166666666666667,,2,7,6,2,276.5,0.3125966,5,0.02631579,1,1,1,1,0.0165293019512106
p807,1,0.0166666666666667,,1,0,0,1,150,1,6,0.02631579,1,0,0,0,0.0165293019512106
p8070,1,0.0166666666666667,,2,11,10,1,150,0,9,0.02631579,0.5,1,1,1,0.0165293019512106
p8071,1,0.0166666666666667,,2,11,9,2,156,0.0082498425,8,0.02631579,1,0,0,0,0.0165293019512106
p8072,1,0.0166666666666667,,2,17,15,1,150,0,14,0.02631579,0.5,1,1,0,0.0165293019512106
p8073,2,0.0333333333333333,42.1333333333333,2,7,6,2,292.5,0.5,27,0.039473685,1,0,0,0,0.0327898228229909
p8074,2,0.0333333333333333,34.9333333333333,2,7,6,2,375,0.5,23.5,0.039473685,1,1,1,1,0.0327898228229909
p8075,0,0,,1,2,2,1,8,0.17983356,,,1,0,0,0,0
p8076,1,0.0166666666666667,,2,10,9,1,150,0,9,0.02631579,0.5,1,1,0,0.0165293019512106
p8077,1,0.0166666666666667,,2,19,17,2,154.5,0.042425334,15,0.02631579,1,1,1,1,0.0165293019512106
p8078,1,0.0166666666666667,,2,43,36,1,150,0,16,0.02631579,0.5,1,0,0,0.0165293019512106
p8079,2,0.0333333333333333,46.25,2,11,9,2,375,0.5,31,0.039473685,1,1,1,1,0.0327898228229909
p808,2,0.0333333333333333,14.4833333333333,3,28,18,3,211,0.0667634333333333,14,0.039473685,1,0,0,0,0.0327898228229909
p8080,3,0.05,19.575,4,96,45,3,475,0,31.3333333333333,0.0526315783333333,0.75,0,0,0,0.048790164169432
p8081,0,0,,1,4,4,1,3,0.33245575,,,1,0,0,0,0
p8082,1,0.0166666666666667,,2,18,14,1,60,0,13,0.02631579,0.5,0,0,0,0.0165293019512106
p8083,1,0.0166666666666667,,2,11,10,1,150,0,9,0.02631579,0.5,1,1,1,0.0165293019512106
p8084,1,0.0166666666666667,,2,16,13,1,150,0,12,0.02631579,0.5,1,1,1,0.0165293019512106
p8085,1,0.0166666666666667,,2,8,7,2,145.5,0.139257715,6,0.02631579,1,0,0,0,0.0165293019512106
p8086,1,0.0166666666666667,,2,12,11,1,15,,10,0,0.5,1,0,0,0.0165293019512106
p8087,1,0.0166666666666667,,2,10,9,2,162,0.03839207,9,0.02631579,1,0,0,0,0.0165293019512106
p8088,1,0.0166666666666667,,2,12,10,2,246,0.28869345,9,0.02631579,1,1,1,1,0.0165293019512106
p8089,2,0.0333333333333333,50.8166666666667,2,7,7,4,271.25,0.2632714215,23.5,0.039473685,2,0,0,0,0.0327898228229909
p809,1,0.0166666666666667,,2,13,10,2,61.5,0.052839104,7,0.02631579,1,0,0,0,0.0165293019512106
p8090,3,0.05,18.675,4,94,44,3,475,0,30.3333333333333,0.0526315783333333,0.75,1,0,0,0.048790164169432
p8091,1,0.0166666666666667,,2,6,5,2,151.5,0.002952821,5,0.02631579,1,0,0,0,0.0165293019512106
p8093,1,0.0166666666666667,,2,11,10,2,271,0.33754778,9,0.02631579,1,0,0,0,0.0165293019512106
p8094,1,0.0166666666666667,,2,13,12,2,256.5,0.3135893,12,0.02631579,1,0,0,0,0.0165293019512106
p8095,1,0.0166666666666667,,2,9,8,1,150,0,7,0.02631579,0.5,1,1,1,0.0165293019512106
p8096,1,0.0166666666666667,,2,13,12,2,162,0.021676669,12,0.02631579,1,0,0,0,0.0165293019512106
p8097,0,0,,1,1,1,1,35,0.9869941,,,1,0,0,0,0
p8098,1,0.0166666666666667,,2,11,10,1,150,0,9,0.02631579,0.5,1,1,0,0.0165293019512106
p8099,2,0.0333333333333333,42.8833333333333,2,9,8,2,375,0.5,28.5,0.039473685,1,0,0,0,0.0327898228229909
p81,1,0.0166666666666667,,2,10,8,2,310.5,0.40347147,7,0.02631579,1,0,0,0,0.0165293019512106
p810,1,0.0166666666666667,,2,46,29,1,150,0,25,0.02631579,0.5,1,1,1,0.0165293019512106
p8100,1,0.0166666666666667,,2,19,14,1,150,0,12,0.02631579,0.5,1,1,1,0.0165293019512106
p8101,1,0.0166666666666667,,2,12,11,1,150,0,10,0.02631579,0.5,0,0,0,0.0165293019512106
p8102,3,0.05,22.95,4,113,53,3,475,0,37,0.0526315783333333,0.75,0,0,0,0.048790164169432
p8103,1,0.0166666666666667,,2,7,6,2,172.5,0.053284187,5,0.02631579,1,1,1,0,0.0165293019512106
p8104,1,0.0166666666666667,,2,10,8,2,196,0.144809185,8,0.02631579,1,0,0,0,0.0165293019512106
p8105,3,0.05,20.7833333333333,3,57,47,3,475,0.333333333333333,34.6666666666667,0.0526315783333333,1,1,1,0,0.048790164169432
p8106,1,0.0166666666666667,,2,6,6,2,5.5,0.132211685,6,0.02631579,1,1,1,1,0.0165293019512106
p8107,2,0.0333333333333333,49.5833333333333,2,12,10,1,150,0,34.5,0.039473685,0.5,0,0,0,0.0327898228229909
p8108,1,0.0166666666666667,,1,2,2,0,,,12,0.02631579,0,0,0,0,0.0165293019512106
p8109,1,0.0166666666666667,,2,10,8,2,204.5,0.11063722,8,0.02631579,1,0,0,0,0.0165293019512106
p811,1,0.0166666666666667,,2,6,5,2,198.5,0.09870679,5,0.02631579,1,1,1,1,0.0165293019512106
p8110,1,0.0166666666666667,,2,13,11,1,150,0,10,0.02631579,0.5,1,1,1,0.0165293019512106
p8111,1,0.0166666666666667,,2,12,11,1,150,0,10,0.02631579,0.5,1,1,0,0.0165293019512106
p8112,38,0.633333333333333,1.46711711711712,6,151.280000000001,53,6,8260.32948996292,0,22.9473684210526,0.129561403322221,0.973684210526316,1,1,1,0.490622916448471
p8113,1,0.0166666666666667,,2,13,12,1,150,0,12,0.02631579,0.5,1,1,1,0.0165293019512106
p8114,3,0.05,24.8333333333333,4,119,57,3,475,0,39,0.0526315783333333,0.75,0,0,0,0.048790164169432
p8115,1,0.0166666666666667,,2,8,8,2,175,0.05140729,6,0.02631579,1,1,0,0,0.0165293019512106
p8116,14,0.233333333333333,3.45,6,151.280000000001,59,6,3067.734375,0.005063879,41.3333333333333,0.129561403322221,0.941176470588235,1,1,1,0.209720530982069
p8117,3,0.05,25.0166666666667,3,70,56,2,375,0,41,0.0526315783333333,0.666666666666667,1,1,1,0.048790164169432
p8118,1,0.0166666666666667,,2,14,12,2,229.5,0.2426078,11,0.02631579,1,0,0,0,0.0165293019512106
p8119,3,0.05,21.1666666666667,4,105,49,3,475,0,33.6666666666667,0.0526315783333333,0.75,1,1,1,0.048790164169432
p812,3,0.05,22.25,4,109,52,3,220,0,35.6666666666667,0.0526315783333333,0.75,1,1,0,0.048790164169432
p8120,3,0.05,19.1666666666667,3,45,40,3,475,0.333333333333333,29,0.0526315783333333,1,1,1,1,0.048790164169432
p8121,3,0.05,25.6,4,118,57,3,475,0,38.6666666666667,0.0526315783333333,0.75,1,1,1,0.048790164169432
p8123,1,0.0166666666666667,,2,13,11,1,150,0,10,0.02631579,0.5,1,1,1,0.0165293019512106
p8124,1,0.0166666666666667,,2,11,10,1,150,0,10,0.02631579,0.5,1,1,1,0.0165293019512106
p8125,2,0.0333333333333333,37.9,3,53,48,2,375,0,23,0.039473685,0.666666666666667,0,0,0,0.0327898228229909
p8126,1,0.0166666666666667,,2,8,7,2,278.5,0.3499588,7,0.02631579,1,0,0,0,0.0165293019512106
p8127,1,0.0166666666666667,,2,8,7,2,140.5,0.284195485,6,0.02631579,1,0,0,0,0.0165293019512106
p8128,1,0.0166666666666667,,2,18,15,1,150,0,14,0.02631579,0.5,0,0,0,0.0165293019512106
p813,1,0.0166666666666667,,2,18,14,1,150,0,13,0.02631579,0.5,1,1,1,0.0165293019512106
p8130,3,0.05,25.2416666666667,4,96,58,4,394,0.1016171425,32.3333333333333,0.0526315783333333,1,0,0,0,0.048790164169432
p8131,0,0,,1,1,1,1,10,0.2097522,,,1,1,1,1,0
p8132,2,0.0333333333333333,40.5166666666667,2,7,6,2,375,0.5,26,0.039473685,1,1,1,1,0.0327898228229909
p8133,2,0.0333333333333333,4.41666666666667,2,10,8,2,8260.32948996292,0.5,7.5,0.039473685,1,0,0,0,0.0327898228229909
p8135,1,0.0166666666666667,,1,2,2,1,150,1,28,0.02631579,1,1,1,1,0.0165293019512106
p8136,3,0.05,16.4,3,45,37,3,475,0.333333333333333,26.6666666666667,0.0526315783333333,1,1,0,0,0.048790164169432
p8137,1,0.0166666666666667,,2,10,8,2,153.5,0.0093942015,8,0.02631579,1,1,1,0,0.0165293019512106
p8138,1,0.0166666666666667,,2,52,28,2,647.5,0,28,0.129561403322221,1,0,0,0,0.0165293019512106
p8139,1,0.0166666666666667,,2,11,10,2,160.5,0.0212316515,10,0.02631579,1,0,0,0,0.0165293019512106
p814,1,0.0166666666666667,,2,45,28,1,150,0,28,0.02631579,0.5,1,1,1,0.0165293019512106
p8140,1,0.0166666666666667,,2,10,9,2,96.5,0.062240772,8,0.02631579,1,1,1,0,0.0165293019512106
p8141,2,0.0333333333333333,51.0166666666667,3,64,57,2,285,0,30.5,0.039473685,0.666666666666667,1,1,0,0.0327898228229909
p8142,1,0.0166666666666667,,1,14,14,1,150,1,22,0.02631579,1,1,1,1,0.0165293019512106
p8143,1,0.0166666666666667,,2,11,10,2,173.5,0.04791263,9,0.02631579,1,0,0,0,0.0165293019512106
p8144,1,0.0166666666666667,,2,10,8,2,154,0.009295811,8,0.02631579,1,1,0,0,0.0165293019512106
p8145,1,0.0166666666666667,,2,9,9,2,158,0.173600985,8,0.02631579,1,1,1,1,0.0165293019512106
p8146,3,0.05,23.8583333333333,4,127,57,3,425,0,39,0.0526315783333333,0.75,0,0,0,0.048790164169432
p8147,1,0.0166666666666667,,2,15,14,1,150,0,12,0.02631579,0.5,0,0,0,0.0165293019512106
p8148,0,0,,1,1,1,1,20,0.5643164,,,1,0,0,0,0
p8149,1,0.0166666666666667,,2,10,9,2,195,0.3534765,8,0.02631579,1,1,1,1,0.0165293019512106
p815,1,0.0166666666666667,,2,18,15,1,150,0,15,0.02631579,0.5,0,0,0,0.0165293019512106
p8150,1,0.0166666666666667,,2,10,9,2,242.5,0.33991602,9,0.02631579,1,1,1,1,0.0165293019512106
p8151,0,0,,1,1,1,1,4,0.16006283,,,1,1,1,1,0
p8152,2,0.0333333333333333,50.1166666666667,3,66,59,2,375,0,31,0.039473685,0.666666666666667,1,1,1,0.0327898228229909
p8153,1,0.0166666666666667,,2,12,11,1,150,0,10,0.02631579,0.5,1,1,1,0.0165293019512106
p8154,0,0,,1,3,3,0,,,,,0,1,1,1,0
p8155,1,0.0166666666666667,,2,8,7,1,150,,6,0.02631579,0.5,0,0,0,0.0165293019512106
p8156,2,0.0333333333333333,34.85,3,49,41,2,305,0,23.5,0.039473685,0.666666666666667,1,1,1,0.0327898228229909
p8157,1,0.0166666666666667,,3,12,9,3,105.333333333333,0,6,0.02631579,1,1,1,0,0.0165293019512106
p8158,1,0.0166666666666667,,2,11,10,2,167.5,0.2347563,9,0.02631579,1,1,1,1,0.0165293019512106
p8159,1,0.0166666666666667,,2,9,9,1,150,0,8,0.02631579,0.5,1,1,1,0.0165293019512106
p8160,1,0.0166666666666667,,2,17,14,1,150,0,13,0.02631579,0.5,0,0,0,0.0165293019512106
p8161,1,0.0166666666666667,,2,3,2,2,75,0.5,8,0.02631579,1,1,1,1,0.0165293019512106
p8162,1,0.0166666666666667,,2,12,11,1,150,0,9,0.02631579,0.5,0,0,0,0.0165293019512106
p8163,1,0.0166666666666667,,2,17,14,1,150,0,14,0.02631579,0.5,1,1,0,0.0165293019512106
p8164,1,0.0166666666666667,,2,11,10,1,150,0,9,0.02631579,0.5,0,0,0,0.0165293019512106
p8165,0,0,,1,1,1,0,,,,,0,0,0,0,0
p8167,1,0.0166666666666667,,2,11,10,1,135,0,8,0.02631579,0.5,0,0,0,0.0165293019512106
p8168,1,0.0166666666666667,,2,10,9,2,117.5,0.006442618,9,0.02631579,1,0,0,0,0.0165293019512106
p8169,2,0.0333333333333333,39.0833333333333,2,8,7,2,367.5,0.5,25.5,0.039473685,1,1,1,1,0.0327898228229909
p817,3,0.05,19.275,3,49,42,3,475,0.333333333333333,30.6666666666667,0.0526315783333333,1,0,0,0,0.048790164169432
p8170,1,0.0166666666666667,,2,11,10,1,150,0,9,0.02631579,0.5,0,0,0,0.0165293019512106
p8171,1,0.0166666666666667,,2,8,7,2,163,0.0269096715,7,0.02631579,1,0,0,0,0.0165293019512106
p8172,1,0.0166666666666667,,2,16,15,2,176,0.078272065,14,0.02631579,1,0,0,0,0.0165293019512106
p8173,0,0,,1,1,1,1,23,0.50144994,,,1,1,1,1,0
p8174,1,0.0166666666666667,,1,3,3,1,150,1,11,0.02631579,1,1,1,1,0.0165293019512106
p8175,1,0.0166666666666667,,2,11,9,1,150,0,9,0.02631579,0.5,1,1,1,0.0165293019512106
p8176,1,0.0166666666666667,,2,18,15,2,117,0.28828745,12,0.02631579,1,1,0,0,0.0165293019512106
p8177,1,0.0166666666666667,,2,11,10,2,160.5,0.0384100825,9,0.02631579,1,1,1,1,0.0165293019512106
p8178,1,0.0166666666666667,,2,10,9,2,231,0.2684253,8,0.02631579,1,0,0,0,0.0165293019512106
p8179,1,0.0166666666666667,,2,19,17,1,150,0,17,0.02631579,0.5,1,1,1,0.0165293019512106
p818,1,0.0166666666666667,,1,1,1,1,150,1,9,0.02631579,1,0,0,0,0.0165293019512106
p8180,0,0,,1,1,1,0,,,,,0,1,1,0,0
p8181,1,0.0166666666666667,,2,47,45,1,150,0,33,0.02631579,0.5,1,1,0,0.0165293019512106
p8182,3,0.05,22.075,4,112,52,3,348.333333333333,0,36,0.0526315783333333,0.75,1,1,0,0.048790164169432
p8183,1,0.0166666666666667,,2,1,1,2,174,0.561472875,8,0.02631579,1,0,0,0,0.0165293019512106
p8184,1,0.0166666666666667,,2,5,5,2,227.5,0.26292405,5,0.02631579,1,1,1,1,0.0165293019512106
p8185,1,0.0166666666666667,,1,1,1,1,150,1,9,0.02631579,1,1,1,1,0.0165293019512106
p8186,1,0.0166666666666667,,2,10,8,2,170,0.06184406,8,0.02631579,1,0,0,0,0.0165293019512106
p8187,3,0.05,19.8083333333333,4,95,45,3,195,0,31,0.0526315783333333,0.75,1,0,0,0.048790164169432
p8188,1,0.0166666666666667,,2,40,33,2,114.5,0.11612486,33,0.02631579,1,1,1,1,0.0165293019512106
p8189,3,0.05,25.275,4,117,57,4,496,0.24998869,39.3333333333333,0.0526315783333333,1,1,0,0,0.048790164169432
p819,1,0.0166666666666667,,1,1,1,1,150,1,5,0.02631579,1,0,0,0,0.0165293019512106
p8190,1,0.0166666666666667,,1,2,2,1,150,1,11,0.02631579,1,0,0,0,0.0165293019512106
p8191,1,0.0166666666666667,,2,18,14,2,204,0.18613456,13,0.02631579,1,0,0,0,0.0165293019512106
p8192,3,0.05,21.725,4,106,51,3,158.333333333333,0,34,0.0526315783333333,0.75,1,1,1,0.048790164169432
p8193,1,0.0166666666666667,,2,11,10,1,150,0,9,0.02631579,0.5,1,1,1,0.0165293019512106
p8194,1,0.0166666666666667,,2,16,15,1,150,0,10,0.02631579,0.5,0,0,0,0.0165293019512106
p8195,1,0.0166666666666667,,2,16,13,1,150,0,13,0.02631579,0.5,1,0,0,0.0165293019512106
p8196,1,0.0166666666666667,,2,23,22,1,150,0,21,0.02631579,0.5,1,1,1,0.0165293019512106
p8197,1,0.0166666666666667,,2,41,25,1,150,0,24,0.02631579,0.5,1,1,1,0.0165293019512106
p8198,3,0.05,23.7416666666667,3,59,51,3,408.333333333333,0.333333333333333,36.6666666666667,0.0526315783333333,1,1,1,1,0.048790164169432
p8199,0,0,,1,2,2,1,34,0.9829288,,,1,0,0,0,0
p82,1,0.0166666666666667,,2,14,12,1,150,0,12,0.02631579,0.5,1,1,1,0.0165293019512106
p820,1,0.0166666666666667,,2,16,16,1,150,0,16,0.02631579,0.5,1,1,1,0.0165293019512106
p8200,2,0.0333333333333333,48.65,3,68,57,2,300,0,32,0.039473685,0.666666666666667,1,1,1,0.0327898228229909
p8201,0,0,,1,1,1,1,2,0.019127037,,,1,0,0,0,0
p8202,1,0.0166666666666667,,1,1,1,1,150,1,10,0.02631579,1,1,1,0,0.0165293019512106
p8203,1,0.0166666666666667,,2,22,19,1,60,0,17,0.02631579,0.5,0,0,0,0.0165293019512106
p8204,1,0.0166666666666667,,1,5,5,1,150,1,10,0.02631579,1,0,0,0,0.0165293019512106
p8205,2,0.0333333333333333,40.5333333333333,2,8,7,2,375,0.5,25.5,0.039473685,1,1,1,1,0.0327898228229909
p8206,1,0.0166666666666667,,2,9,8,1,150,0,7,0.02631579,0.5,1,0,0,0.0165293019512106
p8207,1,0.0166666666666667,,1,6,6,1,150,1,14,0.02631579,1,0,0,0,0.0165293019512106
p8208,1,0.0166666666666667,,2,10,8,2,186,0.08975014,8,0.02631579,1,0,0,0,0.0165293019512106
p8209,1,0.0166666666666667,,2,15,14,2,81,0.1854697,12,0.02631579,1,1,1,1,0.0165293019512106
p821,1,0.0166666666666667,,2,13,11,1,150,0,11,0.02631579,0.5,1,1,1,0.0165293019512106
p8210,2,0.0333333333333333,38.75,3,53,46,2,375,0,25.5,0.039473685,0.666666666666667,1,0,0,0.0327898228229909
p8211,3,0.05,24.575,4,120,57,3,458.333333333333,0,39,0.0526315783333333,0.75,0,0,0,0.048790164169432
p8212,2,0.0333333333333333,50.8333333333333,3,66,58,2,375,0,31.5,0.039473685,0.666666666666667,0,0,0,0.0327898228229909
p8213,3,0.05,22.2166666666667,4,109,51,3,475,0,35.3333333333333,0.0526315783333333,0.75,0,0,0,0.048790164169432
p8214,1,0.0166666666666667,,2,9,8,2,155.5,0.274501115,7,0.02631579,1,0,0,0,0.0165293019512106
p8215,1,0.0166666666666667,,2,12,10,1,150,0,10,0.02631579,0.5,1,1,1,0.0165293019512106
p8216,2,0.0333333333333333,46.4166666666667,3,66,57,2,330,0,30.5,0.039473685,0.666666666666667,0,0,0,0.0327898228229909
p8218,1,0.0166666666666667,,2,8,7,2,158,0.047566855,6,0.02631579,1,0,0,0,0.0165293019512106
p822,1,0.0166666666666667,,2,11,10,2,263,0.23623964,9,0.02631579,1,1,1,1,0.0165293019512106
p8220,2,0.0333333333333333,32.45,3,44,38,2,375,0,21,0.039473685,0.666666666666667,1,1,1,0.0327898228229909
p8221,2,0.0333333333333333,9.26666666666667,3,26,14,4,227.75,0.2019980825,12,0.039473685,1.33333333333333,1,1,1,0.0327898228229909
p8222,1,0.0166666666666667,,2,12,11,1,60,0,8,0.02631579,0.5,0,0,0,0.0165293019512106
p8224,3,0.05,22.9666666666667,4,120,56,3,475,0,39,0.0526315783333333,0.75,1,1,1,0.048790164169432
p8225,2,0.0333333333333333,23.15,6,40,14,6,155.46875,0.409660660428571,12.5,0.02631579,1,0,0,0,0.0327898228229909
p8226,3,0.05,18.95,4,97,45,3,475,0,31.6666666666667,0.0526315783333333,0.75,0,0,0,0.048790164169432
p8227,1,0.0166666666666667,,2,8,7,2,157.5,0.009472998,6,0.02631579,1,1,1,1,0.0165293019512106
p8228,1,0.0166666666666667,,2,17,14,1,150,0,13,0.02631579,0.5,0,0,0,0.0165293019512106
p8229,1,0.0166666666666667,,2,19,17,1,150,0,16,0.02631579,0.5,0,0,0,0.0165293019512106
p823,1,0.0166666666666667,,2,15,12,1,150,0,9,0.02631579,0.5,1,1,0,0.0165293019512106
p8230,2,0.0333333333333333,38.2333333333333,2,15,10,2,285,0.5,28.5,0.039473685,1,1,1,1,0.0327898228229909
p8231,3,0.05,18.7833333333333,4,91,43,4,558,0.1143350825,30,0.0526315783333333,1,1,1,1,0.048790164169432
p8232,1,0.0166666666666667,,2,8,7,2,252.5,0.38198635,7,0.02631579,1,0,0,0,0.0165293019512106
p8233,2,0.0333333333333333,49.4666666666667,2,8,7,2,350,0.5,31.5,0.039473685,1,1,1,1,0.0327898228229909
p8234,1,0.0166666666666667,,2,12,11,2,29.75,0.062851325,10,0,1,1,1,1,0.0165293019512106
p8235,1,0.0166666666666667,,2,10,8,1,150,0,7,0.02631579,0.5,1,1,1,0.0165293019512106
p8236,2,0.0333333333333333,39.8666666666667,2,6,5,2,375,0.5,25,0.039473685,1,1,1,1,0.0327898228229909
p8237,2,0.0333333333333333,50.9666666666667,3,70,59,2,285,0,33.5,0.039473685,0.666666666666667,1,1,1,0.0327898228229909
p8239,1,0.0166666666666667,,2,16,14,2,130.5,0.101962545,13,0.02631579,1,1,1,1,0.0165293019512106
p824,2,0.0333333333333333,43.9,2,14,12,2,205,0.5,32,0.039473685,1,1,0,0,0.0327898228229909
p8240,1,0.0166666666666667,,2,7,6,2,306,0.39404075,6,0.02631579,1,0,0,0,0.0165293019512106
p8241,1,0.0166666666666667,,3,23,12,3,106.333333333333,0.0321247,8,0.02631579,1,1,1,1,0.0165293019512106
p8242,1,0.0166666666666667,,2,21,20,1,15,,19,0,0.5,0,0,0,0.0165293019512106
p8243,1,0.0166666666666667,,2,27,21,1,150,0,20,0.02631579,0.5,1,1,1,0.0165293019512106
p8244,3,0.05,17.2333333333333,3,44,38,3,365,0.333333333333333,27.6666666666667,0.0526315783333333,1,1,1,1,0.048790164169432
p8245,2,0.0333333333333333,40.7666666666667,2,9,7,2,375,0.5,27.5,0.039473685,1,0,0,0,0.0327898228229909
p8246,1,0.0166666666666667,,2,8,8,1,150,0,7,0.02631579,0.5,1,1,1,0.0165293019512106
p8247,1,0.0166666666666667,,2,20,17,1,150,0,17,0.02631579,0.5,1,1,1,0.0165293019512106
p8248,0,0,,1,1,1,1,36,0.98369575,,,1,0,0,0,0
p8249,1,0.0166666666666667,,2,17,14,1,150,0,13,0.02631579,0.5,0,0,0,0.0165293019512106
p825,1,0.0166666666666667,,2,11,9,2,214,0.22408095,9,0.02631579,1,1,0,0,0.0165293019512106
p8250,1,0.0166666666666667,,2,15,13,1,150,0,11,0.02631579,0.5,0,0,0,0.0165293019512106
p8251,1,0.0166666666666667,,2,9,8,1,150,0,8,0.02631579,0.5,1,1,1,0.0165293019512106
p8252,1,0.0166666666666667,,1,1,1,1,150,1,5,0.02631579,1,0,0,0,0.0165293019512106
p8253,2,0.0333333333333333,6.68333333333333,3,21,13,3,245,0.31492965,8.5,0.02631579,1,0,0,0,0.0327898228229909
p8255,0,0,,1,1,1,0,,,,,0,1,1,1,0
p8256,3,0.05,17.1666666666667,4,88,41,4,360,0.1230909825,28,0.0526315783333333,1,1,1,1,0.048790164169432
p8257,1,0.0166666666666667,,1,1,1,1,150,1,5,0.02631579,1,1,1,1,0.0165293019512106
p8258,0,0,,1,3,3,0,,,,,0,1,1,1,0
p826,1,0.0166666666666667,,2,12,10,2,219,0.38536912,10,0.02631579,1,1,1,0,0.0165293019512106
p8260,1,0.0166666666666667,,2,13,11,1,150,0,10,0.02631579,0.5,1,0,0,0.0165293019512106
p8261,3,0.05,19.0416666666667,4,97,48,3,8260.32948996292,0,31,0.0526315783333333,0.75,0,0,0,0.048790164169432
p8262,3,0.05,20.4583333333333,4,103,49,3,475,0,33.3333333333333,0.0526315783333333,0.75,1,0,0,0.048790164169432
p8263,1,0.0166666666666667,,2,10,9,1,150,0,8,0.02631579,0.5,1,1,1,0.0165293019512106
p8265,3,0.05,22.1666666666667,4,110,52,4,533.75,0.0444666975,36.6666666666667,0.0526315783333333,1,1,1,0,0.048790164169432
p8266,0,0,,1,5,5,1,8,0.26184326,,,1,0,0,0,0
p8267,3,0.05,20.55,4,105,49,3,458.333333333333,0,34,0.0526315783333333,0.75,1,1,1,0.048790164169432
p8268,1,0.0166666666666667,,1,2,2,1,150,1,8,0.02631579,1,1,1,1,0.0165293019512106
p8269,0,0,,1,5,5,0,,,,,0,1,1,1,0
p827,0,0,,1,1,1,1,21,0.3493459,,,1,0,0,0,0
p8270,1,0.0166666666666667,,2,10,9,2,216.5,0.18486586,9,0.02631579,1,1,1,1,0.0165293019512106
p8271,2,0.0333333333333333,36.7,2,7,6,2,375,0.5,24,0.039473685,1,0,0,0,0.0327898228229909
p8272,1,0.0166666666666667,,2,16,14,2,268,0.3215671,13,0.02631579,1,1,1,1,0.0165293019512106
p8274,3,0.05,21.5416666666667,4,114,50,3,475,0,35,0.0526315783333333,0.75,1,1,1,0.048790164169432
p8275,1,0.0166666666666667,,2,18,13,1,150,0,12,0.02631579,0.5,0,0,0,0.0165293019512106
p8276,1,0.0166666666666667,,2,56,56,1,150,0,4.9225,0.02631579,0.5,1,1,0,0.0165293019512106
p8277,1,0.0166666666666667,,2,20,18,1,15,,16,0,0.5,0,0,0,0.0165293019512106
p8278,1,0.0166666666666667,,2,8,7,2,70.5,0.05197321,6,0.02631579,1,0,0,0,0.0165293019512106
p8279,1,0.0166666666666667,,2,15,13,1,150,0,12,0.02631579,0.5,1,1,0,0.0165293019512106
p828,1,0.0166666666666667,,2,15,12,1,75,0,10,0.02631579,0.5,1,1,1,0.0165293019512106
p8280,2,0.0333333333333333,42.3833333333333,2,13,10,2,292.5,0.5,31,0.039473685,1,0,0,0,0.0327898228229909
p8281,1,0.0166666666666667,,2,13,12,1,150,,11,0.02631579,0.5,0,0,0,0.0165293019512106
p8282,3,0.05,23,4,113,53,3,475,0,37,0.0526315783333333,0.75,0,0,0,0.048790164169432
p8283,3,0.05,12.9333333333333,4,61,29,3,441.666666666667,0,20,0.0526315783333333,0.75,0,0,0,0.048790164169432
p8284,1,0.0166666666666667,,2,17,14,2,59.5,0.18313332,12,0.02631579,1,1,1,0,0.0165293019512106
p8286,1,0.0166666666666667,,2,7,7,1,150,0,6,0.02631579,0.5,0,0,0,0.0165293019512106
p8287,1,0.0166666666666667,,2,11,10,1,150,0,10,0.02631579,0.5,1,0,0,0.0165293019512106
p8288,2,0.0333333333333333,6.15,3,38,20,2,150,0,16,0.02631579,0.666666666666667,0,0,0,0.0327898228229909
p8289,2,0.0333333333333333,49.1,3,65,57,2,292.5,0,32,0.039473685,0.666666666666667,1,1,1,0.0327898228229909
p829,1,0.0166666666666667,,2,14,10,2,174.875,0.16730882,8,0.02631579,1,1,1,1,0.0165293019512106
p8290,1,0.0166666666666667,,2,7,6,2,158.5,0.0143055115,6,0.02631579,1,1,1,1,0.0165293019512106
p8291,3,0.05,22.075,4,112,53,3,475,0,36.3333333333333,0.0526315783333333,0.75,1,1,1,0.048790164169432
p8292,4,0.0666666666666667,17.0833333333333,5,151.280000000001,57,4,313.75,0,38,0.06578947375,0.8,1,1,1,0.0645385211375712
p8293,3,0.05,18.05,4,84,41,3,415,0,27,0.0526315783333333,0.75,1,1,0,0.048790164169432
p8294,3,0.05,24.6416666666667,3,65,55,2,292.5,0,40,0.0526315783333333,0.666666666666667,1,1,1,0.048790164169432
p8295,1,0.0166666666666667,,1,2,2,1,150,1,7,0.02631579,1,0,0,0,0.0165293019512106
p8296,1,0.0166666666666667,,2,10,9,1,60,0,8,0.02631579,0.5,1,1,1,0.0165293019512106
p8297,3,0.05,10.35,5,58,23,6,180,0.171777472,15.6666666666667,0.03508772,1.2,1,1,1,0.048790164169432
p8298,2,0.0333333333333333,44.55,3,66,54,2,375,0,31.5,0.039473685,0.666666666666667,0,0,0,0.0327898228229909
p83,2,0.0333333333333333,7.78333333333333,3,33,20,2,90,0,15,0.013157895,0.666666666666667,1,1,1,0.0327898228229909
p830,1,0.0166666666666667,,2,18,16,1,150,0,10,0.02631579,0.5,0,0,0,0.0165293019512106
p8300,13,0.216666666666667,4.45833333333333,6,151.280000000001,59,6,2177.30769230769,0,41.3333333333333,0.129561403322221,0.928571428571429,1,1,0,0.19611487892629
p8301,0,0,,1,1,1,1,4,0.35029885,,,1,0,0,0,0
p8302,2,0.0333333333333333,7.7,3,36,21,2,90,0,15.5,0.013157895,0.666666666666667,1,1,0,0.0327898228229909
p8303,1,0.0166666666666667,,2,10,8,2,246.5,0.33344465,7,0.02631579,1,1,1,1,0.0165293019512106
p8304,1,0.0166666666666667,,2,11,9,1,150,0,9,0.02631579,0.5,1,1,1,0.0165293019512106
p8305,2,0.0333333333333333,48.8666666666667,3,69,59,2,375,0,34.5,0.039473685,0.666666666666667,1,1,1,0.0327898228229909
p8306,0,0,,1,1,1,1,8,0.27009907,,,1,1,1,1,0
p8307,1,0.0166666666666667,,1,1,1,1,150,1,5,0.02631579,1,1,0,0,0.0165293019512106
p8308,1,0.0166666666666667,,2,13,12,1,150,0,11,0.02631579,0.5,0,0,0,0.0165293019512106
p8309,2,0.0333333333333333,43.3833333333333,2,15,11,2,375,0.5,31.5,0.039473685,1,0,0,0,0.0327898228229909
p831,2,0.0333333333333333,41.2666666666667,2,8,7,2,375,0.5,26.5,0.039473685,1,1,1,0,0.0327898228229909
p8310,1,0.0166666666666667,,2,11,10,2,303.5,0.3935428,9,0.02631579,1,1,1,1,0.0165293019512106
p8311,1,0.0166666666666667,,2,23,22,2,189.5,0.07056407,22,0.02631579,1,1,1,1,0.0165293019512106
p8312,0,0,,1,2,2,1,10,0.39439154,,,1,0,0,0,0
p8313,4,0.0666666666666667,13.5111111111111,5,131,46,4,528.75,0,32.25,0.059210525,0.8,1,0,0,0.0645385211375712
p8314,1,0.0166666666666667,,1,2,2,1,150,1,27,0.02631579,1,1,1,0,0.0165293019512106
p8315,1,0.0166666666666667,,2,12,11,1,150,0,10,0.02631579,0.5,1,1,1,0.0165293019512106
p8317,1,0.0166666666666667,,2,25,24,2,176.5,0.095438445,23,0.02631579,1,1,1,0,0.0165293019512106
p8318,1,0.0166666666666667,,2,41,31,1,150,0,30,0.02631579,0.5,1,1,1,0.0165293019512106
p8319,1,0.0166666666666667,,1,1,1,1,150,1,6,0.02631579,1,1,1,1,0.0165293019512106
p832,1,0.0166666666666667,,2,15,13,1,150,0,12,0.02631579,0.5,1,1,1,0.0165293019512106
p8320,3,0.05,25.1166666666667,4,117,57,3,475,0,38.6666666666667,0.0526315783333333,0.75,1,1,1,0.048790164169432
p8321,1,0.0166666666666667,,2,13,12,1,150,0,12,0.02631579,0.5,1,1,1,0.0165293019512106
p8322,1,0.0166666666666667,,2,12,9,2,320.5,0.4656416,8,0.02631579,1,1,1,1,0.0165293019512106
p8323,1,0.0166666666666667,,2,9,8,2,150,0.0030799627,8,0.02631579,1,0,0,0,0.0165293019512106
p8324,1,0.0166666666666667,,2,8,8,1,60,0,6,0.02631579,0.5,0,0,0,0.0165293019512106
p8325,1,0.0166666666666667,,1,1,1,1,150,1,5,0.02631579,1,1,1,1,0.0165293019512106
p8326,1,0.0166666666666667,,2,11,10,2,271.5,0.31144017,9,0.02631579,1,0,0,0,0.0165293019512106
p8327,3,0.05,23.15,4,121,58,3,475,0,38.3333333333333,0.0526315783333333,0.75,1,1,1,0.048790164169432
p8328,0,0,,1,1,1,1,8,0.24245618,,,1,0,0,0,0
p8329,1,0.0166666666666667,,2,17,15,1,150,0,15,0.02631579,0.5,1,1,0,0.0165293019512106
p833,1,0.0166666666666667,,2,9,7,2,255.5,0.377006175,7,0.02631579,1,1,1,1,0.0165293019512106
p8330,2,0.0333333333333333,40.2,2,7,6,2,375,0.5,25,0.039473685,1,1,1,1,0.0327898228229909
p8331,1,0.0166666666666667,,2,19,18,1,150,0,16,0.02631579,0.5,0,0,0,0.0165293019512106
p8332,1,0.0166666666666667,,2,10,9,2,259.5,0.2372993,8,0.02631579,1,1,1,0,0.0165293019512106
p8333,1,0.0166666666666667,,2,8,7,2,156,0.0127718075,6,0.02631579,1,0,0,0,0.0165293019512106
p8334,1,0.0166666666666667,,2,9,8,1,150,0,8,0.02631579,0.5,0,0,0,0.0165293019512106
p8335,3,0.05,21.9333333333333,4,117,54,3,415,0,37,0.0526315783333333,0.75,1,1,1,0.048790164169432
p8336,1,0.0166666666666667,,2,14,11,1,150,0,10,0.02631579,0.5,1,1,1,0.0165293019512106
p8337,1,0.0166666666666667,,2,14,12,2,165.5,0.0310430715,12,0.02631579,1,1,1,0,0.0165293019512106
p8338,1,0.0166666666666667,,2,18,17,1,100,0,16,0.02631579,0.5,0,0,0,0.0165293019512106
p834,1,0.0166666666666667,,2,10,9,1,150,0,8,0.02631579,0.5,0,0,0,0.0165293019512106
p8340,1,0.0166666666666667,,2,11,9,2,210,0.44302315,8,0.02631579,1,1,1,1,0.0165293019512106
p8341,1,0.0166666666666667,,2,49,27,1,150,0,26,0.02631579,0.5,1,1,1,0.0165293019512106
p8343,2,0.0333333333333333,49.1166666666667,2,15,11,1,0,0,34,0.039473685,0.5,1,1,1,0.0327898228229909
p8344,1,0.0166666666666667,,2,10,9,2,97.5,0.280615715,9,0.02631579,1,0,0,0,0.0165293019512106
p8345,1,0.0166666666666667,,1,1,1,1,150,1,8,0.02631579,1,0,0,0,0.0165293019512106
p8346,3,0.05,22.7166666666667,4,115,55,3,475,0,36.3333333333333,0.0526315783333333,0.75,0,0,0,0.048790164169432
p8347,0,0,,1,1,1,1,22,0.5413584,,,1,0,0,0,0
p8348,1,0.0166666666666667,,2,17,15,1,150,0,7,0.02631579,0.5,1,0,0,0.0165293019512106
p8349,1,0.0166666666666667,,2,18,16,2,184.5,0.100617745,16,0.02631579,1,1,0,0,0.0165293019512106
p835,2,0.0333333333333333,46.4,2,8,7,2,362.5,0.5,29.5,0.039473685,1,0,0,0,0.0327898228229909
p8350,1,0.0166666666666667,,2,34,25,2,156.5,0.1493765,17,0.02631579,1,0,0,0,0.0165293019512106
p8351,1,0.0166666666666667,,1,1,1,1,150,1,7,0.02631579,1,0,0,0,0.0165293019512106
p8352,1,0.0166666666666667,,2,9,8,1,150,0,7,0.02631579,0.5,0,0,0,0.0165293019512106
p8354,3,0.05,24.4,4,114,55,4,530,0.024722195,37.6666666666667,0.0526315783333333,1,0,0,0,0.048790164169432
p8355,2,0.0333333333333333,10.4333333333333,3,39,25,3,238,0.2567097,17.5,0.02631579,1,1,1,1,0.0327898228229909
p8356,3,0.05,19.3666666666667,4,95,45,3,475,0,31,0.0526315783333333,0.75,1,1,0,0.048790164169432
p8357,1,0.0166666666666667,,2,8,7,2,215,0.21484488,7,0.02631579,1,1,1,1,0.0165293019512106
p8358,1,0.0166666666666667,,2,12,10,1,150,0,9,0.02631579,0.5,1,1,1,0.0165293019512106
p8359,1,0.0166666666666667,,2,9,8,3,218,0.276996733333333,7,0.02631579,1.5,0,0,0,0.0165293019512106
p836,1,0.0166666666666667,,1,0,0,1,150,1,7,0.02631579,1,0,0,0,0.0165293019512106
p8360,3,0.05,24.5166666666667,3,72,57,2,375,0,41.3333333333333,0.0526315783333333,0.666666666666667,0,0,0,0.048790164169432
p8362,1,0.0166666666666667,,2,16,13,1,0,0,9,0.02631579,0.5,1,1,1,0.0165293019512106
p8363,1,0.0166666666666667,,2,8,7,2,154.5,0.178758485,7,0.02631579,1,0,0,0,0.0165293019512106
p8364,3,0.05,21.175,4,102,49,3,475,0,33,0.0526315783333333,0.75,1,1,0,0.048790164169432
p8365,1,0.0166666666666667,,2,15,12,1,60,0,11,0.02631579,0.5,1,1,1,0.0165293019512106
p8367,1,0.0166666666666667,,3,8,6,2,219,0.16767879,5,0.02631579,0.666666666666667,0,0,0,0.0165293019512106
p8368,0,0,,1,0,0,1,24,0.5610518,,,1,1,0,0,0
p837,2,0.0333333333333333,51.2666666666667,2,8,7,2,292.5,0.5,32.5,0.039473685,1,1,0,0,0.0327898228229909
p8370,1,0.0166666666666667,,2,12,10,1,150,0,10,0.02631579,0.5,1,1,1,0.0165293019512106
p8371,1,0.0166666666666667,,2,16,14,1,150,0,13,0.02631579,0.5,1,1,1,0.0165293019512106
p8372,1,0.0166666666666667,,2,13,10,2,208.5,0.25083635,9,0.02631579,1,1,0,0,0.0165293019512106
p8373,1,0.0166666666666667,,1,3,3,1,150,1,12,0.02631579,1,1,1,1,0.0165293019512106
p8374,3,0.05,23.7166666666667,4,120,56,3,425,0,38.6666666666667,0.0526315783333333,0.75,1,1,1,0.048790164169432
p8377,1,0.0166666666666667,,2,8,8,2,168.5,0.123892405,7,0.02631579,1,1,1,1,0.0165293019512106
p8378,1,0.0166666666666667,,2,5,4,2,79,0.197129665,4.9225,0.02631579,1,0,0,0,0.0165293019512106
p8379,1,0.0166666666666667,,2,12,10,2,150,0,9,0.02631579,1,0,0,0,0.0165293019512106
p838,1,0.0166666666666667,,2,8,7,2,312,0.40131875,7,0.02631579,1,0,0,0,0.0165293019512106
p8380,1,0.0166666666666667,,2,10,9,2,177.5,0.07658053,7,0.02631579,1,0,0,0,0.0165293019512106
p8381,1,0.0166666666666667,,2,7,6,1,150,0,6,0.02631579,0.5,1,1,0,0.0165293019512106
p8382,0,0,,1,0,0,2,2.5,0.3707955,,,2,1,1,1,0
p8383,3,0.05,21.3583333333333,4,101,49,3,475,0,33.3333333333333,0.0526315783333333,0.75,1,1,1,0.048790164169432
p8384,1,0.0166666666666667,,2,9,9,2,175.5,0.082781365,9,0.02631579,1,1,1,1,0.0165293019512106
p8385,0,0,,1,1,1,1,13,0.40517727,,,1,0,0,0,0
p8386,3,0.05,21.8,4,121,55,3,475,0,38.6666666666667,0.0526315783333333,0.75,1,1,1,0.048790164169432
p8388,3,0.05,18.1416666666667,4,92,43,3,475,0,29.6666666666667,0.0526315783333333,0.75,1,1,1,0.048790164169432
p8389,0,0,,1,1,1,1,11.75,0.1349904,,,1,1,1,1,0
p839,1,0.0166666666666667,,1,1,1,0,,,5,0.02631579,0,1,1,1,0.0165293019512106
p8390,1,0.0166666666666667,,2,10,7,2,289,0.34468595,7,0.02631579,1,1,1,1,0.0165293019512106
p8391,1,0.0166666666666667,,2,15,13,1,150,0,12,0.02631579,0.5,0,0,0,0.0165293019512106
p8392,1,0.0166666666666667,,2,21,15,1,10,0,13,0.02631579,0.5,1,1,1,0.0165293019512106
p8393,1,0.0166666666666667,,2,22,17,1,150,0,15,0.02631579,0.5,0,0,0,0.0165293019512106
p8394,1,0.0166666666666667,,2,34,33,1,150,0,33,0.02631579,0.5,1,1,1,0.0165293019512106
p8396,0,0,,1,6,6,1,9,0.861556,,,1,1,1,1,0
p8397,1,0.0166666666666667,,1,0,0,0,,,10,0.02631579,0,0,0,0,0.0165293019512106
p8398,1,0.0166666666666667,,1,1,1,1,150,1,7,0.02631579,1,0,0,0,0.0165293019512106
p840,1,0.0166666666666667,,2,13,11,2,243.5,0.293474585,10,0.02631579,1,1,1,1,0.0165293019512106
p8400,1,0.0166666666666667,,2,13,11,2,252,0.33094855,9,0.02631579,1,1,1,1,0.0165293019512106
p8401,3,0.05,21.3333333333333,4,101,49,4,527.5,0.0181179065,33.3333333333333,0.0526315783333333,1,1,1,1,0.048790164169432
p8402,1,0.0166666666666667,,2,7,6,2,295,0.33516842,6,0.02631579,1,0,0,0,0.0165293019512106
p8403,2,0.0333333333333333,38.4666666666667,2,6,6,2,375,0.5,24.5,0.039473685,1,1,1,1,0.0327898228229909
p8404,2,0.0333333333333333,51.75,2,8,7,1,150,0,33,0.039473685,0.5,1,1,1,0.0327898228229909
p8405,1,0.0166666666666667,,1,1,1,1,135,1,8,0.02631579,1,1,1,0,0.0165293019512106
p8406,1,0.0166666666666667,,2,24,23,1,50,0,20,0.02631579,0.5,1,1,0,0.0165293019512106
p8407,1,0.0166666666666667,,2,13,12,2,187,0.22669366,12,0.02631579,1,1,1,1,0.0165293019512106
p8408,1,0.0166666666666667,,2,6,6,2,306,0.397449225,5,0.02631579,1,0,0,0,0.0165293019512106
p8409,1,0.0166666666666667,,2,12,11,1,150,0,11,0.02631579,0.5,1,1,0,0.0165293019512106
p8410,2,0.0333333333333333,43.0166666666667,3,62,52,2,362.5,0,30.5,0.039473685,0.666666666666667,1,1,0,0.0327898228229909
p8411,1,0.0166666666666667,,2,16,13,2,188,0.11253748,12,0.02631579,1,1,1,1,0.0165293019512106
p8412,3,0.05,26.0083333333333,5,58,49,4,72.25,0.005503383,18.3333333333333,0.03508772,0.8,1,1,1,0.048790164169432
p8413,1,0.0166666666666667,,2,11,10,2,264.5,0.247165295,9,0.02631579,1,1,1,1,0.0165293019512106
p8414,1,0.0166666666666667,,2,13,12,2,172,0.0863891,9,0.02631579,1,1,1,1,0.0165293019512106
p8415,2,0.0333333333333333,33.5166666666667,2,7,6,2,375,0.5,22,0.039473685,1,1,1,0,0.0327898228229909
p8416,1,0.0166666666666667,,2,12,10,1,150,0,10,0.02631579,0.5,1,1,1,0.0165293019512106
p8417,1,0.0166666666666667,,2,13,11,1,150,0,10,0.02631579,0.5,1,1,1,0.0165293019512106
p8419,1,0.0166666666666667,,2,18,17,2,77.5,0.10902199,16,0.02631579,1,1,0,0,0.0165293019512106
p842,1,0.0166666666666667,,2,7,6,2,193,0.09883728,6,0.02631579,1,1,1,1,0.0165293019512106
p8420,1,0.0166666666666667,,2,24,21,1,60,0,19,0.02631579,0.5,1,1,1,0.0165293019512106
p8421,1,0.0166666666666667,,1,1,1,1,150,1,13,0.02631579,1,1,1,1,0.0165293019512106
p8422,1,0.0166666666666667,,2,10,8,2,206,0.28029065,7,0.02631579,1,0,0,0,0.0165293019512106
p8423,2,0.0333333333333333,50.6166666666667,2,10,9,1,150,0,34,0.039473685,0.5,0,0,0,0.0327898228229909
p8424,2,0.0333333333333333,9.16666666666667,3,61,36,2,65,0,26,0.013157895,0.666666666666667,1,1,1,0.0327898228229909
p8425,2,0.0333333333333333,29.1166666666667,2,5,4,2,375,0.5,18.5,0.039473685,1,1,1,1,0.0327898228229909
p8426,1,0.0166666666666667,,2,11,10,2,235,0.155185775,8,0.02631579,1,0,0,0,0.0165293019512106
p8427,1,0.0166666666666667,,2,7,6,2,259.5,0.2433641,6,0.02631579,1,1,1,1,0.0165293019512106
p8428,3,0.05,24.9,4,114,55,3,475,0,37.3333333333333,0.0526315783333333,0.75,1,1,0,0.048790164169432
p8429,1,0.0166666666666667,,2,11,10,2,206,0.150093825,10,0.02631579,1,1,0,0,0.0165293019512106
p8430,1,0.0166666666666667,,2,23,20,1,150,0,19,0.02631579,0.5,1,1,1,0.0165293019512106
p8431,2,0.0333333333333333,48.0333333333333,3,70,58,2,375,0,32,0.039473685,0.666666666666667,1,1,1,0.0327898228229909
p8432,3,0.05,20.3,4,47,43,5,630.2,0.16580986,28,0.0789473683333333,1.25,1,1,1,0.048790164169432
p8433,1,0.0166666666666667,,2,15,14,2,65,0.017086495,13,0.02631579,1,0,0,0,0.0165293019512106
p8434,1,0.0166666666666667,,1,1,1,0,,,9,0.02631579,0,0,0,0,0.0165293019512106
p8435,1,0.0166666666666667,,2,11,10,2,169.5,0.064036945,10,0.02631579,1,0,0,0,0.0165293019512106
p8436,1,0.0166666666666667,,2,7,5,2,171.5,0.344908835,5,0.02631579,1,1,1,1,0.0165293019512106
p8437,2,0.0333333333333333,10.1166666666667,3,42,25,3,153,0.02882918,18,0.02631579,1,0,0,0,0.0327898228229909
p8438,1,0.0166666666666667,,2,12,10,2,227.75,0.6028542,9,0.02631579,1,1,1,1,0.0165293019512106
p8439,1,0.0166666666666667,,2,23,23,1,150,0,22,0.02631579,0.5,1,1,1,0.0165293019512106
p8440,1,0.0166666666666667,,2,8,7,2,258.5,0.30069372,6,0.02631579,1,1,1,1,0.0165293019512106
p8441,0,0,,1,1,1,1,149.75,0.80898947,,,1,1,1,0,0
p8442,2,0.0333333333333333,18.3666666666667,3,35,24,4,261.5,0.177850465,17,0.039473685,1.33333333333333,1,1,0,0.0327898228229909
p8443,2,0.0333333333333333,42.1333333333333,2,12,10,2,205,0.5,29,0.039473685,1,1,1,0,0.0327898228229909
p8444,1,0.0166666666666667,,2,10,9,2,201.5,0.14542432,9,0.02631579,1,1,0,0,0.0165293019512106
p8446,1,0.0166666666666667,,2,14,13,1,150,0,13,0.02631579,0.5,0,0,0,0.0165293019512106
p8447,1,0.0166666666666667,,2,19,16,1,150,0,14,0.02631579,0.5,1,1,1,0.0165293019512106
p8448,1,0.0166666666666667,,1,0,0,1,150,1,8,0.02631579,1,0,0,0,0.0165293019512106
p8449,1,0.0166666666666667,,2,10,9,1,50,0,8,0.02631579,0.5,1,1,1,0.0165293019512106
p845,0,0,,1,4,4,0,,,,,0,1,1,1,0
p8451,1,0.0166666666666667,,1,1,1,1,150,1,10,0.02631579,1,1,1,1,0.0165293019512106
p8453,2,0.0333333333333333,42.1333333333333,2,9,8,2,300,0.5,29,0.039473685,1,0,0,0,0.0327898228229909
p8454,1,0.0166666666666667,,2,9,8,2,192,0.07819493,7,0.02631579,1,0,0,0,0.0165293019512106
p8455,3,0.05,18.25,4,86,41,3,415,0,28.3333333333333,0.0526315783333333,0.75,1,1,1,0.048790164169432
p8456,1,0.0166666666666667,,2,70,38,2,196,0.1731467,37,0.02631579,1,1,0,0,0.0165293019512106
p8457,0,0,,1,1,1,0,,,,,0,1,1,1,0
p8458,3,0.05,24.9333333333333,4,116,56,3,400,0,38,0.0526315783333333,0.75,1,1,0,0.048790164169432
p8459,1,0.0166666666666667,,2,23,21,1,150,0,21,0.02631579,0.5,1,1,1,0.0165293019512106
p846,1,0.0166666666666667,,2,39,32,1,150,0,31,0.02631579,0.5,1,1,1,0.0165293019512106
p8460,3,0.05,23.9833333333333,4,125,58,3,475,0,40.3333333333333,0.0526315783333333,0.75,1,1,1,0.048790164169432
p8461,1,0.0166666666666667,,2,11,10,2,125,0.10081675,10,0.02631579,1,0,0,0,0.0165293019512106
p8462,1,0.0166666666666667,,2,14,12,1,150,0,11,0.02631579,0.5,1,1,1,0.0165293019512106
p8463,3,0.05,18.4666666666667,4,97,44,3,475,0,30.3333333333333,0.0526315783333333,0.75,0,0,0,0.048790164169432
p8464,0,0,,2,5,4,2,3.5,0.00412952925,,,1,0,0,0,0
p8465,0,0,,1,1,1,1,21,0.48453948,,,1,0,0,0,0
p8466,4,0.0666666666666667,14.3611111111111,5,151,58,4,621.25,0,36.5,0.06578947375,0.8,0,0,0,0.0645385211375712
p8467,1,0.0166666666666667,,2,9,8,2,226,0.1600654,7,0.02631579,1,1,1,1,0.0165293019512106
p8468,1,0.0166666666666667,,1,1,1,1,150,1,8,0.02631579,1,0,0,0,0.0165293019512106
p8469,1,0.0166666666666667,,2,11,10,1,15,,10,0,0.5,1,1,1,0.0165293019512106
p847,1,0.0166666666666667,,2,11,10,1,60,0,9,0.02631579,0.5,1,1,1,0.0165293019512106
p8470,1,0.0166666666666667,,2,9,8,2,117,0.012466209,7,0.02631579,1,0,0,0,0.0165293019512106
p8471,1,0.0166666666666667,,2,10,9,1,150,0,8,0.02631579,0.5,1,0,0,0.0165293019512106
p8472,1,0.0166666666666667,,2,10,9,2,150,0.0013151385,9,0.02631579,1,0,0,0,0.0165293019512106
p8473,1,0.0166666666666667,,2,10,9,1,150,0,9,0.02631579,0.5,1,1,1,0.0165293019512106
p8474,2,0.0333333333333333,40.95,2,12,10,2,375,0.5,27.5,0.039473685,1,0,0,0,0.0327898228229909
p8475,0,0,,2,8,7,2,320,0.41982907,,,1,0,0,0,0
p8476,1,0.0166666666666667,,2,7,7,2,156,0.11515452,7,0.02631579,1,1,1,1,0.0165293019512106
p8477,1,0.0166666666666667,,3,100,54,2,89.5,0,41.3333333333333,0.02631579,0.666666666666667,0,0,0,0.0165293019512106
p8478,1,0.0166666666666667,,2,8,7,1,150,0,7,0.02631579,0.5,1,0,0,0.0165293019512106
p8479,1,0.0166666666666667,,2,21,18,1,100,0,16,0.02631579,0.5,0,0,0,0.0165293019512106
p848,2,0.0333333333333333,46.6333333333333,4,127,59,3,450,0,32,0.039473685,0.75,0,0,0,0.0327898228229909
p8480,1,0.0166666666666667,,2,8,7,2,178,0.05586639,6,0.02631579,1,0,0,0,0.0165293019512106
p8481,1,0.0166666666666667,,1,3,3,1,15,1,41.3333333333333,0,1,0,0,0,0.0165293019512106
p8482,27,0.45,2.07371794871795,6,151.280000000001,58,6,8260.32948996292,0,26.8148148148148,0.129561403322221,0.964285714285714,0,0,0,0.371563556432483
p8483,0,0,,1,1,1,1,26,0.69928443,,,1,0,0,0,0
p8484,0,0,,1,1,1,1,0,0.23963678,,,1,0,0,0,0
p8485,1,0.0166666666666667,,2,12,9,1,150,0,8,0.02631579,0.5,1,1,1,0.0165293019512106
p8486,1,0.0166666666666667,,2,15,13,1,150,0,12,0.02631579,0.5,1,1,1,0.0165293019512106
p8487,1,0.0166666666666667,,1,1,1,1,150,1,9,0.02631579,1,1,1,0,0.0165293019512106
p8488,1,0.0166666666666667,,2,8,8,1,150,0,7,0.02631579,0.5,1,1,1,0.0165293019512106
p8489,1,0.0166666666666667,,1,0,0,1,150,1,21,0.02631579,1,1,1,1,0.0165293019512106
p849,2,0.0333333333333333,42.2833333333333,3,57,49,2,375,0,27.5,0.039473685,0.666666666666667,1,0,0,0.0327898228229909
p8491,1,0.0166666666666667,,1,2,2,1,150,1,11,0.02631579,1,0,0,0,0.0165293019512106
p8492,1,0.0166666666666667,,2,11,11,2,146,0.10045887,10,0.02631579,1,0,0,0,0.0165293019512106
p8494,2,0.0333333333333333,41.9333333333333,2,7,6,2,330,0.5,26,0.039473685,1,0,0,0,0.0327898228229909
p8495,1,0.0166666666666667,,2,10,9,1,150,0,9,0.02631579,0.5,1,1,1,0.0165293019512106
p8496,1,0.0166666666666667,,2,13,11,2,148,0.2283136,9,0.02631579,1,1,1,1,0.0165293019512106
p8497,3,0.05,19.4083333333333,4,68,45,4,360,0.0910656,23,0.0526315783333333,1,1,1,1,0.048790164169432
p8498,1,0.0166666666666667,,2,9,8,2,117.5,0.12172925,7,0.02631579,1,1,1,0,0.0165293019512106
p8499,3,0.05,22.7083333333333,4,111,52,3,475,0,36,0.0526315783333333,0.75,1,0,0,0.048790164169432
p85,1,0.0166666666666667,,2,10,9,2,281,0.35903685,9,0.02631579,1,1,0,0,0.0165293019512106
p850,1,0.0166666666666667,,2,13,11,1,150,0,10,0.02631579,0.5,1,1,1,0.0165293019512106
p8500,3,0.05,16.8416666666667,4,82,39,3,348.333333333333,0,26.3333333333333,0.0526315783333333,0.75,0,0,0,0.048790164169432
p8501,1,0.0166666666666667,,2,10,9,2,198,0.09666435,8,0.02631579,1,0,0,0,0.0165293019512106
p8502,1,0.0166666666666667,,1,8,8,1,150,1,14,0.02631579,1,0,0,0,0.0165293019512106
p8503,1,0.0166666666666667,,2,27,18,1,150,0,17,0.02631579,0.5,1,1,1,0.0165293019512106
p8504,1,0.0166666666666667,,2,14,12,1,150,0,12,0.02631579,0.5,1,1,1,0.0165293019512106
p8505,3,0.05,25.4666666666667,4,118,57,3,475,0,38,0.0526315783333333,0.75,0,0,0,0.048790164169432
p8506,1,0.0166666666666667,,2,13,11,2,156,0.008502163,10,0.02631579,1,1,1,1,0.0165293019512106
p8507,2,0.0333333333333333,51.1833333333333,2,8,7,1,150,0,32.5,0.039473685,0.5,0,0,0,0.0327898228229909
p8508,1,0.0166666666666667,,2,16,12,2,162,0.0132082775,12,0.02631579,1,1,1,1,0.0165293019512106
p8509,1,0.0166666666666667,,2,11,10,1,150,0,9,0.02631579,0.5,0,0,0,0.0165293019512106
p851,1,0.0166666666666667,,2,15,14,2,222,0.2874324,13,0.02631579,1,1,1,1,0.0165293019512106
p8510,2,0.0333333333333333,43.95,2,8,6,2,375,0.5,27.5,0.039473685,1,1,1,1,0.0327898228229909
p8511,1,0.0166666666666667,,2,8,8,2,77.5,0.048062545,7,0.02631579,1,1,1,1,0.0165293019512106
p8512,2,0.0333333333333333,10.45,3,32,20,2,90,0,15,0.013157895,0.666666666666667,0,0,0,0.0327898228229909
p8513,0,0,,1,2,2,1,44.5,0.09327002,,,1,0,0,0,0
p8514,1,0.0166666666666667,,2,10,9,2,165.5,0.0338449925,8,0.02631579,1,1,1,1,0.0165293019512106
p8515,1,0.0166666666666667,,2,11,10,1,150,0,9,0.02631579,0.5,1,1,1,0.0165293019512106
p8516,0,0,,1,2,2,0,,,,,0,1,1,1,0
p8517,3,0.05,23.575,4,108,52,3,475,0,36,0.0526315783333333,0.75,1,1,0,0.048790164169432
p8518,0,0,,1,2,2,0,,,,,0,0,0,0,0
p8519,1,0.0166666666666667,,2,9,8,1,150,0,7,0.02631579,0.5,1,1,1,0.0165293019512106
p852,1,0.0166666666666667,,2,10,9,1,150,0,8,0.02631579,0.5,1,0,0,0.0165293019512106
p8520,3,0.05,14.8333333333333,4,79,37,3,415,0,25.3333333333333,0.0526315783333333,0.75,0,0,0,0.048790164169432
p8521,3,0.05,21.4916666666667,4,106,50,3,475,0,34,0.0526315783333333,0.75,1,1,0,0.048790164169432
p8522,2,0.0333333333333333,35.8,3,98,59,2,375,0,39.5,0.039473685,0.666666666666667,1,1,1,0.0327898228229909
p8523,2,0.0333333333333333,7.9,3,25,16,2,157.5,0,12,0.02631579,0.666666666666667,1,1,1,0.0327898228229909
p8524,1,0.0166666666666667,,2,11,10,1,100,0,9,0.02631579,0.5,0,0,0,0.0165293019512106
p8525,1,0.0166666666666667,,2,19,17,1,15,,16,0,0.5,1,1,1,0.0165293019512106
p8526,0,0,,1,4,4,0,,,,,0,1,1,1,0
p8528,0,0,,1,10,10,1,120.5,0.2778253,,,1,1,1,0,0
p8529,2,0.0333333333333333,49.9,3,63,57,2,330,0,31,0.039473685,0.666666666666667,1,1,1,0.0327898228229909
p853,2,0.0333333333333333,52.1333333333333,3,67,59,2,375,0,33,0.039473685,0.666666666666667,1,1,1,0.0327898228229909
p8531,3,0.05,22.1583333333333,4,108,52,4,525,0,35.3333333333333,0.0526315783333333,1,1,1,1,0.048790164169432
p8532,1,0.0166666666666667,,2,17,12,1,60,0,11,0.02631579,0.5,0,0,0,0.0165293019512106
p8533,3,0.05,20.1,4,102,48,3,415,0,32.6666666666667,0.0526315783333333,0.75,1,0,0,0.048790164169432
p8534,1,0.0166666666666667,,1,0,0,1,150,1,9,0.02631579,1,0,0,0,0.0165293019512106
p8537,1,0.0166666666666667,,3,20,15,5,64,0.08185645,15,0.02631579,1.66666666666667,0,0,0,0.0165293019512106
p8538,1,0.0166666666666667,,2,11,10,1,150,0,10,0.02631579,0.5,1,1,1,0.0165293019512106
p8539,1,0.0166666666666667,,1,2,2,1,150,1,7,0.02631579,1,1,1,1,0.0165293019512106
p8540,2,0.0333333333333333,14.05,3,29,20,4,279.75,0.136759115,15,0.039473685,1.33333333333333,0,0,0,0.0327898228229909
p8541,2,0.0333333333333333,13.7666666666667,3,27,18,3,190.333333333333,0.0677018166666667,14,0.039473685,1,0,0,0,0.0327898228229909
p8542,1,0.0166666666666667,,2,15,13,2,59.5,0.05059003,11,0.02631579,1,0,0,0,0.0165293019512106
p8543,1,0.0166666666666667,,2,14,12,1,150,0,10,0.02631579,0.5,1,1,1,0.0165293019512106
p8544,1,0.0166666666666667,,1,0,0,1,150,1,5,0.02631579,1,0,0,0,0.0165293019512106
p8549,1,0.0166666666666667,,2,16,15,1,150,0,14,0.02631579,0.5,0,0,0,0.0165293019512106
p855,1,0.0166666666666667,,2,7,6,2,168.5,0.05111483,6,0.02631579,1,0,0,0,0.0165293019512106
p8550,1,0.0166666666666667,,2,28,18,2,230.5,0.20901288,16,0.02631579,1,1,1,1,0.0165293019512106
p8551,1,0.0166666666666667,,2,26,16,1,150,0,15,0.02631579,0.5,0,0,0,0.0165293019512106
p8552,1,0.0166666666666667,,2,16,13,1,60,0,12,0.02631579,0.5,1,1,1,0.0165293019512106
p8553,1,0.0166666666666667,,2,15,12,2,150.5,0.19771591,9,0.02631579,1,0,0,0,0.0165293019512106
p8554,1,0.0166666666666667,,2,8,7,1,150,0,7,0.02631579,0.5,0,0,0,0.0165293019512106
p8555,1,0.0166666666666667,,2,17,12,1,150,0,12,0.02631579,0.5,1,1,0,0.0165293019512106
p8556,1,0.0166666666666667,,2,10,8,1,150,0,8,0.02631579,0.5,0,0,0,0.0165293019512106
p8557,3,0.05,22.2416666666667,4,124,56,3,308.333333333333,0,40.6666666666667,0.0526315783333333,0.75,0,0,0,0.048790164169432
p8559,1,0.0166666666666667,,2,7,6,2,216.5,0.28628125,5,0.02631579,1,1,1,1,0.0165293019512106
p856,1,0.0166666666666667,,2,20,13,1,150,0,12,0.02631579,0.5,1,1,1,0.0165293019512106
p8560,1,0.0166666666666667,,2,7,7,2,162,0.0125053265,6,0.02631579,1,0,0,0,0.0165293019512106
p8561,2,0.0333333333333333,48.85,2,13,11,1,35,0,33.5,0.039473685,0.5,0,0,0,0.0327898228229909
p8562,2,0.0333333333333333,34.3666666666667,3,47,40,3,388.666666666667,0.158113956666667,22.5,0.039473685,1,0,0,0,0.0327898228229909
p8563,1,0.0166666666666667,,2,8,8,2,208.5,0.3078333,8,0.02631579,1,1,1,1,0.0165293019512106
p8564,0,0,,1,1,1,1,7,0.23953909,,,1,0,0,0,0
p8567,1,0.0166666666666667,,2,10,9,2,262,0.307095675,8,0.02631579,1,0,0,0,0.0165293019512106
p8568,1,0.0166666666666667,,2,15,13,1,150,0,12,0.02631579,0.5,1,1,0,0.0165293019512106
p8569,2,0.0333333333333333,6.91666666666667,3,40,23,2,90,0,18.5,0.013157895,0.666666666666667,0,0,0,0.0327898228229909
p857,0,0,,1,0,0,1,11,0.5823208,,,1,0,0,0,0
p8570,1,0.0166666666666667,,2,13,12,1,150,0,11,0.02631579,0.5,1,1,1,0.0165293019512106
p8571,1,0.0166666666666667,,2,10,9,1,150,0,9,0.02631579,0.5,1,0,0,0.0165293019512106
p8572,1,0.0166666666666667,,2,7,7,1,150,0,7,0.02631579,0.5,0,0,0,0.0165293019512106
p8573,1,0.0166666666666667,,2,16,13,2,221,0.193816885,12,0.02631579,1,0,0,0,0.0165293019512106
p8574,1,0.0166666666666667,,2,10,9,2,76,0.1533335,7,0.02631579,1,1,1,1,0.0165293019512106
p8575,3,0.05,24.4333333333333,4,117,56,3,475,0,38,0.0526315783333333,0.75,0,0,0,0.048790164169432
p8576,3,0.05,24.375,4,126,58,3,241.666666666667,0,40.6666666666667,0.0526315783333333,0.75,1,1,1,0.048790164169432
p8577,3,0.05,19.8583333333333,4,95,45,3,415,0,30.6666666666667,0.0526315783333333,0.75,0,0,0,0.048790164169432
p8578,1,0.0166666666666667,,2,8,7,2,260,0.29854395,7,0.02631579,1,0,0,0,0.0165293019512106
p8579,1,0.0166666666666667,,2,10,9,1,150,0,8,0.02631579,0.5,1,1,1,0.0165293019512106
p858,1,0.0166666666666667,,2,47,45,1,300,,41.3333333333333,0,0.5,0,0,0,0.0165293019512106
p8580,1,0.0166666666666667,,2,37,25,1,0,0,23,0.02631579,0.5,0,0,0,0.0165293019512106
p8581,2,0.0333333333333333,8.46666666666667,3,29,18,2,90,0,14,0.013157895,0.666666666666667,1,1,1,0.0327898228229909
p8582,1,0.0166666666666667,,2,15,12,1,150,0,11,0.02631579,0.5,1,1,0,0.0165293019512106
p8583,1,0.0166666666666667,,2,9,8,1,60,0,8,0.02631579,0.5,1,1,0,0.0165293019512106
p8584,1,0.0166666666666667,,2,9,8,1,150,0,7,0.02631579,0.5,0,0,0,0.0165293019512106
p8585,1,0.0166666666666667,,2,13,12,1,125,0,10,0.02631579,0.5,0,0,0,0.0165293019512106
p8586,2,0.0333333333333333,36.8833333333333,3,10,8,2,375,0.5,25.5,0.039473685,0.666666666666667,0,0,0,0.0327898228229909
p8587,2,0.0333333333333333,52.0666666666667,2,8,7,1,150,0,33,0.039473685,0.5,0,0,0,0.0327898228229909
p8588,1,0.0166666666666667,,2,17,15,1,150,0,15,0.02631579,0.5,0,0,0,0.0165293019512106
p8589,2,0.0333333333333333,42.3333333333333,2,11,9,2,350,0.5,29.5,0.039473685,1,0,0,0,0.0327898228229909
p8590,0,0,,1,1,1,1,2,0.2079964,,,1,0,0,0,0
p8591,1,0.0166666666666667,,2,12,10,1,150,0,8,0.02631579,0.5,0,0,0,0.0165293019512106
p8592,1,0.0166666666666667,,2,7,6,2,150,0.00251505,5,0.02631579,1,0,0,0,0.0165293019512106
p8594,1,0.0166666666666667,,2,16,14,1,150,0,13,0.02631579,0.5,1,1,1,0.0165293019512106
p8595,3,0.05,23.5916666666667,4,123,57,3,475,0,40.3333333333333,0.0526315783333333,0.75,1,0,0,0.048790164169432
p8596,1,0.0166666666666667,,2,20,19,1,150,0,19,0.02631579,0.5,1,1,1,0.0165293019512106
p8597,0,0,,1,1,1,0,,,,,0,1,1,1,0
p8598,1,0.0166666666666667,,2,14,13,1,150,0,12,0.02631579,0.5,1,1,0,0.0165293019512106
p8599,2,0.0333333333333333,49.7,2,10,9,2,375,0.5,33.5,0.039473685,1,1,1,1,0.0327898228229909
p86,1,0.0166666666666667,,2,65,40,1,150,0,39,0.02631579,0.5,1,1,0,0.0165293019512106
p860,1,0.0166666666666667,,2,19,13,1,150,0,13,0.02631579,0.5,0,0,0,0.0165293019512106
p8600,3,0.05,21.0166666666667,4,100,48,3,475,0,33.3333333333333,0.0526315783333333,0.75,1,1,1,0.048790164169432
p8602,1,0.0166666666666667,,2,10,9,2,192,0.176468565,8,0.02631579,1,1,0,0,0.0165293019512106
p8603,1,0.0166666666666667,,2,10,9,2,243.5,0.30191213,8,0.02631579,1,1,1,1,0.0165293019512106
p8604,1,0.0166666666666667,,2,25,16,1,150,0,15,0.02631579,0.5,0,0,0,0.0165293019512106
p8605,1,0.0166666666666667,,2,11,8,1,150,0,8,0.02631579,0.5,1,1,1,0.0165293019512106
p8606,3,0.05,22.825,4,109,52,3,448.333333333333,0,35.6666666666667,0.0526315783333333,0.75,0,0,0,0.048790164169432
p8607,1,0.0166666666666667,,2,37,21,1,150,0,20,0.02631579,0.5,0,0,0,0.0165293019512106
p8608,2,0.0333333333333333,6.53333333333333,3,28,17,3,145,0.0967431066666667,13.5,0.013157895,1,0,0,0,0.0327898228229909
p8609,1,0.0166666666666667,,2,32,20,1,150,0,19,0.02631579,0.5,1,1,1,0.0165293019512106
p861,1,0.0166666666666667,,2,17,16,1,0,0,10,0.02631579,0.5,0,0,0,0.0165293019512106
p8610,3,0.05,22.3916666666667,4,115,54,3,475,0,38,0.0526315783333333,0.75,0,0,0,0.048790164169432
p8611,1,0.0166666666666667,,2,9,7,2,245.5,0.33993697,7,0.02631579,1,0,0,0,0.0165293019512106
p8612,1,0.0166666666666667,,2,11,8,1,150,0,8,0.02631579,0.5,1,1,1,0.0165293019512106
p8613,1,0.0166666666666667,,2,8,7,1,150,0,7,0.02631579,0.5,1,1,1,0.0165293019512106
p8614,1,0.0166666666666667,,2,10,9,1,150,0,8,0.02631579,0.5,0,0,0,0.0165293019512106
p8615,1,0.0166666666666667,,2,6,6,2,238.5,0.2529018,6,0.02631579,1,1,1,0,0.0165293019512106
p8616,1,0.0166666666666667,,2,20,16,1,150,0,15,0.02631579,0.5,1,1,1,0.0165293019512106
p8617,1,0.0166666666666667,,2,12,10,1,150,0,9,0.02631579,0.5,1,0,0,0.0165293019512106
p8618,2,0.0333333333333333,48.1,2,6,6,2,375,0.5,29,0.039473685,1,1,1,1,0.0327898228229909
p8619,1,0.0166666666666667,,2,13,11,2,249.5,0.30579898,10,0.02631579,1,1,1,1,0.0165293019512106
p862,3,0.05,24.0083333333333,4,122,58,3,475,0,39.6666666666667,0.0526315783333333,0.75,1,1,1,0.048790164169432
p8620,1,0.0166666666666667,,1,2,2,1,150,1,9,0.02631579,1,0,0,0,0.0165293019512106
p8622,0,0,,1,2,2,0,,,,,0,0,0,0,0
p8623,2,0.0333333333333333,4.81666666666667,3,22,13,3,115,0,10,0.013157895,1,0,0,0,0.0327898228229909
p8624,1,0.0166666666666667,,2,15,14,2,152.5,0.0147634715,12,0.02631579,1,0,0,0,0.0165293019512106
p8625,3,0.05,16.85,4,78,38,3,475,0,25.3333333333333,0.0526315783333333,0.75,1,1,1,0.048790164169432
p8626,1,0.0166666666666667,,2,15,13,1,150,0,11,0.02631579,0.5,1,1,1,0.0165293019512106
p8628,4,0.0666666666666667,13.8111111111111,4,70,47,4,371.25,0.25,28.75,0.03947368375,1,1,1,0,0.0645385211375712
p8629,1,0.0166666666666667,,2,40,23,2,199,0.15071276,23,0.02631579,1,0,0,0,0.0165293019512106
p863,1,0.0166666666666667,,2,23,16,1,150,0,15,0.02631579,0.5,1,0,0,0.0165293019512106
p8630,0,0,,1,2,2,1,32,0.5820393,,,1,0,0,0,0
p8631,3,0.05,20.45,4,106,49,3,365,0,33.6666666666667,0.0526315783333333,0.75,1,1,1,0.048790164169432
p8633,1,0.0166666666666667,,2,14,12,2,156.5,0.08305774,12,0.02631579,1,0,0,0,0.0165293019512106
p8634,1,0.0166666666666667,,2,11,10,2,89,0.106011065,8,0.02631579,1,1,0,0,0.0165293019512106
p8635,1,0.0166666666666667,,2,20,16,1,150,0,15,0.02631579,0.5,1,1,1,0.0165293019512106
p8636,1,0.0166666666666667,,2,13,12,2,132.5,0.071774335,11,0.02631579,1,0,0,0,0.0165293019512106
p8638,1,0.0166666666666667,,1,1,1,1,150,1,5,0.02631579,1,0,0,0,0.0165293019512106
p8639,1,0.0166666666666667,,2,17,15,2,215,0.12680246,15,0.02631579,1,1,1,1,0.0165293019512106
p864,3,0.05,23.4833333333333,3,76,57,2,292.5,0,41.3333333333333,0.0526315783333333,0.666666666666667,1,1,1,0.048790164169432
p8640,1,0.0166666666666667,,2,14,12,1,150,0,10,0.02631579,0.5,0,0,0,0.0165293019512106
p8641,0,0,,1,2,2,1,3,0.17885388,,,1,0,0,0,0
p8642,1,0.0166666666666667,,2,13,10,1,150,0,9,0.02631579,0.5,0,0,0,0.0165293019512106
p8643,1,0.0166666666666667,,2,27,22,1,125,0,19,0.02631579,0.5,0,0,0,0.0165293019512106
p8644,1,0.0166666666666667,,2,26,25,1,150,0,25,0.02631579,0.5,0,0,0,0.0165293019512106
p8645,2,0.0333333333333333,48.4333333333333,2,11,9,2,375,0.5,33.5,0.039473685,1,1,1,1,0.0327898228229909
p8646,1,0.0166666666666667,,2,16,14,1,150,0,13,0.02631579,0.5,1,0,0,0.0165293019512106
p8647,1,0.0166666666666667,,2,11,10,1,150,0,10,0.02631579,0.5,1,1,1,0.0165293019512106
p8648,1,0.0166666666666667,,2,12,11,1,150,0,11,0.02631579,0.5,0,0,0,0.0165293019512106
p8649,1,0.0166666666666667,,2,11,9,2,223,0.30986002,8,0.02631579,1,1,0,0,0.0165293019512106
p8651,1,0.0166666666666667,,2,12,11,1,35,0,10,0.02631579,0.5,1,1,1,0.0165293019512106
p8652,3,0.05,21.7416666666667,4,103,49,3,475,0,33.6666666666667,0.0526315783333333,0.75,0,0,0,0.048790164169432
p8653,0,0,,1,1,1,1,8,0.10073073,,,1,1,1,0,0
p8654,1,0.0166666666666667,,2,7,6,2,241,0.20242809,6,0.02631579,1,1,1,1,0.0165293019512106
p8655,1,0.0166666666666667,,2,10,9,2,174.5,0.175503315,8,0.02631579,1,1,1,1,0.0165293019512106
p8656,1,0.0166666666666667,,2,15,14,2,162,0.013181925,14,0.02631579,1,0,0,0,0.0165293019512106
p8657,1,0.0166666666666667,,3,32,20,3,163.666666666667,0.010927624,10,0.02631579,1,0,0,0,0.0165293019512106
p8658,1,0.0166666666666667,,2,9,8,2,263,0.3567338,8,0.02631579,1,1,1,1,0.0165293019512106
p8659,2,0.0333333333333333,52.2833333333333,2,8,7,1,150,0,33,0.039473685,0.5,1,1,0,0.0327898228229909
p866,1,0.0166666666666667,,2,15,13,1,150,0,12,0.02631579,0.5,1,1,1,0.0165293019512106
p8660,0,0,,1,2,2,0,,,,,0,1,1,1,0
p8661,1,0.0166666666666667,,2,20,19,2,101,0.013437246,12,0.02631579,1,1,1,1,0.0165293019512106
p8662,1,0.0166666666666667,,2,8,7,2,196.5,0.07941632,6,0.02631579,1,1,1,0,0.0165293019512106
p8663,3,0.05,20.675,4,100,48,3,475,0,32.3333333333333,0.0526315783333333,0.75,1,1,0,0.048790164169432
p8664,1,0.0166666666666667,,1,6,6,0,,,17,0.02631579,0,0,0,0,0.0165293019512106
p8665,3,0.05,19.7,3,52,44,3,441.666666666667,0.333333333333333,32,0.0526315783333333,1,1,1,1,0.048790164169432
p8667,1,0.0166666666666667,,2,15,13,1,150,0,9,0.02631579,0.5,0,0,0,0.0165293019512106
p8668,1,0.0166666666666667,,2,17,14,1,150,0,14,0.02631579,0.5,1,1,1,0.0165293019512106
p8669,1,0.0166666666666667,,2,13,11,1,150,0,11,0.02631579,0.5,1,1,1,0.0165293019512106
p8670,1,0.0166666666666667,,2,12,11,2,224.5,0.128430115,10,0.02631579,1,0,0,0,0.0165293019512106
p8671,1,0.0166666666666667,,2,7,7,1,150,0,7,0.02631579,0.5,1,1,1,0.0165293019512106
p8672,3,0.05,13.9,4,94,37,5,366,0.349844475,32,0.04385965,1.25,1,1,1,0.048790164169432
p8673,3,0.05,19.4416666666667,4,91,44,4,556.25,0.0900125125,29.3333333333333,0.0526315783333333,1,1,1,0,0.048790164169432
p8674,1,0.0166666666666667,,2,9,7,2,215.5,0.290540515,7,0.02631579,1,0,0,0,0.0165293019512106
p8675,3,0.05,23.7583333333333,4,115,55,3,475,0,38,0.0526315783333333,0.75,1,1,1,0.048790164169432
p8676,1,0.0166666666666667,,2,14,11,1,150,0,11,0.02631579,0.5,0,0,0,0.0165293019512106
p8677,3,0.05,24.9166666666667,4,122,58,3,475,0,39.6666666666667,0.0526315783333333,0.75,1,1,1,0.048790164169432
p8678,1,0.0166666666666667,,2,12,9,1,150,0,9,0.02631579,0.5,1,0,0,0.0165293019512106
p8679,1,0.0166666666666667,,2,18,16,1,60,0,14,0.02631579,0.5,1,1,1,0.0165293019512106
p868,1,0.0166666666666667,,2,7,6,2,167,0.343773575,6,0.02631579,1,0,0,0,0.0165293019512106
p8680,1,0.0166666666666667,,2,11,9,1,150,0,8,0.02631579,0.5,1,1,0,0.0165293019512106
p8681,0,0,,1,1,1,1,5,0.1925901,,,1,0,0,0,0
p8682,0,0,,1,1,1,1,24,0.6298666,,,1,0,0,0,0
p8683,1,0.0166666666666667,,2,13,10,1,110,0,9,0.02631579,0.5,0,0,0,0.0165293019512106
p8685,3,0.05,17.5083333333333,4,89,42,4,493.75,0.06060601,28.6666666666667,0.0526315783333333,1,1,1,1,0.048790164169432
p8686,1,0.0166666666666667,,1,1,1,1,150,1,7,0.02631579,1,0,0,0,0.0165293019512106
p8687,1,0.0166666666666667,,2,11,10,1,15,,9,0,0.5,1,1,1,0.0165293019512106
p8688,3,0.05,20.1666666666667,4,99,47,4,532.5,0.0342421075,31.6666666666667,0.0526315783333333,1,0,0,0,0.048790164169432
p8689,1,0.0166666666666667,,1,0,0,1,150,1,41.3333333333333,0.02631579,1,1,1,1,0.0165293019512106
p869,1,0.0166666666666667,,2,23,21,1,150,0,17,0.02631579,0.5,0,0,0,0.0165293019512106
p8690,3,0.05,25.1583333333333,3,67,57,3,475,0.333333333333333,41.3333333333333,0.0526315783333333,1,1,1,1,0.048790164169432
p8691,3,0.05,23.95,3,70,56,2,337.5,0,41,0.0526315783333333,0.666666666666667,0,0,0,0.048790164169432
p8692,1,0.0166666666666667,,2,14,13,2,72,0.4475905,13,0,1,1,1,0,0.0165293019512106
p8693,3,0.05,23.4833333333333,4,115,54,3,475,0,36.6666666666667,0.0526315783333333,0.75,0,0,0,0.048790164169432
p8694,3,0.05,19.9,4,102,47,3,475,0,32.3333333333333,0.0526315783333333,0.75,1,1,1,0.048790164169432
p8695,1,0.0166666666666667,,2,10,8,1,150,0,8,0.02631579,0.5,0,0,0,0.0165293019512106
p8696,3,0.05,23.5666666666667,4,109,54,3,420,0,35.3333333333333,0.0526315783333333,0.75,1,0,0,0.048790164169432
p8697,3,0.05,24.075,4,112,55,3,475,0,36,0.0526315783333333,0.75,1,1,1,0.048790164169432
p8698,1,0.0166666666666667,,2,6,5,2,238,0.337762415,5,0.02631579,1,1,1,1,0.0165293019512106
p8699,2,0.0333333333333333,49.0333333333333,3,65,57,2,375,0,31.5,0.039473685,0.666666666666667,0,0,0,0.0327898228229909
p87,3,0.05,24.7416666666667,4,118,56,3,441.666666666667,0,38.3333333333333,0.0526315783333333,0.75,1,1,1,0.048790164169432
p870,1,0.0166666666666667,,1,1,1,1,150,1,8,0.02631579,1,1,1,0,0.0165293019512106
p8700,1,0.0166666666666667,,2,6,6,2,155,0.099853175,6,0.02631579,1,0,0,0,0.0165293019512106
p8701,1,0.0166666666666667,,2,7,7,2,202,0.15777424,6,0.02631579,1,1,1,1,0.0165293019512106
p8702,2,0.0333333333333333,46.6666666666667,3,71,58,2,375,0,33,0.039473685,0.666666666666667,1,1,1,0.0327898228229909
p8703,1,0.0166666666666667,,2,9,8,2,150,0,7,0.02631579,1,0,0,0,0.0165293019512106
p8704,1,0.0166666666666667,,2,10,9,1,150,0,9,0.02631579,0.5,1,1,1,0.0165293019512106
p8705,1,0.0166666666666667,,2,9,8,2,120,0.23415165,7,0.02631579,1,1,1,0,0.0165293019512106
p8706,1,0.0166666666666667,,2,10,8,2,150,0,7,0.02631579,1,0,0,0,0.0165293019512106
p8707,1,0.0166666666666667,,2,9,8,2,186.5,0.091152205,7,0.02631579,1,0,0,0,0.0165293019512106
p8708,1,0.0166666666666667,,2,10,9,2,125,0.051121695,8,0.02631579,1,0,0,0,0.0165293019512106
p8709,1,0.0166666666666667,,2,14,12,1,150,0,11,0.02631579,0.5,1,0,0,0.0165293019512106
p871,1,0.0166666666666667,,2,6,5,2,191.5,0.067855505,5,0.02631579,1,0,0,0,0.0165293019512106
p8710,1,0.0166666666666667,,2,16,13,2,130.5,0.31562215,11,0.02631579,1,0,0,0,0.0165293019512106
p8712,1,0.0166666666666667,,2,16,15,2,193.5,0.1276293,14,0.02631579,1,1,1,1,0.0165293019512106
p8713,2,0.0333333333333333,44.4166666666667,2,8,7,1,150,0,28,0.039473685,0.5,1,1,1,0.0327898228229909
p8714,1,0.0166666666666667,,2,9,8,1,150,0,8,0.02631579,0.5,1,1,1,0.0165293019512106
p8715,3,0.05,17.3416666666667,4,86,41,3,475,0,27.6666666666667,0.0526315783333333,0.75,1,1,1,0.048790164169432
p8716,1,0.0166666666666667,,2,10,9,2,266.5,0.33068155,8,0.02631579,1,0,0,0,0.0165293019512106
p8717,1,0.0166666666666667,,2,13,10,2,260.5,0.288145275,9,0.02631579,1,0,0,0,0.0165293019512106
p8718,1,0.0166666666666667,,1,1,1,1,150,1,6,0.02631579,1,1,1,1,0.0165293019512106
p8719,2,0.0333333333333333,40.45,2,7,6,2,375,0.5,25.5,0.039473685,1,1,0,0,0.0327898228229909
p872,1,0.0166666666666667,,2,12,11,2,156,0.020386465,10,0.02631579,1,0,0,0,0.0165293019512106
p8720,1,0.0166666666666667,,2,12,11,1,0,0,9,0.02631579,0.5,1,0,0,0.0165293019512106
p8721,0,0,,1,1,1,1,13,0.30400977,,,1,0,0,0,0
p8723,1,0.0166666666666667,,2,9,8,1,150,0,7,0.02631579,0.5,0,0,0,0.0165293019512106
p8724,1,0.0166666666666667,,2,24,23,1,150,0,23,0.02631579,0.5,1,1,1,0.0165293019512106
p8725,1,0.0166666666666667,,2,14,12,1,150,0,11,0.02631579,0.5,1,1,1,0.0165293019512106
p8726,1,0.0166666666666667,,2,14,13,2,117,0.121130615,13,0.02631579,1,0,0,0,0.0165293019512106
p8727,3,0.05,23.8916666666667,3,59,51,3,475,0.333333333333333,37,0.0526315783333333,1,1,1,1,0.048790164169432
p8728,3,0.05,16.3583333333333,4,95,42,3,475,0,29,0.0526315783333333,0.75,0,0,0,0.048790164169432
p8729,1,0.0166666666666667,,2,13,12,1,150,0,11,0.02631579,0.5,0,0,0,0.0165293019512106
p873,11,0.183333333333333,1.87833333333333,6,151.280000000001,23,6,2286.36309090909,0.0909090909090909,18.0909090909091,0.129561403322221,1,0,0,0,0.168335314819215
p8730,1,0.0166666666666667,,2,23,16,1,150,0,16,0.02631579,0.5,1,1,0,0.0165293019512106
p8731,2,0.0333333333333333,50.25,2,9,8,2,375,0.5,32.5,0.039473685,1,1,1,0,0.0327898228229909
p8733,1,0.0166666666666667,,2,12,11,1,150,0,10,0.02631579,0.5,1,1,1,0.0165293019512106
p8735,1,0.0166666666666667,,2,12,10,1,150,0,10,0.02631579,0.5,0,0,0,0.0165293019512106
p8737,1,0.0166666666666667,,2,7,6,2,150,0.004186745,6,0.02631579,1,0,0,0,0.0165293019512106
p8738,1,0.0166666666666667,,2,10,8,2,193,0.24715785,7,0.02631579,1,1,1,1,0.0165293019512106
p8739,3,0.05,21.425,4,108,51,3,475,0,34.6666666666667,0.0526315783333333,0.75,1,1,1,0.048790164169432
p8740,1,0.0166666666666667,,2,10,9,1,150,0,9,0.02631579,0.5,1,0,0,0.0165293019512106
p8741,1,0.0166666666666667,,2,12,10,1,150,0,9,0.02631579,0.5,1,1,1,0.0165293019512106
p8742,1,0.0166666666666667,,2,10,9,1,150,0,9,0.02631579,0.5,1,1,1,0.0165293019512106
p8743,1,0.0166666666666667,,2,10,9,1,150,0,8,0.02631579,0.5,1,1,1,0.0165293019512106
p8744,1,0.0166666666666667,,2,11,11,2,155,0.026473965,11,0.02631579,1,0,0,0,0.0165293019512106
p8746,1,0.0166666666666667,,1,1,1,1,150,1,8,0.02631579,1,0,0,0,0.0165293019512106
p8748,1,0.0166666666666667,,1,1,1,1,60,1,9,0.02631579,1,1,1,1,0.0165293019512106
p8749,3,0.05,21.1166666666667,4,107,50,3,475,0,34.3333333333333,0.0526315783333333,0.75,1,1,1,0.048790164169432
p875,2,0.0333333333333333,6.5,3,43,29,2,77.5,0,16,0.013157895,0.666666666666667,0,0,0,0.0327898228229909
p8750,1,0.0166666666666667,,2,18,15,1,150,0,12,0.02631579,0.5,0,0,0,0.0165293019512106
p8751,1,0.0166666666666667,,1,1,1,1,150,1,5,0.02631579,1,0,0,0,0.0165293019512106
p8752,1,0.0166666666666667,,2,7,6,3,272.666666666667,0.305482775,6,0.02631579,1.5,1,1,1,0.0165293019512106
p8753,1,0.0166666666666667,,1,1,1,1,150,1,18,0.02631579,1,0,0,0,0.0165293019512106
p8756,0,0,,1,1,1,1,14.25,0.31517074,,,1,0,0,0,0
p8757,0,0,,1,2,2,0,,,,,0,1,0,0,0
p8759,1,0.0166666666666667,,2,8,7,2,302,0.3758819,6,0.02631579,1,0,0,0,0.0165293019512106
p876,1,0.0166666666666667,,2,11,10,2,100,0.180977015,10,0.02631579,1,1,0,0,0.0165293019512106
p8760,17,0.283333333333333,2.63645833333333,6,151.280000000001,43,6,443.823532970588,0.0666666666666667,23.3529411764706,0.129561403322221,1,1,1,1,0.249460859631583
p8761,1,0.0166666666666667,,2,14,12,1,150,0,11,0.02631579,0.5,0,0,0,0.0165293019512106
p8762,1,0.0166666666666667,,2,17,15,2,184,0.14574711,14,0.02631579,1,1,1,1,0.0165293019512106
p8763,1,0.0166666666666667,,2,11,10,2,239.5,0.28494065,9,0.02631579,1,0,0,0,0.0165293019512106
p8764,2,0.0333333333333333,43.6666666666667,3,63,54,2,375,0,28.5,0.039473685,0.666666666666667,1,1,0,0.0327898228229909
p8765,1,0.0166666666666667,,2,15,14,1,0,0,8,0.02631579,0.5,0,0,0,0.0165293019512106
p8766,3,0.05,25.4333333333333,4,125,59,3,475,0,41.3333333333333,0.0526315783333333,0.75,0,0,0,0.048790164169432
p8767,1,0.0166666666666667,,2,13,13,2,239,0.28865065,12,0.02631579,1,1,1,1,0.0165293019512106
p8768,3,0.05,19.1,3,47,41,3,475,0.333333333333333,29,0.0526315783333333,1,0,0,0,0.048790164169432
p877,1,0.0166666666666667,,2,8,7,1,150,0,6,0.02631579,0.5,0,0,0,0.0165293019512106
p8770,1,0.0166666666666667,,2,8,8,1,150,0,7,0.02631579,0.5,1,1,1,0.0165293019512106
p8771,2,0.0333333333333333,35.5666666666667,3,31,23,5,343.6,0.1261861772,24,0.039473685,1.66666666666667,0,0,0,0.0327898228229909
p8772,1,0.0166666666666667,,2,8,7,2,177,0.18821618,6,0.02631579,1,1,0,0,0.0165293019512106
p8773,1,0.0166666666666667,,1,0,0,1,150,1,5,0.02631579,1,1,1,1,0.0165293019512106
p8774,3,0.05,17.375,4,88,41,3,475,0,28.6666666666667,0.0526315783333333,0.75,0,0,0,0.048790164169432
p8775,3,0.05,21.8166666666667,3,61,50,3,458.333333333333,0.333333333333333,36.3333333333333,0.0526315783333333,1,1,0,0,0.048790164169432
p8776,0,0,,1,1,1,1,1,0.020444393,,,1,0,0,0,0
p8777,1,0.0166666666666667,,2,25,23,1,150,0,23,0.02631579,0.5,1,1,0,0.0165293019512106
p8778,1,0.0166666666666667,,2,11,9,2,174,0.158683675,9,0.02631579,1,0,0,0,0.0165293019512106
p8779,1,0.0166666666666667,,1,1,1,1,150,1,6,0.02631579,1,0,0,0,0.0165293019512106
p878,1,0.0166666666666667,,2,11,11,2,134.5,0.19074275,10,0.02631579,1,0,0,0,0.0165293019512106
p8780,4,0.0666666666666667,15.9777777777778,4,103,49,4,413.75,0.333333333333333,38.5,0.059210525,1,0,0,0,0.0645385211375712
p8781,1,0.0166666666666667,,2,18,16,1,150,0,16,0.02631579,0.5,0,0,0,0.0165293019512106
p8782,3,0.05,22.5083333333333,3,58,49,3,425,0.333333333333333,35.6666666666667,0.0526315783333333,1,1,1,0,0.048790164169432
p8783,3,0.05,23.1,5,96,39,6,237.833333333333,0.0033340686,28.3333333333333,0.0526315783333333,1.2,1,1,1,0.048790164169432
p8784,1,0.0166666666666667,,2,9,8,2,163.5,0.31351205,8,0.02631579,1,1,1,1,0.0165293019512106
p8785,1,0.0166666666666667,,2,7,7,2,310.5,0.4074902,6,0.02631579,1,1,1,1,0.0165293019512106
p8786,0,0,,1,3,3,1,4,0.2633902,,,1,1,1,1,0
p8788,0,0,,1,1,1,1,0,0.06988639,,,1,1,1,1,0
p879,1,0.0166666666666667,,2,13,12,1,50,0,11,0.02631579,0.5,0,0,0,0.0165293019512106
p8790,1,0.0166666666666667,,2,9,8,1,150,0,8,0.02631579,0.5,1,0,0,0.0165293019512106
p8791,3,0.05,23.7416666666667,4,120,56,3,475,0,39,0.0526315783333333,0.75,1,1,1,0.048790164169432
p8792,1,0.0166666666666667,,2,20,19,1,150,0,19,0.02631579,0.5,0,0,0,0.0165293019512106
p8793,1,0.0166666666666667,,2,7,7,2,179,0.1397097,5,0.02631579,1,0,0,0,0.0165293019512106
p8794,1,0.0166666666666667,,2,10,9,2,151,0.0259231535,8,0.02631579,1,0,0,0,0.0165293019512106
p8795,1,0.0166666666666667,,2,13,12,1,135,0,12,0.02631579,0.5,1,1,1,0.0165293019512106
p8796,2,0.0333333333333333,52.0166666666667,2,12,9,1,150,0,33,0.039473685,0.5,1,1,1,0.0327898228229909
p8797,2,0.0333333333333333,23.6833333333333,3,36,28,2,203,0,18.5,0.039473685,0.666666666666667,1,1,1,0.0327898228229909
p8798,1,0.0166666666666667,,2,10,9,1,10,0,7,0.02631579,0.5,1,1,0,0.0165293019512106
p8799,1,0.0166666666666667,,2,9,8,1,150,0,8,0.02631579,0.5,0,0,0,0.0165293019512106
p88,2,0.0333333333333333,47.9166666666667,2,12,11,2,332.5,0.5,34,0.039473685,1,1,1,1,0.0327898228229909
p880,1,0.0166666666666667,,2,10,9,1,150,0,8,0.02631579,0.5,0,0,0,0.0165293019512106
p8800,3,0.05,21.7333333333333,4,110,51,3,335,0,35,0.0526315783333333,0.75,0,0,0,0.048790164169432
p8801,1,0.0166666666666667,,2,9,9,1,150,0,8,0.02631579,0.5,1,0,0,0.0165293019512106
p8802,46,0.766666666666667,1.29,6,151.280000000001,53,6,4533.722396,0,20.695652173913,0.129561403322221,0.957446808510638,0,0,0,0.569094531889967
p8803,0,0,,1,2,2,0,,,,,0,1,0,0,0
p8804,4,0.0666666666666667,15.1722222222222,5,91,53,5,294.6,0.042149392,22.5,0.03947368375,1,1,1,1,0.0645385211375712
p8806,1,0.0166666666666667,,2,9,7,2,237.5,0.27692595,6,0.02631579,1,0,0,0,0.0165293019512106
p8807,1,0.0166666666666667,,2,39,37,2,44,0.9707862,41.3333333333333,0,1,0,0,0,0.0165293019512106
p8808,2,0.0333333333333333,38.35,2,8,7,2,375,0.5,26,0.039473685,1,1,1,1,0.0327898228229909
p8809,1,0.0166666666666667,,1,2,2,1,150,1,13,0.02631579,1,1,1,1,0.0165293019512106
p881,1,0.0166666666666667,,2,10,9,2,231,0.2256131,8,0.02631579,1,1,1,1,0.0165293019512106
p8811,2,0.0333333333333333,4.81666666666667,3,21,13,3,115,0.00690227266666667,9.5,0.013157895,1,1,1,1,0.0327898228229909
p8812,1,0.0166666666666667,,2,9,8,2,302.5,0.3949206,8,0.02631579,1,1,1,1,0.0165293019512106
p8813,1,0.0166666666666667,,2,14,10,1,150,0,10,0.02631579,0.5,1,1,1,0.0165293019512106
p8814,1,0.0166666666666667,,2,17,13,2,175,0.10334157,13,0.02631579,1,1,0,0,0.0165293019512106
p8815,1,0.0166666666666667,,2,11,10,2,116.5,0.2565258,9,0.02631579,1,1,1,1,0.0165293019512106
p8816,1,0.0166666666666667,,2,13,12,2,200.5,0.15953453,10,0.02631579,1,1,1,1,0.0165293019512106
p8817,1,0.0166666666666667,,2,13,11,1,150,0,11,0.02631579,0.5,1,0,0,0.0165293019512106
p8818,1,0.0166666666666667,,2,9,8,1,150,0,8,0.02631579,0.5,1,0,0,0.0165293019512106
p8819,1,0.0166666666666667,,2,8,7,1,150,0,6,0.02631579,0.5,0,0,0,0.0165293019512106
p882,1,0.0166666666666667,,2,8,7,2,192.5,0.106655485,6,0.02631579,1,0,0,0,0.0165293019512106
p8820,0,0,,1,3,3,0,,,,,0,1,1,1,0
p8821,1,0.0166666666666667,,2,11,9,1,150,0,9,0.02631579,0.5,1,1,1,0.0165293019512106
p8822,1,0.0166666666666667,,2,9,8,2,15,0.0031396071,8,0,1,0,0,0,0.0165293019512106
p8823,1,0.0166666666666667,,2,9,9,1,150,0,8,0.02631579,0.5,1,1,1,0.0165293019512106
p8824,3,0.05,18.3833333333333,4,91,43,4,536,0.031352065,29.6666666666667,0.0526315783333333,1,1,1,1,0.048790164169432
p8825,2,0.0333333333333333,49.3166666666667,3,70,59,2,350,0,33.5,0.039473685,0.666666666666667,1,1,0,0.0327898228229909
p8826,1,0.0166666666666667,,2,12,10,2,150,0.061591165,10,0.02631579,1,0,0,0,0.0165293019512106
p8827,3,0.05,23.9166666666667,4,121,57,3,425,0,39.6666666666667,0.0526315783333333,0.75,0,0,0,0.048790164169432
p8828,1,0.0166666666666667,,2,13,13,2,150,0,12,0.02631579,1,1,1,1,0.0165293019512106
p8829,3,0.05,24.4,4,116,55,3,348.333333333333,0,37.6666666666667,0.0526315783333333,0.75,1,1,1,0.048790164169432
p883,1,0.0166666666666667,,2,8,8,2,79,0.12624485,7,0.02631579,1,1,1,1,0.0165293019512106
p8830,1,0.0166666666666667,,2,12,11,1,25,0,9,0.02631579,0.5,1,1,0,0.0165293019512106
p8831,2,0.0333333333333333,40.6,2,8,7,2,375,0.5,26.5,0.039473685,1,1,1,1,0.0327898228229909
p8832,1,0.0166666666666667,,2,14,11,2,305,0.41905325,10,0.02631579,1,0,0,0,0.0165293019512106
p8833,1,0.0166666666666667,,2,14,11,2,244.5,0.19368981,10,0.02631579,1,1,1,1,0.0165293019512106
p8834,1,0.0166666666666667,,2,8,7,2,229,0.133382,6,0.02631579,1,0,0,0,0.0165293019512106
p8835,3,0.05,18.7083333333333,3,49,42,3,238.333333333333,0.333333333333333,31,0.0526315783333333,1,1,1,1,0.048790164169432
p8836,1,0.0166666666666667,,2,9,8,2,177,0.052693162,7,0.02631579,1,1,0,0,0.0165293019512106
p8837,1,0.0166666666666667,,2,77,44,1,150,0,41.3333333333333,0.02631579,0.5,1,1,1,0.0165293019512106
p8838,3,0.05,16.6916666666667,3,46,37,3,475,0.333333333333333,27.3333333333333,0.0526315783333333,1,0,0,0,0.048790164169432
p8839,1,0.0166666666666667,,2,9,8,2,168.5,0.05332213,8,0.02631579,1,0,0,0,0.0165293019512106
p884,1,0.0166666666666667,,2,11,10,1,150,0,10,0.02631579,0.5,0,0,0,0.0165293019512106
p8840,0,0,,1,2,2,0,,,,,0,0,0,0,0
p8841,1,0.0166666666666667,,2,6,6,2,301.5,0.3865131,6,0.02631579,1,0,0,0,0.0165293019512106
p8842,1,0.0166666666666667,,2,9,8,2,202.5,0.145671425,8,0.02631579,1,1,1,1,0.0165293019512106
p8843,1,0.0166666666666667,,2,36,33,1,150,0,33,0.02631579,0.5,0,0,0,0.0165293019512106
p8844,1,0.0166666666666667,,2,11,10,2,183,0.07839468,9,0.02631579,1,1,0,0,0.0165293019512106
p8845,3,0.05,17.1583333333333,4,89,41,3,281.666666666667,0,28.6666666666667,0.0526315783333333,0.75,1,1,1,0.048790164169432
p8846,1,0.0166666666666667,,2,19,18,1,150,0,17,0.02631579,0.5,1,0,0,0.0165293019512106
p8847,1,0.0166666666666667,,2,13,11,2,166.5,0.05013792,10,0.02631579,1,1,1,0,0.0165293019512106
p8848,1,0.0166666666666667,,2,28,28,1,150,0,28,0.02631579,0.5,1,1,1,0.0165293019512106
p8849,1,0.0166666666666667,,2,12,11,2,198,0.121596335,11,0.02631579,1,0,0,0,0.0165293019512106
p885,3,0.05,22.375,3,67,50,3,325,0.333333333333333,36,0.0526315783333333,1,1,0,0,0.048790164169432
p8850,1,0.0166666666666667,,2,8,7,2,129.5,0.11357893,6,0.02631579,1,0,0,0,0.0165293019512106
p8851,3,0.05,17.0166666666667,4,77,37,4,360,0.077393615,24,0.0526315783333333,1,1,1,1,0.048790164169432
p8852,0,0,,1,1,1,1,49,0.99991137,,,1,1,1,1,0
p8853,1,0.0166666666666667,,1,1,1,1,150,1,9,0.02631579,1,0,0,0,0.0165293019512106
p8854,1,0.0166666666666667,,2,21,14,1,150,0,14,0.02631579,0.5,1,1,1,0.0165293019512106
p8855,1,0.0166666666666667,,3,46,26,2,150,0,17,0.02631579,0.666666666666667,1,1,1,0.0165293019512106
p8856,3,0.05,24.35,4,124,58,3,475,0,40.3333333333333,0.0526315783333333,0.75,0,0,0,0.048790164169432
p8857,1,0.0166666666666667,,2,8,7,2,251.5,0.19657495,7,0.02631579,1,1,1,1,0.0165293019512106
p8858,2,0.0333333333333333,49.2833333333333,3,66,58,2,330,0,31.5,0.039473685,0.666666666666667,0,0,0,0.0327898228229909
p8859,2,0.0333333333333333,11.35,3,86,48,2,90,0,41.3333333333333,0.013157895,0.666666666666667,1,1,1,0.0327898228229909
p886,2,0.0333333333333333,49.85,2,8,7,2,247.5,0.5,31,0.039473685,1,0,0,0,0.0327898228229909
p8860,3,0.05,22.9333333333333,4,114,54,3,475,0,37.6666666666667,0.0526315783333333,0.75,1,1,1,0.048790164169432
p8861,1,0.0166666666666667,,2,12,10,1,150,0,9,0.02631579,0.5,1,1,1,0.0165293019512106
p8864,2,0.0333333333333333,46.4666666666667,3,63,54,2,375,0,30,0.039473685,0.666666666666667,0,0,0,0.0327898228229909
p8865,1,0.0166666666666667,,2,13,10,1,150,0,9,0.02631579,0.5,0,0,0,0.0165293019512106
p8866,1,0.0166666666666667,,2,10,10,2,136.5,0.12124422,10,0.02631579,1,1,1,1,0.0165293019512106
p8868,1,0.0166666666666667,,2,15,14,1,150,0,14,0.02631579,0.5,1,1,1,0.0165293019512106
p8869,1,0.0166666666666667,,2,10,9,1,150,0,8,0.02631579,0.5,1,1,1,0.0165293019512106
p887,1,0.0166666666666667,,1,1,1,1,150,,6,0.02631579,1,0,0,0,0.0165293019512106
p8870,1,0.0166666666666667,,2,14,13,1,150,0,13,0.02631579,0.5,1,1,1,0.0165293019512106
p8871,1,0.0166666666666667,,2,8,7,1,150,0,7,0.02631579,0.5,1,0,0,0.0165293019512106
p8872,1,0.0166666666666667,,2,60,37,1,150,0,36,0.02631579,0.5,1,1,1,0.0165293019512106
p8873,1,0.0166666666666667,,2,16,16,1,150,0,15,0.02631579,0.5,0,0,0,0.0165293019512106
p8874,13,0.216666666666667,0.975,6,94,13,6,4598.42763357143,0.0677913471428571,7.15384615384615,0.129561403322221,1,0,0,0,0.19611487892629
p8875,1,0.0166666666666667,,1,1,1,1,150,1,6,0.02631579,1,0,0,0,0.0165293019512106
p8876,3,0.05,22.0666666666667,4,104,50,3,475,0,34.3333333333333,0.0526315783333333,0.75,1,1,0,0.048790164169432
p8877,1,0.0166666666666667,,2,33,31,1,150,0,11,0.02631579,0.5,1,1,1,0.0165293019512106
p8878,1,0.0166666666666667,,2,10,8,1,150,0,8,0.02631579,0.5,0,0,0,0.0165293019512106
p8879,1,0.0166666666666667,,2,12,10,1,150,0,9,0.02631579,0.5,1,1,1,0.0165293019512106
p888,0,0,,1,0,0,1,1,0.25145233,,,1,1,1,1,0
p8880,1,0.0166666666666667,,1,1,1,1,150,1,7,0.02631579,1,0,0,0,0.0165293019512106
p8881,1,0.0166666666666667,,2,20,15,1,150,0,15,0.02631579,0.5,0,0,0,0.0165293019512106
p8882,1,0.0166666666666667,,2,8,8,2,132.5,0.24124785,7,0.02631579,1,1,1,0,0.0165293019512106
p8883,3,0.05,19.4916666666667,3,56,45,3,265,0.333333333333333,32.6666666666667,0.0526315783333333,1,1,1,1,0.048790164169432
p8884,1,0.0166666666666667,,1,1,1,1,150,1,8,0.02631579,1,0,0,0,0.0165293019512106
p8885,0,0,,1,1,1,1,4,0.019867076,,,1,1,1,1,0
p8886,3,0.05,23.1083333333333,4,112,53,3,475,0,36,0.0526315783333333,0.75,1,1,1,0.048790164169432
p8887,1,0.0166666666666667,,2,14,13,2,88.5,0.15177417,13,0.02631579,1,0,0,0,0.0165293019512106
p8888,1,0.0166666666666667,,2,8,7,1,150,0,7,0.02631579,0.5,1,1,1,0.0165293019512106
p8889,1,0.0166666666666667,,2,7,6,2,147,0.16230315,5,0.02631579,1,1,1,1,0.0165293019512106
p889,1,0.0166666666666667,,2,36,32,1,150,0,11,0.02631579,0.5,1,1,1,0.0165293019512106
p8890,1,0.0166666666666667,,2,8,7,2,150,0.28557485,6,0.02631579,1,0,0,0,0.0165293019512106
p8891,2,0.0333333333333333,31.0666666666667,2,9,8,2,375,0.5,22.5,0.039473685,1,1,1,1,0.0327898228229909
p8892,0,0,,1,1,1,1,0.25,0.18280357,,,1,0,0,0,0
p8893,3,0.05,23.2333333333333,4,117,55,4,457.5,0.00249511775,38.3333333333333,0.0526315783333333,1,1,0,0,0.048790164169432
p8894,1,0.0166666666666667,,2,20,19,1,150,0,19,0.02631579,0.5,1,1,1,0.0165293019512106
p8895,1,0.0166666666666667,,1,1,1,1,150,1,6,0.02631579,1,0,0,0,0.0165293019512106
p8896,1,0.0166666666666667,,2,16,14,2,185,0.09612172,14,0.02631579,1,1,1,1,0.0165293019512106
p8897,1,0.0166666666666667,,2,14,12,1,150,0,11,0.02631579,0.5,0,0,0,0.0165293019512106
p8899,2,0.0333333333333333,45.75,3,73,58,2,330,0,33.5,0.039473685,0.666666666666667,1,1,1,0.0327898228229909
p89,3,0.05,20.9083333333333,4,123,53,3,475,0,38,0.0526315783333333,0.75,1,1,1,0.048790164169432
p890,1,0.0166666666666667,,2,12,11,2,268.5,0.394464165,10,0.02631579,1,1,1,1,0.0165293019512106
p8900,1,0.0166666666666667,,2,22,18,1,75,0,17,0.02631579,0.5,0,0,0,0.0165293019512106
p8902,1,0.0166666666666667,,2,10,9,2,220,0.14341655,9,0.02631579,1,1,1,1,0.0165293019512106
p8903,1,0.0166666666666667,,2,10,9,1,150,0,8,0.02631579,0.5,0,0,0,0.0165293019512106
p8904,1,0.0166666666666667,,2,16,15,1,150,0,14,0.02631579,0.5,1,1,1,0.0165293019512106
p8905,0,0,,1,2,2,1,1,0.042329095,,,1,0,0,0,0
p8906,2,0.0333333333333333,49.35,3,70,59,2,362.5,0,34,0.039473685,0.666666666666667,0,0,0,0.0327898228229909
p8908,1,0.0166666666666667,,1,1,1,1,150,1,5,0.02631579,1,0,0,0,0.0165293019512106
p8909,1,0.0166666666666667,,2,13,10,2,223.5,0.20181653,9,0.02631579,1,0,0,0,0.0165293019512106
p891,1,0.0166666666666667,,1,1,1,1,150,1,7,0.02631579,1,0,0,0,0.0165293019512106
p8910,3,0.05,23.0416666666667,4,108,52,3,475,0,35,0.0526315783333333,0.75,1,0,0,0.048790164169432
p8911,1,0.0166666666666667,,1,1,1,1,150,1,9,0.02631579,1,1,1,1,0.0165293019512106
p8912,3,0.05,24.2166666666667,4,113,54,3,475,0,37,0.0526315783333333,0.75,1,1,0,0.048790164169432
p8913,1,0.0166666666666667,,2,17,14,1,150,0,10,0.02631579,0.5,1,1,1,0.0165293019512106
p8914,6,0.1,3.5,6,33,9,6,889.625,0.09308233,4.9225,0.0921052625,1.14285714285714,1,1,0,0.0953101798043249
p8915,1,0.0166666666666667,,1,1,1,1,150,1,10,0.02631579,1,0,0,0,0.0165293019512106
p8918,1,0.0166666666666667,,1,1,1,1,135,1,14,0.02631579,1,0,0,0,0.0165293019512106
p892,1,0.0166666666666667,,1,6,6,3,266.333333333333,0.20626574,7,0.05263158,3,1,1,1,0.0165293019512106
p8920,3,0.05,21.7416666666667,3,78,57,2,285,0,41.3333333333333,0.0526315783333333,0.666666666666667,1,1,1,0.048790164169432
p8922,1,0.0166666666666667,,2,11,10,1,100,0,9,0.02631579,0.5,0,0,0,0.0165293019512106
p8923,36,0.6,1.49047619047619,6,151.280000000001,51,6,8260.32948996292,0.0277777777777778,24.1666666666667,0.129561403322221,0.972972972972973,1,1,1,0.470003629245736
p8924,2,0.0333333333333333,52.3666666666667,2,8,7,1,150,0,33,0.039473685,0.5,1,1,1,0.0327898228229909
p8925,4,0.0666666666666667,17.0111111111111,4,63,30,4,643.75,0.25,28.75,0.06578947375,1,1,1,1,0.0645385211375712
p8926,0,0,,1,0,0,2,0,0.0267934675,,,2,0,0,0,0
p8927,1,0.0166666666666667,,2,10,9,2,201,0.351326525,8,0.02631579,1,1,1,1,0.0165293019512106
p8928,2,0.0333333333333333,7.78333333333333,2,7,6,2,90,0.5,10,0.013157895,1,0,0,0,0.0327898228229909
p8929,3,0.05,19.9416666666667,4,99,47,3,475,0,32,0.0526315783333333,0.75,1,1,1,0.048790164169432
p893,1,0.0166666666666667,,2,13,8,2,85,0.21095778,4.9225,0.02631579,1,1,0,0,0.0165293019512106
p8930,1,0.0166666666666667,,1,1,1,1,150,1,7,0.02631579,1,0,0,0,0.0165293019512106
p8931,1,0.0166666666666667,,2,13,11,1,150,0,9,0.02631579,0.5,0,0,0,0.0165293019512106
p8932,2,0.0333333333333333,46.5166666666667,2,11,9,1,150,0,31.5,0.039473685,0.5,1,1,0,0.0327898228229909
p8933,3,0.05,22.0416666666667,4,108,52,3,475,0,35,0.0526315783333333,0.75,0,0,0,0.048790164169432
p8934,3,0.05,19.9833333333333,4,97,46,3,365,0,32,0.0526315783333333,0.75,1,1,1,0.048790164169432
p8935,3,0.05,23.75,4,112,54,3,475,0,36.6666666666667,0.0526315783333333,0.75,1,1,1,0.048790164169432
p8936,3,0.05,21.4416666666667,4,107,50,3,475,0,35,0.0526315783333333,0.75,1,1,1,0.048790164169432
p8937,1,0.0166666666666667,,2,10,9,1,150,0,8,0.02631579,0.5,1,1,0,0.0165293019512106
p8938,1,0.0166666666666667,,2,10,8,1,150,0,8,0.02631579,0.5,0,0,0,0.0165293019512106
p8939,1,0.0166666666666667,,2,16,14,2,216.5,0.13520235,13,0.02631579,1,1,1,1,0.0165293019512106
p894,1,0.0166666666666667,,2,11,10,2,185,0.09727143,10,0.02631579,1,1,1,1,0.0165293019512106
p8940,1,0.0166666666666667,,2,19,16,2,159,0.024962619,16,0.02631579,1,1,1,1,0.0165293019512106
p8941,3,0.05,20.9583333333333,4,97,47,3,475,0,31.6666666666667,0.0526315783333333,0.75,1,1,1,0.048790164169432
p8942,1,0.0166666666666667,,2,12,10,1,60,0,9,0.02631579,0.5,1,1,1,0.0165293019512106
p8943,0,0,,1,0,0,1,28,0.65154624,,,1,1,1,1,0
p8944,1,0.0166666666666667,,2,10,9,1,150,0,7,0.02631579,0.5,0,0,0,0.0165293019512106
p8945,2,0.0333333333333333,50.5,3,68,58,2,375,0,32,0.039473685,0.666666666666667,0,0,0,0.0327898228229909
p8946,0,0,,1,1,1,0,,,,,0,0,0,0,0
p8947,1,0.0166666666666667,,2,10,9,1,150,0,9,0.02631579,0.5,1,1,1,0.0165293019512106
p8948,1,0.0166666666666667,,2,34,25,2,189,0.06290163,17,0.02631579,1,1,1,1,0.0165293019512106
p8949,1,0.0166666666666667,,2,9,8,2,150,0.0036854225,8,0.02631579,1,1,1,0,0.0165293019512106
p895,1,0.0166666666666667,,2,12,11,1,150,0,10,0.02631579,0.5,1,1,1,0.0165293019512106
p8950,1,0.0166666666666667,,2,9,7,1,150,0,6,0.02631579,0.5,1,1,1,0.0165293019512106
p8951,1,0.0166666666666667,,2,14,11,2,210.5,0.11497046,11,0.02631579,1,1,1,1,0.0165293019512106
p8952,3,0.05,20.8916666666667,3,55,46,3,475,0.333333333333333,33.6666666666667,0.0526315783333333,1,1,0,0,0.048790164169432
p8953,1,0.0166666666666667,,2,11,10,1,150,0,7,0.02631579,0.5,1,1,0,0.0165293019512106
p8954,1,0.0166666666666667,,2,8,7,2,208.5,0,7,0.02631579,1,1,1,1,0.0165293019512106
p8955,1,0.0166666666666667,,2,20,18,2,159.5,0.1491793,17,0.02631579,1,0,0,0,0.0165293019512106
p8956,1,0.0166666666666667,,2,37,25,1,150,0,23,0.02631579,0.5,1,1,1,0.0165293019512106
p8957,2,0.0333333333333333,37.0166666666667,2,9,7,1,150,0,24.5,0.039473685,0.5,1,1,1,0.0327898228229909
p8958,3,0.05,8.68333333333333,3,42,26,3,160,1,23.3333333333333,0.02631579,1,1,1,1,0.048790164169432
p8959,1,0.0166666666666667,,2,9,8,1,60,0,7,0.02631579,0.5,1,1,1,0.0165293019512106
p8960,2,0.0333333333333333,44.1,2,9,8,2,255,0.5,29,0.039473685,1,1,1,1,0.0327898228229909
p8961,3,0.05,18.2,4,92,43,3,475,0,29.6666666666667,0.0526315783333333,0.75,1,0,0,0.048790164169432
p8962,1,0.0166666666666667,,2,16,14,1,15,,14,0,0.5,0,0,0,0.0165293019512106
p8963,1,0.0166666666666667,,2,12,10,1,150,0,9,0.02631579,0.5,1,1,1,0.0165293019512106
p8964,1,0.0166666666666667,,2,12,11,1,150,0,11,0.02631579,0.5,1,1,1,0.0165293019512106
p8965,1,0.0166666666666667,,2,19,19,2,63,0.16571373,18,0,1,0,0,0,0.0165293019512106
p8966,1,0.0166666666666667,,2,9,8,2,264,0.3077842,8,0.02631579,1,1,1,1,0.0165293019512106
p8967,0,0,,1,2,2,1,4,0.127337,,,1,0,0,0,0
p8968,1,0.0166666666666667,,2,15,10,1,150,0,10,0.02631579,0.5,1,0,0,0.0165293019512106
p8969,2,0.0333333333333333,8.05,3,26,17,3,115,0,13,0.013157895,1,0,0,0,0.0327898228229909
p897,1,0.0166666666666667,,2,8,8,2,150,0,8,0.02631579,1,1,1,1,0.0165293019512106
p8970,1,0.0166666666666667,,2,10,8,1,150,0,8,0.02631579,0.5,1,1,1,0.0165293019512106
p8971,1,0.0166666666666667,,2,10,9,1,150,0,7,0.02631579,0.5,1,1,1,0.0165293019512106
p8972,2,0.0333333333333333,26.3166666666667,3,35,26,3,2385.66666666667,0.0668705,18,0.039473685,1,0,0,0,0.0327898228229909
p8973,3,0.05,20.7333333333333,3,29,17,3,265,0.333333333333333,24.3333333333333,0.02631579,1,1,1,0,0.048790164169432
p8974,1,0.0166666666666667,,1,2,2,1,150,1,10,0.02631579,1,0,0,0,0.0165293019512106
p8975,1,0.0166666666666667,,2,19,15,2,137.5,0.05760652,15,0.02631579,1,1,1,1,0.0165293019512106
p8976,2,0.0333333333333333,46.55,3,70,57,2,375,0,33,0.039473685,0.666666666666667,1,1,1,0.0327898228229909
p8977,1,0.0166666666666667,,2,11,9,1,150,0,8,0.02631579,0.5,1,1,1,0.0165293019512106
p8978,1,0.0166666666666667,,2,15,12,1,150,0,11,0.02631579,0.5,1,1,1,0.0165293019512106
p8979,1,0.0166666666666667,,1,1,1,1,150,1,7,0.02631579,1,1,1,1,0.0165293019512106
p898,1,0.0166666666666667,,2,18,15,2,54,0.072173925,12,0.02631579,1,1,0,0,0.0165293019512106
p8980,0,0,,1,1,1,1,38.5,0.0696114,,,1,1,1,1,0
p8981,14,0.233333333333333,4.13846153846154,6,151.280000000001,59,6,2908.92828571429,0,27.9285714285714,0.129561403322221,0.933333333333333,1,1,0,0.209720530982069
p8982,0,0,,1,4,4,1,1,0.94087094,,,1,1,1,1,0
p8983,1,0.0166666666666667,,2,3,3,2,172.5,0.078191915,4.9225,0.02631579,1,0,0,0,0.0165293019512106
p8984,1,0.0166666666666667,,2,6,6,2,265,0.25704828,5,0.02631579,1,1,1,1,0.0165293019512106
p8985,2,0.0333333333333333,39.0833333333333,2,8,6,2,375,0.5,25.5,0.039473685,1,1,1,1,0.0327898228229909
p8986,1,0.0166666666666667,,2,4,4,2,205,0.192424475,4.9225,0.02631579,1,1,1,1,0.0165293019512106
p8987,1,0.0166666666666667,,2,10,8,1,150,0,8,0.02631579,0.5,1,1,1,0.0165293019512106
p8988,3,0.05,21.5833333333333,4,129,56,3,475,0,39.6666666666667,0.0526315783333333,0.75,1,1,0,0.048790164169432
p8989,1,0.0166666666666667,,2,37,32,1,150,0,19,0.02631579,0.5,1,1,1,0.0165293019512106
p8990,1,0.0166666666666667,,2,26,22,1,150,0,12,0.02631579,0.5,1,0,0,0.0165293019512106
p8991,1,0.0166666666666667,,2,4,4,1,150,0,4.9225,0.02631579,0.5,1,1,1,0.0165293019512106
p8992,1,0.0166666666666667,,2,9,8,2,210,0.14247605,8,0.02631579,1,1,1,1,0.0165293019512106
p8993,1,0.0166666666666667,,2,14,13,1,60,0,12,0.02631579,0.5,1,1,1,0.0165293019512106
p8994,1,0.0166666666666667,,2,11,9,1,150,0,8,0.02631579,0.5,0,0,0,0.0165293019512106
p8995,1,0.0166666666666667,,2,12,10,1,150,0,10,0.02631579,0.5,0,0,0,0.0165293019512106
p8996,1,0.0166666666666667,,2,20,17,1,150,0,16,0.02631579,0.5,0,0,0,0.0165293019512106
p8997,0,0,,1,1,1,1,0.5,0.062092252,,,1,0,0,0,0
p8998,1,0.0166666666666667,,1,1,1,1,150,1,7,0.02631579,1,1,1,1,0.0165293019512106
p9,1,0.0166666666666667,,2,17,16,2,209,0.19477771,15,0.02631579,1,1,1,1,0.0165293019512106
p90,0,0,,1,0,0,1,0,0.07834971,,,1,0,0,0,0
p900,1,0.0166666666666667,,1,18,18,0,,,27,0.02631579,0,0,0,0,0.0165293019512106
p9000,1,0.0166666666666667,,2,14,10,1,150,0,10,0.02631579,0.5,1,1,1,0.0165293019512106
p9001,1,0.0166666666666667,,2,12,10,1,150,0,10,0.02631579,0.5,1,1,1,0.0165293019512106
p9002,1,0.0166666666666667,,1,2,2,1,150,,18,0.02631579,1,0,0,0,0.0165293019512106
p9004,0,0,,1,1,1,1,15,0.50542283,,,1,1,1,1,0
p9005,2,0.0333333333333333,50.1666666666667,3,66,57,2,375,0,32,0.039473685,0.666666666666667,1,1,1,0.0327898228229909
p9006,1,0.0166666666666667,,2,17,15,1,150,0,14,0.02631579,0.5,1,1,1,0.0165293019512106
p9008,2,0.0333333333333333,49.5166666666667,2,11,10,2,375,0.5,34,0.039473685,1,1,1,1,0.0327898228229909
p9009,1,0.0166666666666667,,2,51,30,1,150,0,28,0.02631579,0.5,0,0,0,0.0165293019512106
p901,1,0.0166666666666667,,2,10,8,2,214,0.229508815,7,0.02631579,1,1,1,1,0.0165293019512106
p9010,1,0.0166666666666667,,2,15,11,1,150,0,10,0.02631579,0.5,0,0,0,0.0165293019512106
p9011,3,0.05,23.5666666666667,4,110,53,3,475,0,36.6666666666667,0.0526315783333333,0.75,0,0,0,0.048790164169432
p9012,1,0.0166666666666667,,2,28,27,1,150,0,9,0.02631579,0.5,1,1,1,0.0165293019512106
p9013,1,0.0166666666666667,,1,3,3,1,150,1,10,0.02631579,1,1,1,1,0.0165293019512106
p9014,1,0.0166666666666667,,2,20,16,1,150,0,15,0.02631579,0.5,1,1,1,0.0165293019512106
p9015,1,0.0166666666666667,,2,8,7,2,162.875,0.1211952,7,0.02631579,1,1,1,1,0.0165293019512106
p9016,1,0.0166666666666667,,2,11,10,2,157.25,0.88891774,9,0.02631579,1,0,0,0,0.0165293019512106
p9017,1,0.0166666666666667,,2,16,12,2,272,0.3828622,12,0.02631579,1,0,0,0,0.0165293019512106
p9018,2,0.0333333333333333,46.4833333333333,2,9,8,2,360,0.5,30.5,0.039473685,1,0,0,0,0.0327898228229909
p9019,1,0.0166666666666667,,2,8,7,1,150,0,7,0.02631579,0.5,0,0,0,0.0165293019512106
p902,3,0.05,21.9416666666667,4,108,52,3,365,0,35.3333333333333,0.0526315783333333,0.75,1,1,0,0.048790164169432
p9021,1,0.0166666666666667,,2,11,9,2,189,0.15364095,9,0.02631579,1,0,0,0,0.0165293019512106
p9022,1,0.0166666666666667,,2,13,12,1,150,0,11,0.02631579,0.5,0,0,0,0.0165293019512106
p9023,1,0.0166666666666667,,2,6,6,2,174,0.03659092,5,0.02631579,1,0,0,0,0.0165293019512106
p9024,1,0.0166666666666667,,2,15,12,1,150,0,11,0.02631579,0.5,1,1,0,0.0165293019512106
p9025,1,0.0166666666666667,,2,11,9,2,203.5,0.18537754,8,0.02631579,1,1,1,1,0.0165293019512106
p9026,2,0.0333333333333333,8.51666666666667,3,45,24,2,90,0,19.5,0.013157895,0.666666666666667,0,0,0,0.0327898228229909
p9027,2,0.0333333333333333,41.25,2,8,7,2,375,0.5,27,0.039473685,1,1,1,1,0.0327898228229909
p9028,1,0.0166666666666667,,2,46,35,1,150,0,35,0.02631579,0.5,0,0,0,0.0165293019512106
p9029,0,0,,1,6,6,1,11,0.3211849,,,1,1,1,1,0
p903,1,0.0166666666666667,,2,5,4,2,84,0.14747074,4.9225,0.02631579,1,1,1,1,0.0165293019512106
p9030,1,0.0166666666666667,,2,8,7,1,150,0,7,0.02631579,0.5,1,1,1,0.0165293019512106
p9031,2,0.0333333333333333,8.05,3,29,17,2,90,0,12,0.013157895,0.666666666666667,1,1,1,0.0327898228229909
p9032,1,0.0166666666666667,,1,1,1,1,150,1,5,0.02631579,1,0,0,0,0.0165293019512106
p9033,1,0.0166666666666667,,2,8,7,2,175.5,0.060225935,7,0.02631579,1,0,0,0,0.0165293019512106
p9035,3,0.05,17.1083333333333,3,46,39,3,475,0.333333333333333,28,0.0526315783333333,1,0,0,0,0.048790164169432
p9036,2,0.0333333333333333,52.9,2,7,7,1,150,0,32.5,0.039473685,0.5,1,1,1,0.0327898228229909
p9037,1,0.0166666666666667,,1,1,1,1,150,1,7,0.02631579,1,0,0,0,0.0165293019512106
p9038,1,0.0166666666666667,,2,11,9,2,220.5,0.30470005,8,0.02631579,1,1,1,1,0.0165293019512106
p9039,3,0.05,19.7,4,95,46,3,345,0,31,0.0526315783333333,0.75,0,0,0,0.048790164169432
p904,2,0.0333333333333333,38.2666666666667,2,8,7,2,362.5,0.5,26,0.039473685,1,0,0,0,0.0327898228229909
p9040,1,0.0166666666666667,,2,12,11,2,206.5,0.2582697,9,0.02631579,1,0,0,0,0.0165293019512106
p9041,2,0.0333333333333333,49.5166666666667,2,10,9,2,310,0.5,33,0.039473685,1,0,0,0,0.0327898228229909
p9042,1,0.0166666666666667,,1,2,2,1,150,1,11,0.02631579,1,1,1,1,0.0165293019512106
p9043,3,0.05,21,3,51,45,3,128.333333333333,0.333333333333333,32,0.0526315783333333,1,0,0,0,0.048790164169432
p9045,2,0.0333333333333333,44.25,2,9,7,1,150,0,28.5,0.039473685,0.5,0,0,0,0.0327898228229909
p9046,3,0.05,25.9083333333333,3,63,55,3,475,0.333333333333333,40,0.0526315783333333,1,1,1,0,0.048790164169432
p9049,1,0.0166666666666667,,2,13,10,2,222,0.382718325,9,0.02631579,1,1,1,0,0.0165293019512106
p905,1,0.0166666666666667,,2,10,9,1,150,0,8,0.02631579,0.5,1,1,1,0.0165293019512106
p9050,3,0.05,15.05,4,73,35,3,475,0,24.3333333333333,0.0526315783333333,0.75,0,0,0,0.048790164169432
p9051,38,0.633333333333333,1.0527027027027,6,151.280000000001,42,6,4793.65047027027,0,21.1578947368421,0.129561403322221,0.973684210526316,1,1,0,0.490622916448471
p9052,1,0.0166666666666667,,2,15,14,2,210,0.2142719,13,0.02631579,1,0,0,0,0.0165293019512106
p9053,1,0.0166666666666667,,2,33,27,2,156,0.0082634345,25,0.02631579,1,1,1,1,0.0165293019512106
p9054,2,0.0333333333333333,51.4833333333333,2,10,8,1,150,0,32.5,0.039473685,0.5,1,1,1,0.0327898228229909
p9055,1,0.0166666666666667,,2,9,8,2,155.5,0.0201307425,5,0.02631579,1,1,1,1,0.0165293019512106
p9056,1,0.0166666666666667,,2,14,12,1,150,0,11,0.02631579,0.5,0,0,0,0.0165293019512106
p9057,1,0.0166666666666667,,2,10,8,2,150,0,8,0.02631579,1,1,1,1,0.0165293019512106
p9058,3,0.05,21.6666666666667,4,102,49,3,475,0,33.6666666666667,0.0526315783333333,0.75,0,0,0,0.048790164169432
p9059,1,0.0166666666666667,,2,10,10,1,150,0,9,0.02631579,0.5,0,0,0,0.0165293019512106
p906,1,0.0166666666666667,,2,13,13,2,168.5,0.022840418,5,0.02631579,1,1,1,1,0.0165293019512106
p9060,2,0.0333333333333333,30.1333333333333,3,45,35,3,186.333333333333,0.333333333333333,23,0.039473685,1,1,0,0,0.0327898228229909
p9061,1,0.0166666666666667,,2,15,13,2,196.5,0.19838545,12,0.02631579,1,1,1,0,0.0165293019512106
p9062,1,0.0166666666666667,,1,0,0,1,150,1,7,0.02631579,1,0,0,0,0.0165293019512106
p9063,1,0.0166666666666667,,1,1,1,1,150,1,7,0.02631579,1,0,0,0,0.0165293019512106
p9064,1,0.0166666666666667,,2,8,7,2,322,0.4464584,6,0.02631579,1,1,1,0,0.0165293019512106
p9065,1,0.0166666666666667,,2,12,12,2,20,0.18404764,11,0,1,0,0,0,0.0165293019512106
p9066,2,0.0333333333333333,45.35,3,78,58,2,362.5,0,35,0.039473685,0.666666666666667,0,0,0,0.0327898228229909
p9067,1,0.0166666666666667,,2,17,16,1,150,0,15,0.02631579,0.5,0,0,0,0.0165293019512106
p9068,1,0.0166666666666667,,2,9,8,1,150,0,8,0.02631579,0.5,1,1,1,0.0165293019512106
p9069,1,0.0166666666666667,,1,0,0,1,150,1,7,0.02631579,1,1,0,0,0.0165293019512106
p907,2,0.0333333333333333,40.9333333333333,4,133,58,3,258.333333333333,0,37.5,0.039473685,0.75,1,0,0,0.0327898228229909
p9070,1,0.0166666666666667,,2,13,11,2,211,0.140479685,10,0.02631579,1,0,0,0,0.0165293019512106
p9072,1,0.0166666666666667,,2,9,8,1,150,0,7,0.02631579,0.5,1,1,1,0.0165293019512106
p9073,1,0.0166666666666667,,2,10,9,2,125,0.236174075,8,0.02631579,1,1,1,1,0.0165293019512106
p9074,1,0.0166666666666667,,2,11,9,2,261,0.2594702,9,0.02631579,1,1,1,1,0.0165293019512106
p9075,1,0.0166666666666667,,2,10,8,2,174.5,0.106822655,7,0.02631579,1,0,0,0,0.0165293019512106
p9076,1,0.0166666666666667,,2,17,14,1,150,0,13,0.02631579,0.5,1,0,0,0.0165293019512106
p9077,3,0.05,25.25,4,110,56,3,415,0,36.6666666666667,0.0526315783333333,0.75,1,0,0,0.048790164169432
p9079,1,0.0166666666666667,,2,32,21,1,75,0,20,0.02631579,0.5,0,0,0,0.0165293019512106
p908,1,0.0166666666666667,,2,8,7,1,150,0,6,0.02631579,0.5,0,0,0,0.0165293019512106
p9080,1,0.0166666666666667,,2,10,9,1,150,0,8,0.02631579,0.5,1,0,0,0.0165293019512106
p9081,1,0.0166666666666667,,2,9,8,2,105,0.09190517,7,0.02631579,1,0,0,0,0.0165293019512106
p9082,1,0.0166666666666667,,2,6,5,2,133.5,0.1555921,5,0.02631579,1,0,0,0,0.0165293019512106
p9083,1,0.0166666666666667,,2,10,9,1,150,0,7,0.02631579,0.5,1,0,0,0.0165293019512106
p9084,1,0.0166666666666667,,2,9,8,1,150,0,7,0.02631579,0.5,1,0,0,0.0165293019512106
p9085,1,0.0166666666666667,,2,18,15,1,150,0,14,0.02631579,0.5,0,0,0,0.0165293019512106
p9086,3,0.05,24.5,3,63,53,3,475,0.333333333333333,38.3333333333333,0.0526315783333333,1,1,1,1,0.048790164169432
p9087,3,0.05,23.4083333333333,4,110,53,3,415,0,35.3333333333333,0.0526315783333333,0.75,0,0,0,0.048790164169432
p9088,1,0.0166666666666667,,2,53,29,1,150,0,28,0.02631579,0.5,1,1,1,0.0165293019512106
p909,1,0.0166666666666667,,2,11,10,1,150,0,9,0.02631579,0.5,0,0,0,0.0165293019512106
p9090,1,0.0166666666666667,,2,20,19,1,150,0,9,0.02631579,0.5,0,0,0,0.0165293019512106
p9091,1,0.0166666666666667,,2,12,11,2,235,0.261534275,11,0.02631579,1,0,0,0,0.0165293019512106
p9092,1,0.0166666666666667,,2,15,13,1,150,0,13,0.02631579,0.5,0,0,0,0.0165293019512106
p9094,1,0.0166666666666667,,2,12,11,2,129,0.05134319,11,0.02631579,1,1,1,1,0.0165293019512106
p9095,1,0.0166666666666667,,2,29,26,1,150,0,26,0.02631579,0.5,1,1,1,0.0165293019512106
p9096,1,0.0166666666666667,,2,12,9,1,150,0,9,0.02631579,0.5,1,1,0,0.0165293019512106
p9097,0,0,,1,0,0,1,9,0.22630447,,,1,1,1,1,0
p9098,0,0,,1,1,1,1,3,0.21922481,,,1,0,0,0,0
p9099,2,0.0333333333333333,15.0166666666667,4,62,32,3,105,0,23.5,0.02631579,0.75,1,1,1,0.0327898228229909
p91,2,0.0333333333333333,53.3666666666667,2,9,8,1,150,0,32.5,0.039473685,0.5,1,1,1,0.0327898228229909
p9100,1,0.0166666666666667,,2,38,22,1,150,0,21,0.02631579,0.5,1,1,0,0.0165293019512106
p9101,1,0.0166666666666667,,2,47,28,1,60,0,25,0.02631579,0.5,1,1,1,0.0165293019512106
p9102,3,0.05,20.5333333333333,3,52,45,3,338.333333333333,0.333333333333333,32.3333333333333,0.0526315783333333,1,1,0,0,0.048790164169432
p9103,1,0.0166666666666667,,2,13,11,1,150,0,10,0.02631579,0.5,1,1,1,0.0165293019512106
p9104,2,0.0333333333333333,48.4333333333333,3,65,56,2,375,0,31.5,0.039473685,0.666666666666667,1,1,0,0.0327898228229909
p9105,1,0.0166666666666667,,2,10,10,2,190.5,0.085126705,9,0.02631579,1,1,1,1,0.0165293019512106
p9106,1,0.0166666666666667,,2,9,8,2,62.5,0.005885606,7,0.02631579,1,0,0,0,0.0165293019512106
p9108,2,0.0333333333333333,43.3,3,62,52,3,450,0.000437448333333333,28.5,0.039473685,1,1,0,0,0.0327898228229909
p911,3,0.05,25.7583333333333,3,65,56,2,375,0,40.3333333333333,0.0526315783333333,0.666666666666667,0,0,0,0.048790164169432
p9110,1,0.0166666666666667,,2,13,13,2,192.5,0.055408165,12,0.02631579,1,1,1,0,0.0165293019512106
p9111,4,0.0666666666666667,11.7611111111111,5,105,43,4,371.25,0,25.5,0.03947368375,0.8,1,1,1,0.0645385211375712
p9112,3,0.05,24.4583333333333,3,69,57,2,375,0,41.3333333333333,0.0526315783333333,0.666666666666667,0,0,0,0.048790164169432
p9114,1,0.0166666666666667,,1,2,2,1,150,1,20,0.02631579,1,0,0,0,0.0165293019512106
p9115,3,0.05,14.9166666666667,4,77,36,3,475,0,24.3333333333333,0.0526315783333333,0.75,1,1,1,0.048790164169432
p9116,3,0.05,20.5583333333333,4,101,48,3,391.666666666667,0,33.3333333333333,0.0526315783333333,0.75,0,0,0,0.048790164169432
p9119,1,0.0166666666666667,,2,10,8,2,202,0.097783425,7,0.02631579,1,1,1,1,0.0165293019512106
p912,3,0.05,20.0583333333333,4,99,47,3,441.666666666667,0,31.3333333333333,0.0526315783333333,0.75,0,0,0,0.048790164169432
p9121,1,0.0166666666666667,,1,1,1,1,125,1,7,0.02631579,1,0,0,0,0.0165293019512106
p9123,1,0.0166666666666667,,2,11,8,1,150,0,7,0.02631579,0.5,1,0,0,0.0165293019512106
p9124,1,0.0166666666666667,,1,1,1,1,150,1,8,0.02631579,1,1,1,1,0.0165293019512106
p9125,1,0.0166666666666667,,2,15,14,2,150,0.0017701425,13,0.02631579,1,1,1,1,0.0165293019512106
p9126,1,0.0166666666666667,,1,1,1,1,150,1,6,0.02631579,1,1,1,1,0.0165293019512106
p9128,1,0.0166666666666667,,2,8,8,2,69.5,0.0182745865,7,0.02631579,1,0,0,0,0.0165293019512106
p913,3,0.05,18.2416666666667,4,130,56,3,415,0,41.3333333333333,0.0526315783333333,0.75,0,0,0,0.048790164169432
p9130,1,0.0166666666666667,,2,10,9,1,150,0,8,0.02631579,0.5,0,0,0,0.0165293019512106
p9131,1,0.0166666666666667,,2,11,11,2,249,0.239409535,11,0.02631579,1,1,1,1,0.0165293019512106
p9132,3,0.05,22.2083333333333,4,122,54,3,475,0,38.3333333333333,0.0526315783333333,0.75,1,1,1,0.048790164169432
p9133,1,0.0166666666666667,,1,1,1,1,150,1,8,0.02631579,1,0,0,0,0.0165293019512106
p9136,1,0.0166666666666667,,2,12,10,1,150,0,10,0.02631579,0.5,1,1,1,0.0165293019512106
p9138,1,0.0166666666666667,,2,13,12,1,0,0,11,0.02631579,0.5,1,1,1,0.0165293019512106
p9139,1,0.0166666666666667,,2,12,10,2,249.5,0.3341748,10,0.02631579,1,1,0,0,0.0165293019512106
p914,1,0.0166666666666667,,2,17,12,1,150,0,12,0.02631579,0.5,1,1,1,0.0165293019512106
p9140,1,0.0166666666666667,,2,10,8,1,150,0,7,0.02631579,0.5,0,0,0,0.0165293019512106
p9142,1,0.0166666666666667,,1,1,1,1,10,1,8,0.02631579,1,1,1,1,0.0165293019512106
p9143,1,0.0166666666666667,,2,13,12,2,110,0.095904685,10,0.02631579,1,1,0,0,0.0165293019512106
p9144,1,0.0166666666666667,,2,10,8,2,247,0.30848345,8,0.02631579,1,0,0,0,0.0165293019512106
p9145,2,0.0333333333333333,35.3,3,48,35,3,123.5,0.159620835,27,0.02631579,1,1,1,1,0.0327898228229909
p9146,2,0.0333333333333333,47.2333333333333,3,151.280000000001,59,2,375,0,41.3333333333333,0.039473685,0.666666666666667,0,0,0,0.0327898228229909
p9147,1,0.0166666666666667,,2,20,16,1,150,0,15,0.02631579,0.5,0,0,0,0.0165293019512106
p9148,1,0.0166666666666667,,2,16,13,2,212,0.16990039,13,0.02631579,1,1,1,0,0.0165293019512106
p9149,0,0,,1,1,1,1,18,0.4000638,,,1,0,0,0,0
p915,0,0,,1,0,0,1,45,0.99937356,,,1,0,0,0,0
p9150,1,0.0166666666666667,,2,41,28,2,237.5,0.19553085,21,0.02631579,1,1,1,1,0.0165293019512106
p9152,3,0.05,21.9333333333333,4,105,50,3,475,0,34.6666666666667,0.0526315783333333,0.75,0,0,0,0.048790164169432
p9154,1,0.0166666666666667,,2,12,11,1,150,0,11,0.02631579,0.5,1,1,1,0.0165293019512106
p9155,1,0.0166666666666667,,2,12,11,1,150,0,8,0.02631579,0.5,1,0,0,0.0165293019512106
p9157,3,0.05,20.6166666666667,4,97,47,3,365,0,30.6666666666667,0.0526315783333333,0.75,1,1,0,0.048790164169432
p9159,1,0.0166666666666667,,2,17,15,2,211,0.13892515,14,0.02631579,1,1,1,0,0.0165293019512106
p916,1,0.0166666666666667,,2,13,12,2,175.5,0.054579285,12,0.02631579,1,0,0,0,0.0165293019512106
p9160,1,0.0166666666666667,,2,10,9,2,223,0.204265015,8,0.02631579,1,0,0,0,0.0165293019512106
p9161,1,0.0166666666666667,,2,28,25,1,15,,21,0,0.5,1,1,1,0.0165293019512106
p9163,1,0.0166666666666667,,2,16,13,1,150,0,10,0.02631579,0.5,1,1,1,0.0165293019512106
p9164,2,0.0333333333333333,51.3166666666667,2,11,9,1,150,0,33.5,0.039473685,0.5,0,0,0,0.0327898228229909
p9165,1,0.0166666666666667,,2,10,9,1,150,0,7,0.02631579,0.5,1,1,0,0.0165293019512106
p9166,0,0,,1,9,9,1,4475,,,,1,1,1,1,0
p9167,1,0.0166666666666667,,2,16,13,1,60,0,11,0.02631579,0.5,0,0,0,0.0165293019512106
p9168,1,0.0166666666666667,,2,7,6,2,196.5,0.124117865,6,0.02631579,1,0,0,0,0.0165293019512106
p9169,2,0.0333333333333333,6.13333333333333,3,43,23,2,90,0,19,0.013157895,0.666666666666667,1,1,1,0.0327898228229909
p917,1,0.0166666666666667,,2,12,11,1,150,0,10,0.02631579,0.5,0,0,0,0.0165293019512106
p9170,1,0.0166666666666667,,1,1,1,1,150,1,9,0.02631579,1,1,1,1,0.0165293019512106
p9171,3,0.05,18.6,4,89,42,3,475,0,29,0.0526315783333333,0.75,1,1,1,0.048790164169432
p9172,1,0.0166666666666667,,2,8,7,2,190.5,0.08272655,7,0.02631579,1,1,0,0,0.0165293019512106
p9173,1,0.0166666666666667,,2,7,6,2,170,0.280549525,6,0.02631579,1,1,1,1,0.0165293019512106
p9175,3,0.05,21.2166666666667,4,112,52,3,425,0,36,0.0526315783333333,0.75,1,1,0,0.048790164169432
p9176,1,0.0166666666666667,,2,13,10,2,160,0.17962669,10,0.02631579,1,1,1,1,0.0165293019512106
p9177,1,0.0166666666666667,,2,10,8,1,150,0,8,0.02631579,0.5,1,1,0,0.0165293019512106
p9178,1,0.0166666666666667,,2,8,7,2,196.5,0.096889185,6,0.02631579,1,0,0,0,0.0165293019512106
p9179,1,0.0166666666666667,,2,43,41,1,150,0,40,0.02631579,0.5,0,0,0,0.0165293019512106
p918,1,0.0166666666666667,,2,70,40,1,150,0,38,0.02631579,0.5,1,1,1,0.0165293019512106
p9180,1,0.0166666666666667,,2,18,15,1,150,0,14,0.02631579,0.5,0,0,0,0.0165293019512106
p9181,1,0.0166666666666667,,2,16,13,1,150,0,12,0.02631579,0.5,0,0,0,0.0165293019512106
p9182,1,0.0166666666666667,,2,12,10,1,150,0,10,0.02631579,0.5,1,1,1,0.0165293019512106
p9183,2,0.0333333333333333,49.1833333333333,3,70,58,2,197.5,0,33,0.039473685,0.666666666666667,1,1,1,0.0327898228229909
p9184,1,0.0166666666666667,,2,8,7,2,328.5,0.4392776,6,0.02631579,1,1,1,1,0.0165293019512106
p9185,1,0.0166666666666667,,2,9,7,1,150,0,6,0.02631579,0.5,1,1,1,0.0165293019512106
p9186,1,0.0166666666666667,,2,20,15,1,150,0,10,0.02631579,0.5,0,0,0,0.0165293019512106
p9187,1,0.0166666666666667,,1,1,1,1,150,1,9,0.02631579,1,0,0,0,0.0165293019512106
p9188,1,0.0166666666666667,,1,0,0,1,150,1,6,0.02631579,1,0,0,0,0.0165293019512106
p9189,1,0.0166666666666667,,2,22,14,1,150,0,14,0.02631579,0.5,1,1,1,0.0165293019512106
p919,1,0.0166666666666667,,2,30,27,2,15.5,0.027207984,26,0,1,0,0,0,0.0165293019512106
p9190,1,0.0166666666666667,,2,13,11,1,150,0,11,0.02631579,0.5,0,0,0,0.0165293019512106
p9191,1,0.0166666666666667,,1,2,2,1,150,1,8,0.02631579,1,1,1,0,0.0165293019512106
p9192,3,0.05,16.225,4,93,56,3,475,0,24,0.0526315783333333,0.75,1,1,1,0.048790164169432
p9193,1,0.0166666666666667,,2,10,9,1,150,0,8,0.02631579,0.5,0,0,0,0.0165293019512106
p9194,1,0.0166666666666667,,2,8,7,1,150,0,6,0.02631579,0.5,1,1,1,0.0165293019512106
p9195,3,0.05,19.8666666666667,4,97,46,4,525,0.000828793325,31.6666666666667,0.0526315783333333,1,1,1,1,0.048790164169432
p9196,2,0.0333333333333333,22.2833333333333,3,34,27,3,114.333333333333,0.0959703733333333,17.5,0.039473685,1,1,1,0,0.0327898228229909
p9197,1,0.0166666666666667,,1,8,8,1,150,1,18,0.02631579,1,1,1,0,0.0165293019512106
p9198,1,0.0166666666666667,,2,18,16,1,150,0,16,0.02631579,0.5,1,1,1,0.0165293019512106
p9199,1,0.0166666666666667,,1,1,1,1,150,1,5,0.02631579,1,0,0,0,0.0165293019512106
p92,3,0.05,22.1333333333333,4,106,51,3,385,0,32.6666666666667,0.0526315783333333,0.75,0,0,0,0.048790164169432
p920,1,0.0166666666666667,,2,16,13,1,0,0,11,0.02631579,0.5,1,1,0,0.0165293019512106
p9200,1,0.0166666666666667,,2,8,7,2,150,0.00024298415,6,0.02631579,1,0,0,0,0.0165293019512106
p9201,3,0.05,24.8416666666667,4,127,59,3,475,0,41,0.0526315783333333,0.75,1,1,1,0.048790164169432
p9202,2,0.0333333333333333,21.3,3,32,25,2,211,0,15.5,0.039473685,0.666666666666667,0,0,0,0.0327898228229909
p9203,3,0.05,23.7333333333333,4,117,55,4,525,0.01489309875,37.6666666666667,0.0526315783333333,1,0,0,0,0.048790164169432
p9204,1,0.0166666666666667,,2,10,8,2,45,0.10379128,7,0,1,0,0,0,0.0165293019512106
p9205,3,0.05,22.1833333333333,4,105,51,3,475,0,33.6666666666667,0.0526315783333333,0.75,1,1,1,0.048790164169432
p9206,1,0.0166666666666667,,1,1,1,1,150,1,14,0.02631579,1,0,0,0,0.0165293019512106
p9208,3,0.05,21.5666666666667,4,108,51,3,475,0,35.3333333333333,0.0526315783333333,0.75,0,0,0,0.048790164169432
p9209,1,0.0166666666666667,,2,16,13,1,150,0,13,0.02631579,0.5,1,1,1,0.0165293019512106
p921,1,0.0166666666666667,,2,7,7,2,207,0.10409245,7,0.02631579,1,0,0,0,0.0165293019512106
p9210,2,0.0333333333333333,35.3666666666667,3,48,41,3,450,0,23.5,0.039473685,1,1,1,1,0.0327898228229909
p9211,3,0.05,21.4333333333333,4,105,50,3,475,0,34.3333333333333,0.0526315783333333,0.75,1,1,1,0.048790164169432
p9212,2,0.0333333333333333,50.5166666666667,3,66,58,2,375,0,32.5,0.039473685,0.666666666666667,1,1,1,0.0327898228229909
p9213,1,0.0166666666666667,,2,10,9,2,157.5,0.021408921,8,0.02631579,1,1,1,0,0.0165293019512106
p9214,1,0.0166666666666667,,2,12,11,1,150,0,10,0.02631579,0.5,0,0,0,0.0165293019512106
p9215,1,0.0166666666666667,,2,10,9,1,150,0,7,0.02631579,0.5,1,1,1,0.0165293019512106
p9216,1,0.0166666666666667,,2,6,6,2,91,0.03607156,5,0.02631579,1,0,0,0,0.0165293019512106
p9217,1,0.0166666666666667,,2,12,11,2,196.5,0.25901532,10,0.02631579,1,0,0,0,0.0165293019512106
p9218,3,0.05,21.6833333333333,4,111,52,3,378.333333333333,0,35,0.0526315783333333,0.75,0,0,0,0.048790164169432
p9219,2,0.0333333333333333,51.4,2,10,8,1,150,0,33.5,0.039473685,0.5,1,0,0,0.0327898228229909
p922,1,0.0166666666666667,,2,29,27,1,150,0,9,0.02631579,0.5,1,1,1,0.0165293019512106
p9220,3,0.05,20.1416666666667,4,100,49,3,475,0,31,0.0526315783333333,0.75,1,0,0,0.048790164169432
p9221,1,0.0166666666666667,,2,9,9,2,173,0.104466925,8,0.02631579,1,1,1,1,0.0165293019512106
p9222,2,0.0333333333333333,53.0166666666667,2,7,6,2,375,0.5,32.5,0.039473685,1,1,1,1,0.0327898228229909
p9223,1,0.0166666666666667,,2,15,12,1,150,0,12,0.02631579,0.5,0,0,0,0.0165293019512106
p9224,1,0.0166666666666667,,2,13,11,1,150,0,10,0.02631579,0.5,0,0,0,0.0165293019512106
p9225,2,0.0333333333333333,34.8,2,10,8,2,375,0.5,24.5,0.039473685,1,1,1,0,0.0327898228229909
p9226,1,0.0166666666666667,,1,1,1,1,150,1,6,0.02631579,1,1,1,1,0.0165293019512106
p9227,3,0.05,18.0583333333333,4,87,41,3,385,0,28.3333333333333,0.0526315783333333,0.75,0,0,0,0.048790164169432
p9228,1,0.0166666666666667,,1,2,2,1,15,1,27,0,1,0,0,0,0.0165293019512106
p9229,2,0.0333333333333333,35.4166666666667,2,9,7,2,330,0.5,24,0.039473685,1,1,1,1,0.0327898228229909
p923,1,0.0166666666666667,,3,18,14,2,75,0,14,0.02631579,0.666666666666667,1,1,0,0.0165293019512106
p9230,1,0.0166666666666667,,2,8,7,2,190.5,0.07935585,6,0.02631579,1,0,0,0,0.0165293019512106
p9232,1,0.0166666666666667,,3,20,12,2,84.5,0,12,0.02631579,0.666666666666667,1,1,0,0.0165293019512106
p9233,14,0.233333333333333,2.36666666666667,6,151.280000000001,59,6,2618.57114285714,0,41.3333333333333,0.129561403322221,0.933333333333333,1,0,0,0.209720530982069
p9234,2,0.0333333333333333,9.56666666666667,3,56,30,2,7.5,0,23,0.013157895,0.666666666666667,1,1,1,0.0327898228229909
p9235,1,0.0166666666666667,,1,3,3,1,150,1,9,0.02631579,1,0,0,0,0.0165293019512106
p9236,0,0,,1,3,3,1,17,0.2799578,,,1,1,1,1,0
p9237,1,0.0166666666666667,,2,10,8,1,150,0,7,0.02631579,0.5,1,1,1,0.0165293019512106
p9238,2,0.0333333333333333,52.15,2,8,7,1,150,0,32,0.039473685,0.5,0,0,0,0.0327898228229909
p9239,1,0.0166666666666667,,2,26,25,2,74.5,0.04393444,23,0.02631579,1,0,0,0,0.0165293019512106
p924,1,0.0166666666666667,,2,17,13,1,150,0,13,0.02631579,0.5,1,1,1,0.0165293019512106
p9240,3,0.05,19.8166666666667,4,106,49,3,475,0,34,0.0526315783333333,0.75,1,1,1,0.048790164169432
p9241,1,0.0166666666666667,,2,12,11,2,116.5,0.012940815,8,0.02631579,1,0,0,0,0.0165293019512106
p9242,3,0.05,14.8583333333333,3,40,33,3,425,0.333333333333333,24,0.0526315783333333,1,0,0,0,0.048790164169432
p9243,1,0.0166666666666667,,2,10,9,2,294.5,0.371014565,8,0.02631579,1,1,0,0,0.0165293019512106
p9244,1,0.0166666666666667,,2,12,11,1,150,0,11,0.02631579,0.5,1,1,0,0.0165293019512106
p9245,1,0.0166666666666667,,2,29,25,1,150,0,24,0.02631579,0.5,1,1,1,0.0165293019512106
p9246,3,0.05,17.325,4,82,39,3,475,0,26.6666666666667,0.0526315783333333,0.75,0,0,0,0.048790164169432
p9247,1,0.0166666666666667,,2,11,10,1,150,0,9,0.02631579,0.5,1,1,1,0.0165293019512106
p9249,1,0.0166666666666667,,2,10,8,1,150,0,7,0.02631579,0.5,0,0,0,0.0165293019512106
p925,1,0.0166666666666667,,2,10,9,2,150,0.0048308415,9,0.02631579,1,0,0,0,0.0165293019512106
p9250,1,0.0166666666666667,,2,13,12,1,150,0,11,0.02631579,0.5,1,0,0,0.0165293019512106
p9251,1,0.0166666666666667,,2,14,12,1,150,0,11,0.02631579,0.5,0,0,0,0.0165293019512106
p9252,2,0.0333333333333333,20.0666666666667,2,16,14,2,157.5,1,18,0.02631579,1,1,0,0,0.0327898228229909
p9253,1,0.0166666666666667,,2,5,5,2,156,0.0104240525,5,0.02631579,1,1,1,0,0.0165293019512106
p9254,0,0,,1,1,1,1,37,0.79745966,,,1,1,1,1,0
p9255,2,0.0333333333333333,51.4166666666667,2,9,8,1,150,0,33,0.039473685,0.5,1,1,0,0.0327898228229909
p9256,0,0,,1,1,1,1,8,0.39367282,,,1,0,0,0,0
p9257,1,0.0166666666666667,,2,8,7,1,150,0,7,0.02631579,0.5,0,0,0,0.0165293019512106
p9259,0,0,,1,1,1,1,34,0.9736671,,,1,1,1,1,0
p926,1,0.0166666666666667,,2,14,11,1,150,0,10,0.02631579,0.5,0,0,0,0.0165293019512106
p9260,1,0.0166666666666667,,2,23,21,2,160,0.06492163,21,0.02631579,1,0,0,0,0.0165293019512106
p9261,1,0.0166666666666667,,2,7,6,3,188,0.116679856666667,6,0.02631579,1.5,0,0,0,0.0165293019512106
p9263,1,0.0166666666666667,,2,19,18,2,161.5,0.09404184,18,0.02631579,1,0,0,0,0.0165293019512106
p9264,1,0.0166666666666667,,2,8,7,2,201,0.101264635,6,0.02631579,1,0,0,0,0.0165293019512106
p9265,1,0.0166666666666667,,2,16,12,1,150,0,10,0.02631579,0.5,1,1,1,0.0165293019512106
p9266,1,0.0166666666666667,,2,21,15,1,150,0,14,0.02631579,0.5,0,0,0,0.0165293019512106
p9267,3,0.05,23.8166666666667,4,113,53,3,475,0,36.6666666666667,0.0526315783333333,0.75,1,1,1,0.048790164169432
p9268,1,0.0166666666666667,,2,8,7,1,10,0,6,0.02631579,0.5,0,0,0,0.0165293019512106
p9269,1,0.0166666666666667,,2,13,12,1,150,0,12,0.02631579,0.5,1,1,1,0.0165293019512106
p9271,1,0.0166666666666667,,1,0,0,1,150,1,7,0.02631579,1,0,0,0,0.0165293019512106
p9272,1,0.0166666666666667,,2,12,9,2,116,0.14804058,9,0.02631579,1,1,1,1,0.0165293019512106
p9273,1,0.0166666666666667,,2,7,7,1,150,0,6,0.02631579,0.5,0,0,0,0.0165293019512106
p9275,1,0.0166666666666667,,2,16,13,1,150,0,12,0.02631579,0.5,0,0,0,0.0165293019512106
p9276,3,0.05,23.8333333333333,4,117,55,3,475,0,38,0.0526315783333333,0.75,1,1,1,0.048790164169432
p9278,2,0.0333333333333333,40.15,3,57,48,2,292.5,0,28,0.039473685,0.666666666666667,1,1,1,0.0327898228229909
p9279,2,0.0333333333333333,39.1333333333333,2,6,5,2,282.5,0.5,24.5,0.039473685,1,0,0,0,0.0327898228229909
p928,1,0.0166666666666667,,2,14,12,1,150,0,11,0.02631579,0.5,1,1,0,0.0165293019512106
p9280,2,0.0333333333333333,50.5666666666667,2,7,6,1,150,0,31,0.039473685,0.5,1,1,0,0.0327898228229909
p9281,1,0.0166666666666667,,2,8,6,1,150,0,6,0.02631579,0.5,0,0,0,0.0165293019512106
p9282,1,0.0166666666666667,,1,2,2,1,150,1,7,0.02631579,1,1,1,1,0.0165293019512106
p9283,4,0.0666666666666667,16.7833333333333,5,125,56,5,382.8,0.0504688625,31.25,0.059210525,1,1,1,1,0.0645385211375712
p9284,1,0.0166666666666667,,2,42,40,2,181.5,0.13591455,33,0.02631579,1,1,1,1,0.0165293019512106
p9285,1,0.0166666666666667,,1,1,1,1,150,1,10,0.02631579,1,0,0,0,0.0165293019512106
p9287,1,0.0166666666666667,,2,12,11,1,150,0,11,0.02631579,0.5,1,1,1,0.0165293019512106
p9288,2,0.0333333333333333,50.6666666666667,3,66,58,2,375,0,31.5,0.039473685,0.666666666666667,1,1,1,0.0327898228229909
p9289,2,0.0333333333333333,51.9333333333333,3,67,59,2,235,0,32,0.039473685,0.666666666666667,0,0,0,0.0327898228229909
p9290,1,0.0166666666666667,,2,9,9,1,150,0,9,0.02631579,0.5,0,0,0,0.0165293019512106
p9291,3,0.05,20.375,4,96,46,3,475,0,31.3333333333333,0.0526315783333333,0.75,0,0,0,0.048790164169432
p9292,1,0.0166666666666667,,2,29,28,1,150,0,27,0.02631579,0.5,1,1,1,0.0165293019512106
p9293,0,0,,2,12,12,2,20.25,0.5403855,,,1,0,0,0,0
p9294,1,0.0166666666666667,,2,13,11,2,266,0.29912725,10,0.02631579,1,0,0,0,0.0165293019512106
p9295,1,0.0166666666666667,,2,10,9,1,150,0,8,0.02631579,0.5,1,1,1,0.0165293019512106
p9296,1,0.0166666666666667,,2,9,8,2,256,0.30381755,8,0.02631579,1,1,0,0,0.0165293019512106
p9297,7,0.116666666666667,3.73888888888889,6,76,19,6,1325.625,0.00464708775,10.4285714285714,0.105263156428571,1,0,0,0,0.110348057168865
p9298,0,0,,1,1,1,1,0,0.110703915,,,1,0,0,0,0
p9299,1,0.0166666666666667,,2,9,8,2,205,0.104145915,8,0.02631579,1,0,0,0,0.0165293019512106
p93,1,0.0166666666666667,,2,12,11,2,229,0.200969025,11,0.02631579,1,0,0,0,0.0165293019512106
p930,2,0.0333333333333333,44.5166666666667,2,10,9,2,350,0.5,30.5,0.039473685,1,0,0,0,0.0327898228229909
p9300,1,0.0166666666666667,,3,8,7,2,272,0.3630823,7,0.02631579,0.666666666666667,0,0,0,0.0165293019512106
p9302,2,0.0333333333333333,46.15,3,63,54,3,426,0.228075386666667,30,0.039473685,1,1,1,1,0.0327898228229909
p9303,2,0.0333333333333333,48.4666666666667,2,9,8,2,375,0.5,32,0.039473685,1,0,0,0,0.0327898228229909
p9304,3,0.05,23.525,4,117,55,3,365,0,38.3333333333333,0.0526315783333333,0.75,1,0,0,0.048790164169432
p9305,1,0.0166666666666667,,2,11,10,1,150,0,9,0.02631579,0.5,1,1,1,0.0165293019512106
p9306,1,0.0166666666666667,,2,5,5,1,150,0,5,0.02631579,0.5,1,0,0,0.0165293019512106
p9307,2,0.0333333333333333,50.6333333333333,2,9,9,2,375,0.5,33.5,0.039473685,1,1,1,1,0.0327898228229909
p9308,3,0.05,18.7416666666667,4,89,42,4,557.25,0.08651328,29,0.0526315783333333,1,0,0,0,0.048790164169432
p9309,3,0.05,19.425,4,97,45,3,475,0,31.3333333333333,0.0526315783333333,0.75,1,0,0,0.048790164169432
p931,1,0.0166666666666667,,1,2,2,1,150,1,8,0.02631579,1,1,1,0,0.0165293019512106
p9310,3,0.05,26.125,4,120,58,3,475,0,39.3333333333333,0.0526315783333333,0.75,1,1,0,0.048790164169432
p9312,1,0.0166666666666667,,2,9,7,2,178,0.128730835,6,0.02631579,1,1,1,1,0.0165293019512106
p9313,25,0.416666666666667,2.08888888888889,6,151.280000000001,59,6,8260.32948996292,0,31.56,0.129561403322221,0.961538461538461,0,0,0,0.348306694268216
p9314,3,0.05,21.7333333333333,3,54,47,3,475,0.333333333333333,34,0.0526315783333333,1,0,0,0,0.048790164169432
p9315,1,0.0166666666666667,,2,6,6,2,164.5,0.033663725,6,0.02631579,1,0,0,0,0.0165293019512106
p9316,2,0.0333333333333333,40.2166666666667,2,17,15,2,375,0.5,34,0.039473685,1,1,1,1,0.0327898228229909
p9317,2,0.0333333333333333,7.35,3,26,16,3,84.3333333333333,0.167380133333333,12.5,0.013157895,1,0,0,0,0.0327898228229909
p9319,3,0.05,19.5583333333333,4,96,45,3,475,0,31.3333333333333,0.0526315783333333,0.75,1,1,1,0.048790164169432
p9320,0,0,,1,3,3,1,29,0.98366624,,,1,0,0,0,0
p9321,3,0.05,21.6333333333333,4,106,50,3,475,0,34,0.0526315783333333,0.75,0,0,0,0.048790164169432
p9323,1,0.0166666666666667,,2,9,8,2,258.5,0.32837505,7,0.02631579,1,1,1,1,0.0165293019512106
p9324,1,0.0166666666666667,,1,4,4,1,150,1,29,0.02631579,1,1,1,1,0.0165293019512106
p9326,1,0.0166666666666667,,2,11,9,2,210.5,0.37445865,9,0.02631579,1,0,0,0,0.0165293019512106
p9328,1,0.0166666666666667,,2,9,8,2,101,0.039044195,7,0.02631579,1,1,1,0,0.0165293019512106
p9329,1,0.0166666666666667,,2,13,11,1,150,0,11,0.02631579,0.5,1,0,0,0.0165293019512106
p933,2,0.0333333333333333,36.8333333333333,3,57,44,3,400,0,25,0.039473685,1,0,0,0,0.0327898228229909
p9330,1,0.0166666666666667,,2,12,11,1,150,0,11,0.02631579,0.5,1,0,0,0.0165293019512106
p9331,1,0.0166666666666667,,2,9,7,2,105,0,7,0.02631579,1,0,0,0,0.0165293019512106
p9332,2,0.0333333333333333,50.3166666666667,3,69,59,2,285,0,33,0.039473685,0.666666666666667,1,1,1,0.0327898228229909
p9333,2,0.0333333333333333,53.4666666666667,3,66,59,2,292.5,0,32,0.039473685,0.666666666666667,1,1,1,0.0327898228229909
p9334,1,0.0166666666666667,,2,13,11,2,178,0.08758021,11,0.02631579,1,1,1,0,0.0165293019512106
p9335,3,0.05,23.9833333333333,4,110,53,3,475,0,36,0.0526315783333333,0.75,1,1,1,0.048790164169432
p9336,1,0.0166666666666667,,1,1,1,1,150,1,30,0.02631579,1,1,1,1,0.0165293019512106
p9337,1,0.0166666666666667,,2,9,8,2,201.5,0.05465893,7,0.02631579,1,0,0,0,0.0165293019512106
p9338,1,0.0166666666666667,,2,8,7,2,195,0.190913485,7,0.02631579,1,1,1,1,0.0165293019512106
p9339,1,0.0166666666666667,,2,12,10,1,150,0,10,0.02631579,0.5,1,1,0,0.0165293019512106
p9340,1,0.0166666666666667,,2,10,9,2,208,0.182689325,9,0.02631579,1,1,1,0,0.0165293019512106
p9341,1,0.0166666666666667,,2,11,10,1,0,0,9,0.02631579,0.5,1,1,1,0.0165293019512106
p9342,1,0.0166666666666667,,2,9,8,2,166,0.0528800225,8,0.02631579,1,1,1,1,0.0165293019512106
p9343,1,0.0166666666666667,,2,13,12,2,150,0,11,0.02631579,1,1,1,0,0.0165293019512106
p9344,1,0.0166666666666667,,6,151.280000000001,52,6,137.886363636364,0.3463244709,7,0.02631579,1,1,1,1,0.0165293019512106
p9345,1,0.0166666666666667,,2,10,8,2,176.5,0.070258595,8,0.02631579,1,1,0,0,0.0165293019512106
p9346,2,0.0333333333333333,51.25,3,67,59,2,252.5,0,32,0.039473685,0.666666666666667,1,1,1,0.0327898228229909
p9347,1,0.0166666666666667,,1,1,1,1,60,1,7,0.02631579,1,1,1,1,0.0165293019512106
p9348,0,0,,1,2,2,1,35,0.82057136,,,1,0,0,0,0
p9349,1,0.0166666666666667,,2,11,9,1,150,0,9,0.02631579,0.5,0,0,0,0.0165293019512106
p935,1,0.0166666666666667,,2,17,13,1,150,0,12,0.02631579,0.5,1,0,0,0.0165293019512106
p9350,1,0.0166666666666667,,2,9,8,1,150,0,8,0.02631579,0.5,0,0,0,0.0165293019512106
p9351,1,0.0166666666666667,,2,13,11,1,150,0,11,0.02631579,0.5,0,0,0,0.0165293019512106
p9352,2,0.0333333333333333,49.0166666666667,2,8,7,2,375,0.5,31.5,0.039473685,1,1,1,1,0.0327898228229909
p9353,1,0.0166666666666667,,2,51,29,1,150,0,28,0.02631579,0.5,1,1,1,0.0165293019512106
p9354,1,0.0166666666666667,,1,3,3,1,150,1,12,0.02631579,1,0,0,0,0.0165293019512106
p9355,0,0,,1,1,1,0,,,,,0,0,0,0,0
p9356,1,0.0166666666666667,,2,7,6,2,221.5,0.223535835,5,0.02631579,1,0,0,0,0.0165293019512106
p9357,2,0.0333333333333333,52.1,3,66,58,2,292.5,0,32,0.039473685,0.666666666666667,1,1,1,0.0327898228229909
p9358,1,0.0166666666666667,,2,18,14,2,235,0.3443542,13,0.02631579,1,1,1,1,0.0165293019512106
p9359,3,0.05,22.875,4,114,54,3,475,0,36.6666666666667,0.0526315783333333,0.75,1,1,0,0.048790164169432
p9360,1,0.0166666666666667,,2,13,13,1,150,0,11,0.02631579,0.5,1,0,0,0.0165293019512106
p9361,2,0.0333333333333333,51.2333333333333,3,28,19,3,364,0.2196342,13,0.039473685,1,1,1,1,0.0327898228229909
p9362,1,0.0166666666666667,,2,8,8,2,21,0.236298815,7,0,1,1,1,1,0.0165293019512106
p9363,2,0.0333333333333333,45.5,2,9,8,2,375,0.5,29.5,0.039473685,1,1,1,1,0.0327898228229909
p9364,1,0.0166666666666667,,1,2,2,1,150,1,8,0.02631579,1,0,0,0,0.0165293019512106
p9365,1,0.0166666666666667,,2,12,8,2,226.5,0.23786229,7,0.02631579,1,0,0,0,0.0165293019512106
p9366,1,0.0166666666666667,,2,15,14,1,15,,12,0,0.5,0,0,0,0.0165293019512106
p9367,9,0.15,6.11666666666667,6,151.280000000001,59,6,2127.77761111111,0,39,0.129561403322221,0.9,1,1,1,0.139761942375159
p9368,1,0.0166666666666667,,2,13,11,1,150,,9,0.02631579,0.5,0,0,0,0.0165293019512106
p9369,1,0.0166666666666667,,2,6,5,1,150,0,5,0.02631579,0.5,1,1,1,0.0165293019512106
p937,1,0.0166666666666667,,2,19,17,1,150,0,16,0.02631579,0.5,1,1,1,0.0165293019512106
p9370,0,0,,1,1,1,1,1,0.010016682,,,1,0,0,0,0
p9371,2,0.0333333333333333,48.0333333333333,2,11,10,2,375,0.5,33,0.039473685,1,0,0,0,0.0327898228229909
p9372,0,0,,1,0,0,1,698,0.5368249,,,1,0,0,0,0
p9373,1,0.0166666666666667,,1,1,1,1,150,1,8,0.02631579,1,0,0,0,0.0165293019512106
p9374,1,0.0166666666666667,,2,32,30,2,86,0.110241795,27,0.02631579,1,1,1,1,0.0165293019512106
p9375,1,0.0166666666666667,,2,5,5,2,163.5,0.03224612,5,0.02631579,1,0,0,0,0.0165293019512106
p9376,1,0.0166666666666667,,2,8,7,1,150,0,6,0.02631579,0.5,0,0,0,0.0165293019512106
p9377,2,0.0333333333333333,38.05,3,51,44,2,362.5,0,24,0.039473685,0.666666666666667,0,0,0,0.0327898228229909
p9378,3,0.05,18.8,4,96,45,3,373.333333333333,0,31,0.0526315783333333,0.75,0,0,0,0.048790164169432
p9379,1,0.0166666666666667,,1,1,1,1,8247.5,1,26,0.129561403322221,1,0,0,0,0.0165293019512106
p9381,0,0,,1,2,2,0,,,,,0,0,0,0,0
p9382,1,0.0166666666666667,,2,10,8,2,150,0,8,0.02631579,1,0,0,0,0.0165293019512106
p9383,1,0.0166666666666667,,2,11,10,1,150,0,10,0.02631579,0.5,0,0,0,0.0165293019512106
p9385,1,0.0166666666666667,,2,25,21,1,150,0,17,0.02631579,0.5,0,0,0,0.0165293019512106
p9386,0,0,,1,7,7,0,,,,,0,0,0,0,0
p9387,1,0.0166666666666667,,1,1,1,1,150,1,5,0.02631579,1,0,0,0,0.0165293019512106
p9388,0,0,,1,1,1,1,8,0.34438857,,,1,0,0,0,0
p9389,1,0.0166666666666667,,2,10,9,1,150,0,9,0.02631579,0.5,1,1,1,0.0165293019512106
p939,1,0.0166666666666667,,1,1,1,1,150,1,6,0.02631579,1,1,1,1,0.0165293019512106
p9390,1,0.0166666666666667,,1,0,0,1,150,1,6,0.02631579,1,0,0,0,0.0165293019512106
p9391,2,0.0333333333333333,45.65,3,76,59,2,325,0,35,0.039473685,0.666666666666667,1,1,1,0.0327898228229909
p9392,1,0.0166666666666667,,2,11,9,2,170.5,0.24197297,8,0.02631579,1,0,0,0,0.0165293019512106
p9393,1,0.0166666666666667,,2,17,15,2,165.5,0.204962315,14,0.02631579,1,1,1,1,0.0165293019512106
p9394,1,0.0166666666666667,,2,8,7,1,150,0,7,0.02631579,0.5,1,1,0,0.0165293019512106
p9395,2,0.0333333333333333,42.0666666666667,2,6,5,2,375,0.5,25,0.039473685,1,1,1,1,0.0327898228229909
p9396,2,0.0333333333333333,29.95,3,34,30,4,87.25,0.34599031,18,0.039473685,1.33333333333333,0,0,0,0.0327898228229909
p9397,0,0,,1,2,2,1,11,0.61172175,,,1,0,0,0,0
p9398,1,0.0166666666666667,,2,13,11,1,150,0,10,0.02631579,0.5,1,1,1,0.0165293019512106
p9399,3,0.05,18.7916666666667,3,49,42,3,475,0.333333333333333,30,0.0526315783333333,1,1,1,1,0.048790164169432
p94,2,0.0333333333333333,43.6333333333333,2,14,13,2,375,0.5,34,0.039473685,1,1,1,1,0.0327898228229909
p940,1,0.0166666666666667,,2,17,15,1,150,0,15,0.02631579,0.5,1,1,0,0.0165293019512106
p9400,1,0.0166666666666667,,2,11,10,1,150,0,9,0.02631579,0.5,1,1,1,0.0165293019512106
p9401,1,0.0166666666666667,,2,8,7,1,150,0,7,0.02631579,0.5,1,1,0,0.0165293019512106
p9402,2,0.0333333333333333,43.1666666666667,2,7,7,2,375,0.5,28,0.039473685,1,0,0,0,0.0327898228229909
p9404,0,0,,1,2,2,1,19,0.40133503,,,1,0,0,0,0
p9405,3,0.05,21.2583333333333,3,51,45,3,475,0.333333333333333,31.3333333333333,0.0526315783333333,1,1,1,1,0.048790164169432
p9406,2,0.0333333333333333,49.7166666666667,3,70,59,2,375,0,33.5,0.039473685,0.666666666666667,1,1,0,0.0327898228229909
p9408,1,0.0166666666666667,,2,22,19,1,150,0,18,0.02631579,0.5,1,0,0,0.0165293019512106
p9409,1,0.0166666666666667,,1,0,0,1,150,1,5,0.02631579,1,0,0,0,0.0165293019512106
p9410,3,0.05,24.4666666666667,3,29,16,3,210,0.333333333333333,28.3333333333333,0.02631579,1,1,1,1,0.048790164169432
p9411,2,0.0333333333333333,8.93333333333333,3,44,34,2,157.5,,13.5,0.02631579,0.666666666666667,0,0,0,0.0327898228229909
p9412,1,0.0166666666666667,,2,9,8,2,176,0.0756838,7,0.02631579,1,0,0,0,0.0165293019512106
p9413,1,0.0166666666666667,,2,10,9,2,298.5,0.3859767,8,0.02631579,1,0,0,0,0.0165293019512106
p9414,3,0.05,16.0833333333333,4,78,37,3,475,0,25.6666666666667,0.0526315783333333,0.75,0,0,0,0.048790164169432
p9415,1,0.0166666666666667,,2,17,11,1,150,0,11,0.02631579,0.5,1,1,0,0.0165293019512106
p9416,1,0.0166666666666667,,1,3,3,1,150,1,11,0.02631579,1,1,0,0,0.0165293019512106
p9417,1,0.0166666666666667,,2,10,9,2,264.5,0.32723565,8,0.02631579,1,0,0,0,0.0165293019512106
p9418,1,0.0166666666666667,,2,8,7,1,150,0,7,0.02631579,0.5,1,1,0,0.0165293019512106
p9419,1,0.0166666666666667,,2,16,14,1,100,0,12,0.02631579,0.5,0,0,0,0.0165293019512106
p942,2,0.0333333333333333,44.9,3,60,53,3,450,0.0136887256666667,29.5,0.039473685,1,1,1,1,0.0327898228229909
p9420,1,0.0166666666666667,,2,10,8,2,212.5,0.21583374,8,0.02631579,1,1,0,0,0.0165293019512106
p9421,2,0.0333333333333333,39.85,2,8,7,2,375,0.5,27,0.039473685,1,1,0,0,0.0327898228229909
p9422,2,0.0333333333333333,46.35,2,10,8,2,375,0.5,31,0.039473685,1,1,1,1,0.0327898228229909
p9423,1,0.0166666666666667,,2,15,13,1,150,0,12,0.02631579,0.5,1,1,1,0.0165293019512106
p9424,3,0.05,19.95,4,90,44,3,475,0,29.6666666666667,0.0526315783333333,0.75,1,1,1,0.048790164169432
p9425,3,0.05,24.5083333333333,3,59,52,3,365,0.333333333333333,37.3333333333333,0.0526315783333333,1,1,1,1,0.048790164169432
p9426,0,0,,1,1,1,1,17,0.8150535,,,1,1,1,0,0
p9427,3,0.05,18.6416666666667,6,151.280000000001,48,6,5018.03125,0.062469575,27,0.0526315783333333,1.14285714285714,1,0,0,0.048790164169432
p9428,1,0.0166666666666667,,1,1,1,1,150,1,6,0.02631579,1,0,0,0,0.0165293019512106
p9429,1,0.0166666666666667,,2,10,9,1,150,0,8,0.02631579,0.5,1,1,1,0.0165293019512106
p943,1,0.0166666666666667,,1,1,1,1,150,1,8,0.02631579,1,1,0,0,0.0165293019512106
p9430,3,0.05,18.1083333333333,4,95,45,3,475,0,29.3333333333333,0.0526315783333333,0.75,1,1,1,0.048790164169432
p9431,1,0.0166666666666667,,1,10,10,2,249.5,0.326221615,9,0.02631579,2,0,0,0,0.0165293019512106
p9432,3,0.05,20.2916666666667,4,100,47,4,521.25,0.0858206675,32.6666666666667,0.0526315783333333,1,1,0,0,0.048790164169432
p9433,3,0.05,24.375,4,115,55,3,415,0,35.3333333333333,0.0526315783333333,0.75,0,0,0,0.048790164169432
p9434,1,0.0166666666666667,,1,1,1,1,150,1,5,0.02631579,1,1,1,1,0.0165293019512106
p9435,2,0.0333333333333333,41.7333333333333,2,8,6,2,375,0.5,27,0.039473685,1,0,0,0,0.0327898228229909
p9436,1,0.0166666666666667,,2,9,7,2,171.5,0.062715,6,0.02631579,1,0,0,0,0.0165293019512106
p9437,3,0.05,20.525,3,73,52,3,475,0.333333333333333,39.6666666666667,0.0526315783333333,1,1,1,1,0.048790164169432
p9439,1,0.0166666666666667,,2,46,44,2,176.5,0.131690515,9,0.02631579,1,0,0,0,0.0165293019512106
p944,1,0.0166666666666667,,2,6,6,2,262.5,0.2308876,5,0.02631579,1,1,1,0,0.0165293019512106
p9440,1,0.0166666666666667,,2,21,16,1,150,0,15,0.02631579,0.5,1,1,1,0.0165293019512106
p9441,1,0.0166666666666667,,1,0,0,0,,,12,0,0,1,1,1,0.0165293019512106
p9443,1,0.0166666666666667,,2,9,9,1,150,0,8,0.02631579,0.5,1,1,1,0.0165293019512106
p9444,1,0.0166666666666667,,2,8,7,2,150,0,7,0.02631579,1,1,1,1,0.0165293019512106
p9446,0,0,,1,2,2,1,28,0.97941625,,,1,0,0,0,0
p9447,0,0,,1,2,2,0,,,,,0,0,0,0,0
p9448,1,0.0166666666666667,,2,19,16,1,150,0,16,0.02631579,0.5,1,1,1,0.0165293019512106
p9449,1,0.0166666666666667,,3,28,25,3,140.666666666667,0.0891447066666667,24,0.02631579,1,1,1,1,0.0165293019512106
p9450,1,0.0166666666666667,,2,12,10,2,194.5,0.23425535,10,0.02631579,1,1,1,1,0.0165293019512106
p9451,1,0.0166666666666667,,1,2,2,1,150,1,7,0.02631579,1,1,1,1,0.0165293019512106
p9452,2,0.0333333333333333,50.1333333333333,3,70,59,2,375,0,33.5,0.039473685,0.666666666666667,0,0,0,0.0327898228229909
p9453,1,0.0166666666666667,,2,10,8,1,150,0,8,0.02631579,0.5,0,0,0,0.0165293019512106
p9454,1,0.0166666666666667,,1,3,3,1,150,1,10,0.02631579,1,1,1,0,0.0165293019512106
p9455,1,0.0166666666666667,,2,10,8,2,253,0.3095838,7,0.02631579,1,0,0,0,0.0165293019512106
p9458,3,0.05,24.0416666666667,4,119,56,3,450,0,38.3333333333333,0.0526315783333333,0.75,1,1,1,0.048790164169432
p9459,1,0.0166666666666667,,2,10,9,1,150,0,8,0.02631579,0.5,1,1,1,0.0165293019512106
p946,1,0.0166666666666667,,2,10,8,1,60,0,7,0.02631579,0.5,1,1,1,0.0165293019512106
p9460,1,0.0166666666666667,,2,11,9,2,167,0.05088059,7,0.02631579,1,0,0,0,0.0165293019512106
p9461,1,0.0166666666666667,,2,15,13,1,150,0,12,0.02631579,0.5,0,0,0,0.0165293019512106
p9462,3,0.05,18.0583333333333,4,88,42,3,475,0,27.6666666666667,0.0526315783333333,0.75,1,1,1,0.048790164169432
p9463,1,0.0166666666666667,,2,24,18,1,150,0,18,0.02631579,0.5,0,0,0,0.0165293019512106
p9465,1,0.0166666666666667,,2,10,9,2,195,0.095648735,8,0.02631579,1,1,1,1,0.0165293019512106
p9466,1,0.0166666666666667,,2,14,11,1,150,0,11,0.02631579,0.5,1,1,1,0.0165293019512106
p9467,3,0.05,18.475,4,99,45,3,365,0,31.6666666666667,0.0526315783333333,0.75,1,1,1,0.048790164169432
p9468,2,0.0333333333333333,49.8666666666667,3,70,59,2,375,0,33,0.039473685,0.666666666666667,1,1,1,0.0327898228229909
p9469,1,0.0166666666666667,,2,9,7,2,316.5,0.44052965,7,0.02631579,1,1,1,1,0.0165293019512106
p947,0,0,,1,1,1,1,4,0.008200747,,,1,0,0,0,0
p9470,1,0.0166666666666667,,2,12,11,1,150,0,11,0.02631579,0.5,1,1,1,0.0165293019512106
p9471,1,0.0166666666666667,,2,7,6,2,159.5,0.113144385,6,0.02631579,1,1,1,1,0.0165293019512106
p9472,3,0.05,23.5916666666667,4,112,55,3,475,0,35.6666666666667,0.0526315783333333,0.75,1,1,0,0.048790164169432
p9473,1,0.0166666666666667,,2,6,6,1,150,0,6,0.02631579,0.5,0,0,0,0.0165293019512106
p9474,0,0,,1,2,2,1,59,0.4871338,,,1,0,0,0,0
p9476,1,0.0166666666666667,,3,89,48,2,196.75,0,41.3333333333333,0.02631579,0.666666666666667,0,0,0,0.0165293019512106
p9477,1,0.0166666666666667,,2,10,9,2,150,0,9,0.02631579,1,0,0,0,0.0165293019512106
p9478,1,0.0166666666666667,,2,8,7,1,150,0,6,0.02631579,0.5,1,1,1,0.0165293019512106
p9479,1,0.0166666666666667,,1,2,2,1,150,1,9,0.02631579,1,0,0,0,0.0165293019512106
p948,1,0.0166666666666667,,2,11,10,1,5,0,8,0.02631579,0.5,0,0,0,0.0165293019512106
p9480,1,0.0166666666666667,,2,16,13,2,279.5,0.289049835,11,0.02631579,1,0,0,0,0.0165293019512106
p9481,1,0.0166666666666667,,2,6,6,2,281.5,0.38902253,5,0.02631579,1,0,0,0,0.0165293019512106
p9482,1,0.0166666666666667,,2,8,7,2,183,0.108622775,7,0.02631579,1,0,0,0,0.0165293019512106
p9484,1,0.0166666666666667,,2,11,10,2,72,0.0321719125,9,0.02631579,1,1,1,1,0.0165293019512106
p9485,2,0.0333333333333333,47.4,2,13,10,2,165.5,0.083326885,25,0.039473685,1,0,0,0,0.0327898228229909
p9486,2,0.0333333333333333,47.4666666666667,2,8,8,2,375,0.5,31,0.039473685,1,1,1,1,0.0327898228229909
p9487,1,0.0166666666666667,,2,13,10,2,183.5,0.06660358,10,0.02631579,1,1,1,1,0.0165293019512106
p9488,2,0.0333333333333333,40.8,3,57,49,2,375,0,27.5,0.039473685,0.666666666666667,0,0,0,0.0327898228229909
p9489,1,0.0166666666666667,,2,13,11,2,213,0.16416323,10,0.02631579,1,1,1,0,0.0165293019512106
p9490,2,0.0333333333333333,34.7333333333333,2,10,8,2,367.5,0.5,23.5,0.039473685,1,0,0,0,0.0327898228229909
p9491,1,0.0166666666666667,,1,0,0,1,150,1,6,0.02631579,1,0,0,0,0.0165293019512106
p9492,0,0,,1,1,1,0,,,,,0,1,1,1,0
p9493,3,0.05,21.8666666666667,3,59,49,3,475,0.333333333333333,35.3333333333333,0.0526315783333333,1,0,0,0,0.048790164169432
p9494,1,0.0166666666666667,,2,17,15,2,150,0,14,0.02631579,1,0,0,0,0.0165293019512106
p9495,3,0.05,19.0416666666667,4,90,43,3,475,0,29.3333333333333,0.0526315783333333,0.75,0,0,0,0.048790164169432
p9496,1,0.0166666666666667,,2,9,9,1,150,0,9,0.02631579,0.5,1,1,1,0.0165293019512106
p9497,1,0.0166666666666667,,2,6,5,2,188,0.118058225,5,0.02631579,1,0,0,0,0.0165293019512106
p9498,2,0.0333333333333333,36.4,2,8,6,2,375,0.5,24,0.039473685,1,0,0,0,0.0327898228229909
p9499,1,0.0166666666666667,,1,5,5,1,150,1,17,0.02631579,1,0,0,0,0.0165293019512106
p95,1,0.0166666666666667,,2,11,9,1,150,0,8,0.02631579,0.5,0,0,0,0.0165293019512106
p950,0,0,,1,8,8,1,2,0.13888487,,,1,1,1,1,0
p9500,3,0.05,23.4666666666667,4,114,54,3,415,0,37,0.0526315783333333,0.75,1,1,1,0.048790164169432
p9501,1,0.0166666666666667,,1,2,2,0,,,14,0.02631579,0,0,0,0,0.0165293019512106
p9502,1,0.0166666666666667,,2,13,11,1,150,0,10,0.02631579,0.5,1,1,1,0.0165293019512106
p9504,1,0.0166666666666667,,2,8,7,2,150,0.0078216975,7,0.02631579,1,1,1,0,0.0165293019512106
p9505,2,0.0333333333333333,39.7,2,8,7,2,375,0.5,25.5,0.039473685,1,0,0,0,0.0327898228229909
p9506,3,0.05,18.4583333333333,4,96,45,4,536.75,0.044805295,30.3333333333333,0.0526315783333333,1,0,0,0,0.048790164169432
p9507,1,0.0166666666666667,,2,12,11,2,229,0.21452661,10,0.02631579,1,0,0,0,0.0165293019512106
p9508,0,0,,1,1,1,1,19,0.43874767,,,1,1,1,1,0
p9509,2,0.0333333333333333,49.85,3,69,59,2,355,0,34,0.039473685,0.666666666666667,0,0,0,0.0327898228229909
p951,2,0.0333333333333333,7.33333333333333,3,41,24,3,45.6666666666667,0.149992556666667,19.5,0.013157895,1,0,0,0,0.0327898228229909
p9510,3,0.05,19.9833333333333,3,58,45,2,375,0,34,0.0526315783333333,0.666666666666667,0,0,0,0.048790164169432
p9511,1,0.0166666666666667,,2,17,15,1,150,0,15,0.02631579,0.5,0,0,0,0.0165293019512106
p9512,1,0.0166666666666667,,2,10,8,1,150,0,7,0.02631579,0.5,1,1,1,0.0165293019512106
p9513,1,0.0166666666666667,,1,0,0,1,150,1,12,0.02631579,1,0,0,0,0.0165293019512106
p9514,3,0.05,24.7083333333333,5,91,58,4,190,0,26.6666666666667,0.02631579,0.8,0,0,0,0.048790164169432
p9515,1,0.0166666666666667,,2,11,10,2,180.5,0.3614233,7,0.02631579,1,1,1,1,0.0165293019512106
p9516,1,0.0166666666666667,,2,13,12,1,150,0,11,0.02631579,0.5,1,1,1,0.0165293019512106
p9517,1,0.0166666666666667,,2,12,11,2,177.5,0.04080498,10,0.02631579,1,1,0,0,0.0165293019512106
p9518,1,0.0166666666666667,,2,8,7,2,307.5,0.37697345,7,0.02631579,1,1,1,1,0.0165293019512106
p9519,1,0.0166666666666667,,2,9,8,2,239,0.27952915,7,0.02631579,1,1,1,1,0.0165293019512106
p952,1,0.0166666666666667,,2,9,8,2,163,0.048586685,8,0.02631579,1,0,0,0,0.0165293019512106
p9520,1,0.0166666666666667,,2,17,15,1,150,0,15,0.02631579,0.5,0,0,0,0.0165293019512106
p9521,1,0.0166666666666667,,2,9,8,2,39,0.21529125,7,0.02631579,1,1,1,1,0.0165293019512106
p9522,1,0.0166666666666667,,2,28,20,1,150,0,19,0.02631579,0.5,1,1,1,0.0165293019512106
p9524,2,0.0333333333333333,48.95,3,68,58,2,375,0,32.5,0.039473685,0.666666666666667,0,0,0,0.0327898228229909
p9525,2,0.0333333333333333,44.1833333333333,3,60,52,2,375,0,28.5,0.039473685,0.666666666666667,0,0,0,0.0327898228229909
p9526,1,0.0166666666666667,,2,17,11,2,218,0.1676503,11,0.02631579,1,0,0,0,0.0165293019512106
p9527,2,0.0333333333333333,10.3666666666667,3,27,18,2,157.5,,11.5,0.02631579,0.666666666666667,0,0,0,0.0327898228229909
p9528,1,0.0166666666666667,,1,2,2,1,15,1,8,0,1,0,0,0,0.0165293019512106
p9529,1,0.0166666666666667,,2,38,37,1,150,0,37,0.02631579,0.5,1,1,1,0.0165293019512106
p953,1,0.0166666666666667,,2,14,11,1,150,0,10,0.02631579,0.5,1,1,1,0.0165293019512106
p9530,1,0.0166666666666667,,1,1,1,1,150,1,8,0.02631579,1,0,0,0,0.0165293019512106
p9531,2,0.0333333333333333,50.8833333333333,3,66,58,2,375,0,32,0.039473685,0.666666666666667,0,0,0,0.0327898228229909
p9532,2,0.0333333333333333,8.7,3,18,11,3,205,0.0685195666666667,9.5,0.039473685,1,1,1,1,0.0327898228229909
p9533,1,0.0166666666666667,,1,9,9,2,125.5,0.13022201,8,0.02631579,2,0,0,0,0.0165293019512106
p9534,1,0.0166666666666667,,2,10,9,2,200,0.15824908,9,0.02631579,1,1,0,0,0.0165293019512106
p9535,2,0.0333333333333333,44.6666666666667,3,72,57,2,8260.32948996292,0,34,0.039473685,0.666666666666667,0,0,0,0.0327898228229909
p9536,2,0.0333333333333333,9.46666666666667,3,43,26,2,90,0,20.5,0.013157895,0.666666666666667,0,0,0,0.0327898228229909
p9537,3,0.05,22.5166666666667,4,112,53,3,415,0,36.3333333333333,0.0526315783333333,0.75,0,0,0,0.048790164169432
p9538,1,0.0166666666666667,,1,1,1,1,25,1,9,0.02631579,1,1,0,0,0.0165293019512106
p9539,3,0.05,15.525,4,88,39,3,458.333333333333,0,28,0.0526315783333333,0.75,1,1,0,0.048790164169432
p954,1,0.0166666666666667,,2,9,8,1,150,0,8,0.02631579,0.5,0,0,0,0.0165293019512106
p9540,1,0.0166666666666667,,2,16,14,2,141.5,0.15773554,14,0.02631579,1,1,1,0,0.0165293019512106
p9541,3,0.05,25.4416666666667,4,123,58,3,475,0,40,0.0526315783333333,0.75,0,0,0,0.048790164169432
p9542,1,0.0166666666666667,,2,12,8,2,201,0.1441615,8,0.02631579,1,0,0,0,0.0165293019512106
p9543,4,0.0666666666666667,13.6277777777778,5,128,46,5,567,0.0296571475,31.25,0.059210525,1,1,1,0,0.0645385211375712
p9544,1,0.0166666666666667,,2,10,9,1,150,0,9,0.02631579,0.5,1,1,1,0.0165293019512106
p9545,2,0.0333333333333333,47.6666666666667,3,67,57,2,375,0,32,0.039473685,0.666666666666667,1,1,1,0.0327898228229909
p9546,1,0.0166666666666667,,1,3,3,0,,,14,0.02631579,0,1,1,1,0.0165293019512106
p9548,1,0.0166666666666667,,2,16,15,1,60,0,13,0.02631579,0.5,1,1,1,0.0165293019512106
p9549,1,0.0166666666666667,,2,10,9,1,150,0,8,0.02631579,0.5,1,1,0,0.0165293019512106
p9550,1,0.0166666666666667,,3,70,47,3,23.5,0.102960775,21,0,1,0,0,0,0.0165293019512106
p9551,1,0.0166666666666667,,2,14,11,1,150,0,9,0.02631579,0.5,1,1,0,0.0165293019512106
p9552,1,0.0166666666666667,,2,8,7,2,274.5,0.3666133,6,0.02631579,1,1,1,1,0.0165293019512106
p9553,1,0.0166666666666667,,2,7,6,2,293,0.350955,6,0.02631579,1,1,1,1,0.0165293019512106
p9555,1,0.0166666666666667,,1,2,2,1,150,1,36,0.02631579,1,1,1,1,0.0165293019512106
p9556,1,0.0166666666666667,,2,9,8,2,208,0.17769818,6,0.02631579,1,0,0,0,0.0165293019512106
p9558,2,0.0333333333333333,47.9,3,70,59,2,330,0,31.5,0.039473685,0.666666666666667,0,0,0,0.0327898228229909
p9559,0,0,,1,1,1,1,10,0.34732473,,,1,0,0,0,0
p956,3,0.05,20.9583333333333,4,102,49,3,475,0,33,0.0526315783333333,0.75,1,1,1,0.048790164169432
p9561,3,0.05,20.55,4,100,47,4,473.75,0.0655937425,32.6666666666667,0.0526315783333333,1,0,0,0,0.048790164169432
p9564,1,0.0166666666666667,,2,43,28,1,150,0,27,0.02631579,0.5,1,1,0,0.0165293019512106
p9565,1,0.0166666666666667,,2,17,16,1,150,0,16,0.02631579,0.5,1,1,1,0.0165293019512106
p9566,1,0.0166666666666667,,1,1,1,1,150,1,9,0.02631579,1,0,0,0,0.0165293019512106
p9567,3,0.05,21.6,4,113,53,3,410,0,36.3333333333333,0.0526315783333333,0.75,1,1,1,0.048790164169432
p9568,1,0.0166666666666667,,2,12,11,1,150,0,10,0.02631579,0.5,0,0,0,0.0165293019512106
p9569,1,0.0166666666666667,,2,15,13,2,202,0.2452246,12,0.02631579,1,0,0,0,0.0165293019512106
p957,3,0.05,24.675,4,113,55,3,475,0,36,0.0526315783333333,0.75,0,0,0,0.048790164169432
p9570,0,0,,1,6,6,1,24,0.37966418,,,1,1,1,1,0
p9571,1,0.0166666666666667,,3,25,13,3,163.666666666667,0.05017958,10,0.02631579,1,0,0,0,0.0165293019512106
p9572,1,0.0166666666666667,,1,1,1,1,150,1,9,0.02631579,1,1,0,0,0.0165293019512106
p9573,1,0.0166666666666667,,2,16,14,1,150,0,13,0.02631579,0.5,1,1,0,0.0165293019512106
p9574,3,0.05,23.7833333333333,4,118,55,3,475,0,38.3333333333333,0.0526315783333333,0.75,1,1,1,0.048790164169432
p9575,3,0.05,16.2,3,46,36,3,448.333333333333,0.333333333333333,26.6666666666667,0.0526315783333333,1,1,1,1,0.048790164169432
p9576,1,0.0166666666666667,,2,11,10,1,150,0,10,0.02631579,0.5,1,1,1,0.0165293019512106
p9577,1,0.0166666666666667,,1,1,1,1,150,1,6,0.02631579,1,1,1,1,0.0165293019512106
p9578,3,0.05,20.45,4,106,50,3,475,0,34.6666666666667,0.0526315783333333,0.75,0,0,0,0.048790164169432
p9579,1,0.0166666666666667,,2,11,10,1,60,0,9,0.02631579,0.5,0,0,0,0.0165293019512106
p958,1,0.0166666666666667,,1,1,1,1,150,1,8,0.02631579,1,1,0,0,0.0165293019512106
p9580,1,0.0166666666666667,,2,23,17,1,150,0,16,0.02631579,0.5,1,1,1,0.0165293019512106
p9581,1,0.0166666666666667,,2,14,13,1,150,0,12,0.02631579,0.5,1,1,0,0.0165293019512106
p9582,2,0.0333333333333333,31.0833333333333,3,55,39,3,89,0.0709144833333333,26.5,0.039473685,1,1,1,0,0.0327898228229909
p9583,3,0.05,18.8833333333333,4,90,43,4,525,0,29.6666666666667,0.0526315783333333,1,1,1,1,0.048790164169432
p9584,3,0.05,17.175,4,82,39,3,465,0,27,0.0526315783333333,0.75,1,0,0,0.048790164169432
p9585,0,0,,1,0,0,1,0,0.0065239407,,,1,0,0,0,0
p9586,1,0.0166666666666667,,2,12,11,2,224,0.2138071,10,0.02631579,1,0,0,0,0.0165293019512106
p9587,1,0.0166666666666667,,2,20,13,1,150,0,13,0.02631579,0.5,1,0,0,0.0165293019512106
p9588,2,0.0333333333333333,2.86666666666667,2,54,28,3,600.333333333333,0.12371076,26.5,0.0657894725,1.5,1,1,0,0.0327898228229909
p9589,1,0.0166666666666667,,2,7,6,2,243.5,0.17853613,5,0.02631579,1,0,0,0,0.0165293019512106
p959,3,0.05,23.3083333333333,4,114,54,3,458.333333333333,0,36.6666666666667,0.0526315783333333,0.75,1,1,1,0.048790164169432
p9590,2,0.0333333333333333,41.8166666666667,2,9,7,2,337.5,0.5,28,0.039473685,1,1,0,0,0.0327898228229909
p9591,3,0.05,21.95,4,105,50,3,475,0,34.6666666666667,0.0526315783333333,0.75,1,1,1,0.048790164169432
p9592,1,0.0166666666666667,,2,13,10,2,170.5,0.32264358,9,0.02631579,1,1,1,0,0.0165293019512106
p9593,1,0.0166666666666667,,2,10,9,2,181.5,0.303270965,8,0.02631579,1,1,1,1,0.0165293019512106
p9594,3,0.05,21.1833333333333,4,102,49,3,475,0,33,0.0526315783333333,0.75,1,1,1,0.048790164169432
p9596,1,0.0166666666666667,,2,10,9,1,150,0,9,0.02631579,0.5,0,0,0,0.0165293019512106
p9597,3,0.05,26.0083333333333,3,64,56,3,385,0.333333333333333,39.6666666666667,0.0526315783333333,1,0,0,0,0.048790164169432
p9598,3,0.05,11.325,4,62,29,3,1930,0,20,0.04385965,0.75,0,0,0,0.048790164169432
p96,1,0.0166666666666667,,1,0,0,1,150,1,5,0.02631579,1,0,0,0,0.0165293019512106
p960,1,0.0166666666666667,,2,14,12,2,213,0.19850155,10,0.02631579,1,0,0,0,0.0165293019512106
p9600,1,0.0166666666666667,,2,10,9,1,10,0,7,0.02631579,0.5,1,1,0,0.0165293019512106
p9601,2,0.0333333333333333,39.5166666666667,2,6,5,2,375,0.5,24.5,0.039473685,1,1,1,1,0.0327898228229909
p9602,1,0.0166666666666667,,2,14,12,1,150,0,11,0.02631579,0.5,0,0,0,0.0165293019512106
p9603,1,0.0166666666666667,,2,18,16,1,150,0,14,0.02631579,0.5,1,1,1,0.0165293019512106
p9604,1,0.0166666666666667,,2,18,15,2,195.5,0.095485645,14,0.02631579,1,1,1,1,0.0165293019512106
p9606,1,0.0166666666666667,,2,32,22,1,150,0,21,0.02631579,0.5,0,0,0,0.0165293019512106
p9607,1,0.0166666666666667,,2,9,9,1,150,0,9,0.02631579,0.5,1,1,0,0.0165293019512106
p9608,3,0.05,20.3416666666667,4,96,46,4,543.75,0.07878983,31.3333333333333,0.0526315783333333,1,0,0,0,0.048790164169432
p9609,2,0.0333333333333333,50.6333333333333,2,10,8,2,375,0.5,33.5,0.039473685,1,1,0,0,0.0327898228229909
p961,1,0.0166666666666667,,2,9,8,2,269.5,0.34299797,8,0.02631579,1,1,0,0,0.0165293019512106
p9610,1,0.0166666666666667,,1,21,21,1,150,1,27,0.02631579,1,0,0,0,0.0165293019512106
p9611,1,0.0166666666666667,,2,12,11,2,82,0.098599305,9,0.02631579,1,1,1,1,0.0165293019512106
p9612,1,0.0166666666666667,,2,85,52,1,150,0,41.3333333333333,0.02631579,0.5,1,1,0,0.0165293019512106
p9613,3,0.05,16.4416666666667,4,80,38,3,475,0,26.3333333333333,0.0526315783333333,0.75,1,1,1,0.048790164169432
p9614,3,0.05,16.1666666666667,4,86,40,4,531.25,0.0344957975,27,0.0526315783333333,1,0,0,0,0.048790164169432
p9616,1,0.0166666666666667,,1,2,2,1,125,1,9,0.02631579,1,0,0,0,0.0165293019512106
p9617,2,0.0333333333333333,14.9666666666667,3,45,27,3,192.666666666667,0.10969484,19.5,0.02631579,1,0,0,0,0.0327898228229909
p9618,1,0.0166666666666667,,2,12,10,1,150,0,9,0.02631579,0.5,0,0,0,0.0165293019512106
p9619,1,0.0166666666666667,,2,6,6,1,150,0,6,0.02631579,0.5,1,1,1,0.0165293019512106
p962,2,0.0333333333333333,48.55,3,69,59,2,375,0,33,0.039473685,0.666666666666667,1,0,0,0.0327898228229909
p9620,1,0.0166666666666667,,2,10,9,1,150,0,9,0.02631579,0.5,1,1,0,0.0165293019512106
p9621,1,0.0166666666666667,,2,9,8,2,156,0.0082273885,8,0.02631579,1,0,0,0,0.0165293019512106
p9622,3,0.05,25.1,4,120,57,3,381.666666666667,0,39.6666666666667,0.0526315783333333,0.75,1,1,1,0.048790164169432
p9623,1,0.0166666666666667,,2,10,9,2,249,0.23488475,9,0.02631579,1,1,1,1,0.0165293019512106
p9624,2,0.0333333333333333,23.4833333333333,3,35,22,3,52,0.15636464,21,0.039473685,1,1,1,1,0.0327898228229909
p9625,1,0.0166666666666667,,2,15,15,2,188.5,0.1565298,15,0.02631579,1,1,1,0,0.0165293019512106
p9626,1,0.0166666666666667,,2,12,11,1,150,0,10,0.02631579,0.5,0,0,0,0.0165293019512106
p9627,1,0.0166666666666667,,2,18,14,2,185,0.20616235,13,0.02631579,1,0,0,0,0.0165293019512106
p9628,1,0.0166666666666667,,2,7,6,2,3757.5,0.049948835,5,0.02631579,1,0,0,0,0.0165293019512106
p9629,1,0.0166666666666667,,2,10,8,1,15,,8,0,0.5,1,1,1,0.0165293019512106
p9631,3,0.05,21.2833333333333,4,108,50,3,475,0,34.6666666666667,0.0526315783333333,0.75,1,1,1,0.048790164169432
p9632,1,0.0166666666666667,,2,6,6,1,150,0,6,0.02631579,0.5,1,1,1,0.0165293019512106
p9633,3,0.05,22.425,4,113,53,4,525,0,36,0.0526315783333333,1,1,1,1,0.048790164169432
p9634,0,0,,1,1,1,1,13,0.56900316,,,1,1,1,1,0
p9635,1,0.0166666666666667,,1,1,1,1,150,1,15,0.02631579,1,0,0,0,0.0165293019512106
p9636,1,0.0166666666666667,,2,11,9,1,150,0,8,0.02631579,0.5,1,1,1,0.0165293019512106
p9637,3,0.05,15.75,3,42,35,3,475,0.333333333333333,25,0.0526315783333333,1,1,1,1,0.048790164169432
p9638,1,0.0166666666666667,,2,8,7,2,334.5,0.47590688,6,0.02631579,1,0,0,0,0.0165293019512106
p9639,1,0.0166666666666667,,2,9,8,1,150,0,8,0.02631579,0.5,0,0,0,0.0165293019512106
p964,2,0.0333333333333333,19.2,3,48,29,3,266.333333333333,0.0676148233333333,23.5,0.039473685,1,1,1,0,0.0327898228229909
p9640,1,0.0166666666666667,,2,9,9,2,260,0.23263605,9,0.02631579,1,0,0,0,0.0165293019512106
p9641,1,0.0166666666666667,,2,11,10,1,150,0,9,0.02631579,0.5,1,1,0,0.0165293019512106
p9642,0,0,,1,3,3,0,,,,,0,1,0,0,0
p9643,0,0,,1,7,7,1,57.5,0.42200023,,,1,0,0,0,0
p9644,1,0.0166666666666667,,2,53,31,1,150,0,30,0.02631579,0.5,0,0,0,0.0165293019512106
p9645,3,0.05,25.0333333333333,4,116,56,3,448.333333333333,0,37.6666666666667,0.0526315783333333,0.75,1,0,0,0.048790164169432
p9646,1,0.0166666666666667,,2,13,12,2,204,0.16750622,11,0.02631579,1,1,1,1,0.0165293019512106
p9647,1,0.0166666666666667,,2,11,9,1,150,0,9,0.02631579,0.5,1,1,1,0.0165293019512106
p9648,1,0.0166666666666667,,1,1,1,1,150,1,7,0.02631579,1,0,0,0,0.0165293019512106
p9649,3,0.05,19.9416666666667,3,51,43,3,475,0.333333333333333,32.3333333333333,0.0526315783333333,1,1,1,0,0.048790164169432
p965,1,0.0166666666666667,,2,8,7,2,150,0.0060087695,6,0.02631579,1,0,0,0,0.0165293019512106
p9650,0,0,,2,7,6,2,192,0.102130435,,,1,1,1,1,0
p9651,3,0.05,16.9666666666667,4,86,40,3,428.333333333333,0,27.6666666666667,0.0526315783333333,0.75,1,1,1,0.048790164169432
p9652,0,0,,1,0,0,1,18,0.62828624,,,1,1,1,1,0
p9653,2,0.0333333333333333,39.0333333333333,3,56,47,3,433.333333333333,0.00125825093333333,27,0.039473685,1,1,1,1,0.0327898228229909
p9654,3,0.05,21.3916666666667,4,105,50,3,355,0,34.3333333333333,0.0526315783333333,0.75,0,0,0,0.048790164169432
p9655,1,0.0166666666666667,,2,11,10,1,150,0,10,0.02631579,0.5,0,0,0,0.0165293019512106
p9656,3,0.05,20.825,4,104,50,3,460,0,33.6666666666667,0.0526315783333333,0.75,1,0,0,0.048790164169432
p9657,1,0.0166666666666667,,2,9,7,2,167,0.040227212,6,0.02631579,1,1,1,0,0.0165293019512106
p9658,0,0,,1,1,1,1,14,0.46168575,,,1,0,0,0,0
p9659,0,0,,1,6,6,0,,,,,0,1,1,1,0
p966,1,0.0166666666666667,,2,6,6,2,80.5,0.028433563,6,0.02631579,1,0,0,0,0.0165293019512106
p9660,1,0.0166666666666667,,2,11,9,2,164.5,0.055226695,8,0.02631579,1,0,0,0,0.0165293019512106
p9661,0,0,,1,2,2,0,,,,,0,1,1,0,0
p9662,2,0.0333333333333333,31.75,2,5,5,1,150,0,20.5,0.039473685,0.5,0,0,0,0.0327898228229909
p9663,1,0.0166666666666667,,2,10,9,1,150,0,8,0.02631579,0.5,1,1,1,0.0165293019512106
p9664,0,0,,1,1,1,1,4,0.13247009,,,1,0,0,0,0
p9665,0,0,,1,1,1,1,17,0.7714077,,,1,0,0,0,0
p9666,1,0.0166666666666667,,2,7,6,2,156,0.030592041,5,0.02631579,1,1,1,1,0.0165293019512106
p9667,2,0.0333333333333333,47.8666666666667,2,16,12,1,150,0,35,0.039473685,0.5,0,0,0,0.0327898228229909
p9669,0,0,,1,1,1,1,10,,,,1,0,0,0,0
p967,1,0.0166666666666667,,2,14,12,2,190.5,0.11334046,11,0.02631579,1,0,0,0,0.0165293019512106
p9670,1,0.0166666666666667,,2,17,12,2,150,0.0088221135,11,0.02631579,1,1,1,1,0.0165293019512106
p9671,1,0.0166666666666667,,1,1,1,1,150,1,5,0.02631579,1,0,0,0,0.0165293019512106
p9672,1,0.0166666666666667,,2,15,13,1,150,0,13,0.02631579,0.5,1,1,1,0.0165293019512106
p9673,1,0.0166666666666667,,2,15,14,1,150,0,11,0.02631579,0.5,0,0,0,0.0165293019512106
p9675,1,0.0166666666666667,,2,14,13,2,267,0.27067533,13,0.02631579,1,1,1,1,0.0165293019512106
p9676,1,0.0166666666666667,,2,14,12,1,150,0,11,0.02631579,0.5,0,0,0,0.0165293019512106
p9677,1,0.0166666666666667,,2,47,31,1,150,0,31,0.02631579,0.5,1,1,1,0.0165293019512106
p9678,3,0.05,19.4666666666667,4,95,45,3,385,0,31,0.0526315783333333,0.75,1,1,1,0.048790164169432
p9679,3,0.05,24.025,4,125,59,3,435,0,39.3333333333333,0.0526315783333333,0.75,0,0,0,0.048790164169432
p968,3,0.05,22.6416666666667,4,114,53,3,475,0,36.6666666666667,0.0526315783333333,0.75,0,0,0,0.048790164169432
p9680,2,0.0333333333333333,26.7666666666667,3,48,35,3,279.666666666667,0.0787909233333333,23.5,0.039473685,1,1,0,0,0.0327898228229909
p9681,1,0.0166666666666667,,2,6,5,2,183,0.10503999,5,0.02631579,1,1,1,1,0.0165293019512106
p9684,1,0.0166666666666667,,2,22,17,1,150,0,16,0.02631579,0.5,1,1,1,0.0165293019512106
p9685,2,0.0333333333333333,6.36666666666667,6,151.280000000001,29,6,163.392857142857,0.3005468076,12.5,0.02631579,0.875,0,0,0,0.0327898228229909
p9686,1,0.0166666666666667,,2,12,11,1,60,0,9,0.02631579,0.5,1,1,0,0.0165293019512106
p9687,0,0,,1,1,1,0,,,,,0,1,1,1,0
p9688,3,0.05,22.975,4,108,52,3,475,0,34.6666666666667,0.0526315783333333,0.75,0,0,0,0.048790164169432
p9689,0,0,,1,1,1,1,6,0.6301158,,,1,0,0,0,0
p969,0,0,,1,1,1,1,7,0.5575356,,,1,0,0,0,0
p9690,1,0.0166666666666667,,2,10,9,2,159.5,0.028242415,9,0.02631579,1,1,0,0,0.0165293019512106
p9691,1,0.0166666666666667,,2,8,7,2,165.5,0.0200938115,6,0.02631579,1,0,0,0,0.0165293019512106
p9692,1,0.0166666666666667,,2,10,8,2,126.5,0.05871306,8,0.02631579,1,0,0,0,0.0165293019512106
p9693,1,0.0166666666666667,,2,9,8,1,150,0,7,0.02631579,0.5,1,1,1,0.0165293019512106
p9695,2,0.0333333333333333,50.65,3,69,59,2,375,0,33.5,0.039473685,0.666666666666667,0,0,0,0.0327898228229909
p9696,1,0.0166666666666667,,2,14,12,2,264.5,0.305050075,11,0.02631579,1,1,1,1,0.0165293019512106
p9698,1,0.0166666666666667,,1,1,1,1,150,1,7,0.02631579,1,1,1,1,0.0165293019512106
p9699,0,0,,1,2,2,1,0,0.21645482,,,1,0,0,0,0
p97,0,0,,1,0,0,0,,,,,0,1,0,0,0
p9700,2,0.0333333333333333,6.75,2,13,10,2,67.5,1,12.5,0.02631579,1,1,1,1,0.0327898228229909
p9701,1,0.0166666666666667,,1,1,1,1,85,1,12,0.02631579,1,1,1,1,0.0165293019512106
p9702,1,0.0166666666666667,,2,11,10,1,85,0,9,0.02631579,0.5,1,1,1,0.0165293019512106
p9703,1,0.0166666666666667,,2,6,5,1,150,0,5,0.02631579,0.5,0,0,0,0.0165293019512106
p9705,1,0.0166666666666667,,2,12,10,1,60,0,9,0.02631579,0.5,1,1,1,0.0165293019512106
p9707,1,0.0166666666666667,,2,11,10,1,150,0,9,0.02631579,0.5,1,1,1,0.0165293019512106
p9708,3,0.05,15.2666666666667,4,75,36,4,544.5,0.0567230925,24.3333333333333,0.0526315783333333,1,0,0,0,0.048790164169432
p9709,1,0.0166666666666667,,2,14,13,2,164.5,0.036448892,12,0.02631579,1,1,1,1,0.0165293019512106
p971,1,0.0166666666666667,,2,7,6,1,150,0,5,0.02631579,0.5,1,1,1,0.0165293019512106
p9710,1,0.0166666666666667,,2,31,24,1,135,0,21,0.02631579,0.5,1,1,0,0.0165293019512106
p9711,0,0,,1,1,1,1,4,0.25026,,,1,0,0,0,0
p9712,1,0.0166666666666667,,2,19,17,1,150,0,16,0.02631579,0.5,0,0,0,0.0165293019512106
p9713,1,0.0166666666666667,,2,16,15,1,150,0,15,0.02631579,0.5,1,1,1,0.0165293019512106
p9714,1,0.0166666666666667,,2,13,12,1,150,0,11,0.02631579,0.5,1,1,0,0.0165293019512106
p9715,1,0.0166666666666667,,2,12,10,2,175.5,0.2053958,9,0.02631579,1,1,1,1,0.0165293019512106
p9716,0,0,,1,1,1,1,3,0.22695774,,,1,0,0,0,0
p9717,1,0.0166666666666667,,2,8,7,1,150,0,7,0.02631579,0.5,1,1,0,0.0165293019512106
p9718,1,0.0166666666666667,,2,19,15,1,150,0,14,0.02631579,0.5,0,0,0,0.0165293019512106
p9719,1,0.0166666666666667,,2,39,28,2,170,0.0613080375,28,0.02631579,1,0,0,0,0.0165293019512106
p972,1,0.0166666666666667,,2,18,15,1,150,0,15,0.02631579,0.5,1,0,0,0.0165293019512106
p9720,1,0.0166666666666667,,2,6,6,2,189.5,0.07146001,5,0.02631579,1,1,1,1,0.0165293019512106
p9721,1,0.0166666666666667,,2,8,7,1,150,0,7,0.02631579,0.5,0,0,0,0.0165293019512106
p9722,1,0.0166666666666667,,2,8,7,2,211.5,0.135858925,7,0.02631579,1,1,1,1,0.0165293019512106
p9723,1,0.0166666666666667,,2,8,7,2,177.5,0.0576569475,7,0.02631579,1,1,1,1,0.0165293019512106
p9724,1,0.0166666666666667,,2,14,12,1,150,0,10,0.02631579,0.5,0,0,0,0.0165293019512106
p9725,3,0.05,16.1,4,83,38,3,475,0,27,0.0526315783333333,0.75,0,0,0,0.048790164169432
p9726,1,0.0166666666666667,,2,13,10,1,150,0,10,0.02631579,0.5,1,1,1,0.0165293019512106
p9727,1,0.0166666666666667,,2,15,14,1,150,0,14,0.02631579,0.5,1,1,1,0.0165293019512106
p9728,1,0.0166666666666667,,2,15,12,1,150,0,11,0.02631579,0.5,0,0,0,0.0165293019512106
p9729,1,0.0166666666666667,,2,10,9,1,150,0,8,0.02631579,0.5,0,0,0,0.0165293019512106
p9730,1,0.0166666666666667,,1,1,1,1,150,1,9,0.02631579,1,1,1,1,0.0165293019512106
p9731,0,0,,1,1,1,1,33.75,0.20537302,,,1,0,0,0,0
p9732,0,0,,1,1,1,0,,,,,0,0,0,0,0
p9733,3,0.05,24.8166666666667,3,70,57,2,375,0,41.3333333333333,0.0526315783333333,0.666666666666667,1,0,0,0.048790164169432
p9734,3,0.05,23.825,4,113,55,4,535,0.0335909875,36.6666666666667,0.0526315783333333,1,1,0,0,0.048790164169432
p9735,3,0.05,24.5416666666667,3,67,55,3,475,0.333333333333333,40.3333333333333,0.0526315783333333,1,0,0,0,0.048790164169432
p9736,1,0.0166666666666667,,2,13,11,1,150,0,10,0.02631579,0.5,0,0,0,0.0165293019512106
p9737,1,0.0166666666666667,,2,7,6,1,60,0,5,0.02631579,0.5,0,0,0,0.0165293019512106
p9738,3,0.05,22.7916666666667,3,115,54,3,475,0,37.6666666666667,0.0526315783333333,1,1,1,1,0.048790164169432
p9739,3,0.05,20.4083333333333,4,92,45,3,475,0,30.3333333333333,0.0526315783333333,0.75,0,0,0,0.048790164169432
p974,1,0.0166666666666667,,1,1,1,1,150,1,9,0.02631579,1,1,0,0,0.0165293019512106
p9740,1,0.0166666666666667,,2,8,7,2,150,0.00654472875,6,0.02631579,1,1,1,1,0.0165293019512106
p9741,1,0.0166666666666667,,2,8,7,1,150,0,7,0.02631579,0.5,1,1,1,0.0165293019512106
p9742,2,0.0333333333333333,13.4666666666667,3,50,31,2,157.5,,23.5,0.02631579,0.666666666666667,0,0,0,0.0327898228229909
p9743,1,0.0166666666666667,,2,17,15,1,150,0,14,0.02631579,0.5,1,1,0,0.0165293019512106
p9745,1,0.0166666666666667,,3,12,9,3,81.5833333333333,0.09648126,9,0.02631579,1,1,1,1,0.0165293019512106
p9746,1,0.0166666666666667,,2,24,20,1,10,0,14,0.02631579,0.5,1,1,1,0.0165293019512106
p9748,1,0.0166666666666667,,2,11,9,2,193.5,0.086000325,8,0.02631579,1,0,0,0,0.0165293019512106
p9749,1,0.0166666666666667,,2,31,27,1,150,0,23,0.02631579,0.5,0,0,0,0.0165293019512106
p975,0,0,,1,0,0,1,21,0.4670457,,,1,0,0,0,0
p9750,1,0.0166666666666667,,2,55,34,1,75,0,32,0.02631579,0.5,1,1,1,0.0165293019512106
p9751,3,0.05,21.6333333333333,3,55,47,3,51.6666666666667,0.333333333333333,34,0.0526315783333333,1,1,1,1,0.048790164169432
p9752,2,0.0333333333333333,50.6,3,66,59,2,310,0,31,0.039473685,0.666666666666667,0,0,0,0.0327898228229909
p9753,1,0.0166666666666667,,2,10,9,1,150,0,8,0.02631579,0.5,1,1,1,0.0165293019512106
p9754,0,0,,1,1,1,1,11,0.12488518,,,1,0,0,0,0
p9755,1,0.0166666666666667,,2,12,11,1,150,0,11,0.02631579,0.5,1,1,0,0.0165293019512106
p9756,1,0.0166666666666667,,2,9,8,2,175.5,0.04405955,8,0.02631579,1,1,1,0,0.0165293019512106
p9758,1,0.0166666666666667,,2,14,13,2,214.5,0.16078228,9,0.02631579,1,1,1,1,0.0165293019512106
p9759,1,0.0166666666666667,,2,9,8,2,231.5,0.23187019,7,0.02631579,1,0,0,0,0.0165293019512106
p976,13,0.216666666666667,4.00833333333333,6,151.280000000001,22,6,2894.85746428572,0.0368313928571429,16.8461538461538,0.129561403322221,1,0,0,0,0.19611487892629
p9760,1,0.0166666666666667,,2,11,10,2,169,0.058730875,9,0.02631579,1,1,1,1,0.0165293019512106
p9762,3,0.05,22.45,3,57,49,3,475,0.333333333333333,35,0.0526315783333333,1,1,1,1,0.048790164169432
p9763,2,0.0333333333333333,50.7166666666667,2,10,9,1,60,0,33.5,0.039473685,0.5,1,1,1,0.0327898228229909
p9764,1,0.0166666666666667,,2,4,3,1,150,1,13,0.02631579,0.5,1,1,0,0.0165293019512106
p9765,2,0.0333333333333333,51.0166666666667,2,10,9,1,150,0,33.5,0.039473685,0.5,1,1,1,0.0327898228229909
p9766,1,0.0166666666666667,,2,17,15,2,159.5,0.04231609,13,0.02631579,1,0,0,0,0.0165293019512106
p9767,1,0.0166666666666667,,2,23,21,1,60,0,20,0.02631579,0.5,1,1,0,0.0165293019512106
p9768,2,0.0333333333333333,48.15,3,65,56,2,375,0,31,0.039473685,0.666666666666667,0,0,0,0.0327898228229909
p977,1,0.0166666666666667,,2,8,7,1,150,0,7,0.02631579,0.5,1,0,0,0.0165293019512106
p9770,3,0.05,24.675,3,58,51,3,475,0.333333333333333,36,0.0526315783333333,1,1,0,0,0.048790164169432
p9771,1,0.0166666666666667,,2,9,8,1,150,0,8,0.02631579,0.5,1,0,0,0.0165293019512106
p9773,3,0.05,21.7666666666667,3,56,48,3,441.666666666667,0.333333333333333,34.6666666666667,0.0526315783333333,1,1,1,1,0.048790164169432
p9774,3,0.05,20.325,4,97,46,3,475,0,31.6666666666667,0.0526315783333333,0.75,1,1,1,0.048790164169432
p9775,1,0.0166666666666667,,2,41,38,2,152,0.0062565545,34,0.02631579,1,1,1,1,0.0165293019512106
p9776,2,0.0333333333333333,48.0166666666667,3,68,59,2,337.5,0,30,0.039473685,0.666666666666667,1,1,1,0.0327898228229909
p9777,1,0.0166666666666667,,2,13,12,1,150,0,11,0.02631579,0.5,1,1,1,0.0165293019512106
p9779,1,0.0166666666666667,,2,13,12,2,23.5,0.17866981,11,0.02631579,1,1,1,1,0.0165293019512106
p978,0,0,,1,1,1,0,,,,,0,0,0,0,0
p9780,2,0.0333333333333333,36.9,2,4,4,2,375,0.5,22.5,0.039473685,1,1,1,1,0.0327898228229909
p9781,1,0.0166666666666667,,2,17,14,1,150,0,13,0.02631579,0.5,1,1,1,0.0165293019512106
p9782,3,0.05,19.4333333333333,4,108,50,3,475,0,35.3333333333333,0.0526315783333333,0.75,0,0,0,0.048790164169432
p9783,1,0.0166666666666667,,2,10,10,2,184,0.08636175,9,0.02631579,1,1,0,0,0.0165293019512106
p9785,1,0.0166666666666667,,2,16,14,1,150,0,12,0.02631579,0.5,0,0,0,0.0165293019512106
p9786,1,0.0166666666666667,,2,14,11,1,150,0,10,0.02631579,0.5,1,1,1,0.0165293019512106
p9787,1,0.0166666666666667,,2,12,11,2,197,0.100241525,10,0.02631579,1,0,0,0,0.0165293019512106
p9788,1,0.0166666666666667,,2,14,10,1,150,0,9,0.02631579,0.5,0,0,0,0.0165293019512106
p9789,2,0.0333333333333333,4.23333333333333,3,17,10,3,190,0.169677133333333,8,0.013157895,1,0,0,0,0.0327898228229909
p979,0,0,,1,2,2,1,0,0,,,1,0,0,0,0
p9790,1,0.0166666666666667,,2,7,7,1,150,0,6,0.02631579,0.5,0,0,0,0.0165293019512106
p9791,2,0.0333333333333333,33.9666666666667,2,8,7,2,375,0.5,24,0.039473685,1,1,1,0,0.0327898228229909
p9792,1,0.0166666666666667,,2,9,8,1,150,0,8,0.02631579,0.5,1,1,1,0.0165293019512106
p9793,1,0.0166666666666667,,2,6,5,2,156,0.0096410915,5,0.02631579,1,1,0,0,0.0165293019512106
p9794,1,0.0166666666666667,,2,12,11,2,153,0.08390996,10,0.02631579,1,0,0,0,0.0165293019512106
p9795,1,0.0166666666666667,,2,13,11,1,150,0,11,0.02631579,0.5,1,1,1,0.0165293019512106
p9796,1,0.0166666666666667,,2,6,6,1,150,0,5,0.02631579,0.5,0,0,0,0.0165293019512106
p9797,1,0.0166666666666667,,2,9,8,2,234,0.22204104,7,0.02631579,1,0,0,0,0.0165293019512106
p9798,3,0.05,22.5583333333333,4,117,54,3,460,0,37,0.0526315783333333,0.75,1,1,1,0.048790164169432
p9799,1,0.0166666666666667,,2,12,11,2,199.5,0.16783908,11,0.02631579,1,0,0,0,0.0165293019512106
p98,2,0.0333333333333333,40.05,2,9,8,2,375,0.5,27,0.039473685,1,0,0,0,0.0327898228229909
p980,1,0.0166666666666667,,2,16,15,2,149,0.09714056,15,0.02631579,1,1,1,0,0.0165293019512106
p9800,3,0.05,24.4083333333333,4,77,57,4,269.25,0.0550646,25.6666666666667,0.0526315783333333,1,0,0,0,0.048790164169432
p9801,2,0.0333333333333333,36.4166666666667,3,52,44,2,8260.32948996292,0,25.5,0.039473685,0.666666666666667,1,1,1,0.0327898228229909
p9802,2,0.0333333333333333,23.75,2,15,14,2,90,0.5,25,0.013157895,1,0,0,0,0.0327898228229909
p9805,0,0,,1,0,0,0,,,,,0,0,0,0,0
p9806,1,0.0166666666666667,,2,39,38,2,166,0.034316895,5,0.02631579,1,1,1,1,0.0165293019512106
p9807,1,0.0166666666666667,,2,13,10,1,150,0,9,0.02631579,0.5,0,0,0,0.0165293019512106
p9808,2,0.0333333333333333,46.5333333333333,3,64,55,2,337.5,0,30.5,0.039473685,0.666666666666667,1,1,1,0.0327898228229909
p9809,1,0.0166666666666667,,2,7,6,2,150,0,6,0.02631579,1,1,1,0,0.0165293019512106
p981,0,0,,1,1,1,1,10,0.415803,,,1,1,1,1,0
p9811,12,0.2,2.10454545454545,6,102,22,6,8260.32948996292,0.0833333333333333,9.41666666666667,0.129561403322221,1,0,0,0,0.182321556793955
p9812,1,0.0166666666666667,,2,11,10,2,188.5,0.06981354,9,0.02631579,1,0,0,0,0.0165293019512106
p9814,1,0.0166666666666667,,2,11,10,2,299,0.40702645,9,0.02631579,1,1,1,1,0.0165293019512106
p9815,3,0.05,18.4416666666667,4,96,44,3,475,0,31,0.0526315783333333,0.75,0,0,0,0.048790164169432
p9816,2,0.0333333333333333,40.4333333333333,3,56,48,2,337.5,0,26.5,0.039473685,0.666666666666667,1,1,1,0.0327898228229909
p9817,1,0.0166666666666667,,2,4,4,1,150,0,4.9225,0.02631579,0.5,1,1,0,0.0165293019512106
p9818,1,0.0166666666666667,,2,8,7,2,157,0.18698904,5,0.02631579,1,0,0,0,0.0165293019512106
p9819,0,0,,1,2,2,1,20,0.2354303,,,1,0,0,0,0
p982,1,0.0166666666666667,,2,6,5,2,321,0.44534442,5,0.02631579,1,1,1,0,0.0165293019512106
p9820,3,0.05,13.8083333333333,3,44,34,3,1772.7993,0.333333333333333,26,0.0526315783333333,1,1,1,1,0.048790164169432
p9821,1,0.0166666666666667,,2,32,30,1,10,0,28,0.02631579,0.5,1,1,1,0.0165293019512106
p9822,0,0,,1,2,2,1,7,0.09564796,,,1,0,0,0,0
p9823,1,0.0166666666666667,,2,8,7,1,150,0,7,0.02631579,0.5,1,1,1,0.0165293019512106
p9824,1,0.0166666666666667,,2,31,30,2,183.5,0.133452015,30,0.02631579,1,0,0,0,0.0165293019512106
p9825,4,0.0666666666666667,16.0611111111111,5,151.280000000001,59,4,503.75,0,40.75,0.059210525,0.8,1,1,1,0.0645385211375712
p9827,1,0.0166666666666667,,1,2,2,2,75,0.5032084058,8,0.02631579,2,0,0,0,0.0165293019512106
p9828,0,0,,1,2,2,1,38,0.87462366,,,1,1,1,1,0
p9829,1,0.0166666666666667,,4,24,10,4,155.25,0.0344505606666667,6,0.02631579,1,0,0,0,0.0165293019512106
p983,1,0.0166666666666667,,2,9,8,2,275,0.32498735,8,0.02631579,1,1,1,1,0.0165293019512106
p9830,1,0.0166666666666667,,2,14,10,1,150,0,10,0.02631579,0.5,1,1,1,0.0165293019512106
p9831,1,0.0166666666666667,,1,1,1,1,150,1,6,0.02631579,1,0,0,0,0.0165293019512106
p9832,1,0.0166666666666667,,1,3,3,1,150,1,10,0.02631579,1,0,0,0,0.0165293019512106
p9833,3,0.05,14.0166666666667,3,37,30,3,1510.83333333333,0.333333333333333,22,0.0526315783333333,1,0,0,0,0.048790164169432
p9834,3,0.05,19.9916666666667,4,128,54,3,441.666666666667,0,38.6666666666667,0.0526315783333333,0.75,1,1,1,0.048790164169432
p9835,3,0.05,24.4333333333333,4,122,58,3,441.666666666667,0,40,0.0526315783333333,0.75,0,0,0,0.048790164169432
p9836,1,0.0166666666666667,,2,7,6,2,171.5,0.15180425,5,0.02631579,1,0,0,0,0.0165293019512106
p9837,1,0.0166666666666667,,2,10,9,2,125,0.2746144,7,0.02631579,1,0,0,0,0.0165293019512106
p9838,3,0.05,19.5166666666667,4,102,47,3,475,0,32.3333333333333,0.0526315783333333,0.75,1,1,1,0.048790164169432
p9839,1,0.0166666666666667,,2,5,5,2,191,0.070342175,5,0.02631579,1,1,1,1,0.0165293019512106
p984,1,0.0166666666666667,,2,13,12,1,15,,12,0,0.5,1,1,1,0.0165293019512106
p9840,1,0.0166666666666667,,2,11,10,1,0,0,9,0.02631579,0.5,1,0,0,0.0165293019512106
p9841,1,0.0166666666666667,,2,10,9,2,185,0.07065551,8,0.02631579,1,1,1,1,0.0165293019512106
p9842,3,0.05,21.9916666666667,4,107,51,3,441.666666666667,0,34.6666666666667,0.0526315783333333,0.75,1,0,0,0.048790164169432
p9843,1,0.0166666666666667,,2,14,14,1,150,1,26,0.02631579,0.5,1,1,0,0.0165293019512106
p9845,1,0.0166666666666667,,2,9,8,1,150,0,7,0.02631579,0.5,1,0,0,0.0165293019512106
p9846,0,0,,1,1,1,1,1,0.047967996,,,1,0,0,0,0
p9848,1,0.0166666666666667,,2,18,15,1,150,0,14,0.02631579,0.5,1,1,1,0.0165293019512106
p9849,1,0.0166666666666667,,2,6,6,3,247.333333333333,0.279080966666667,6,0.02631579,1.5,0,0,0,0.0165293019512106
p9850,1,0.0166666666666667,,2,11,10,1,0,0,8,0.02631579,0.5,1,1,1,0.0165293019512106
p9851,1,0.0166666666666667,,2,15,14,2,171,0.0434634575,14,0.02631579,1,0,0,0,0.0165293019512106
p9852,1,0.0166666666666667,,2,8,7,2,196.5,0.14494246,7,0.02631579,1,0,0,0,0.0165293019512106
p9853,1,0.0166666666666667,,2,27,24,1,150,0,16,0.02631579,0.5,1,1,0,0.0165293019512106
p9855,1,0.0166666666666667,,1,1,1,1,150,1,9,0.02631579,1,0,0,0,0.0165293019512106
p9856,1,0.0166666666666667,,2,7,7,1,150,0,7,0.02631579,0.5,0,0,0,0.0165293019512106
p9857,1,0.0166666666666667,,2,11,10,1,150,0,9,0.02631579,0.5,1,1,1,0.0165293019512106
p9858,1,0.0166666666666667,,2,7,6,2,185,0.159301325,6,0.02631579,1,0,0,0,0.0165293019512106
p9859,1,0.0166666666666667,,2,11,9,2,159.5,0.0286150465,9,0.02631579,1,1,1,1,0.0165293019512106
p986,3,0.05,17.0916666666667,5,122,46,4,238.5,0,29,0.04385965,0.8,1,1,1,0.048790164169432
p9860,3,0.05,20.4333333333333,3,32,27,3,8260.32948996292,0.333333333333333,24.3333333333333,0.0526315783333333,1,0,0,0,0.048790164169432
p9861,1,0.0166666666666667,,2,10,9,2,160.5,0.03718554,8,0.02631579,1,1,0,0,0.0165293019512106
p9862,2,0.0333333333333333,39.85,2,9,7,2,375,0.5,26,0.039473685,1,1,1,1,0.0327898228229909
p9863,1,0.0166666666666667,,2,10,9,1,150,0,8,0.02631579,0.5,0,0,0,0.0165293019512106
p9864,3,0.05,16.5333333333333,4,79,38,3,425,0,25.6666666666667,0.0526315783333333,0.75,1,1,1,0.048790164169432
p9865,1,0.0166666666666667,,2,12,10,1,150,0,9,0.02631579,0.5,1,1,1,0.0165293019512106
p9866,1,0.0166666666666667,,2,10,9,1,150,0,8,0.02631579,0.5,1,1,1,0.0165293019512106
p9867,1,0.0166666666666667,,2,8,7,1,150,0,7,0.02631579,0.5,1,1,1,0.0165293019512106
p9868,37,0.616666666666667,1.03796296296296,6,151.280000000001,40,6,5535.1053,0.0262741305263158,19.1351351351351,0.129561403322221,1,0,0,0,0.480366416281282
p9869,1,0.0166666666666667,,1,1,1,1,150,1,8,0.02631579,1,0,0,0,0.0165293019512106
p987,1,0.0166666666666667,,2,13,9,1,150,0,8,0.02631579,0.5,0,0,0,0.0165293019512106
p9870,1,0.0166666666666667,,3,16,9,3,133.083333333333,0.20157385,6,0.02631579,1,1,1,1,0.0165293019512106
p9872,1,0.0166666666666667,,2,20,18,1,150,0,16,0.02631579,0.5,1,0,0,0.0165293019512106
p9873,2,0.0333333333333333,45.6333333333333,3,63,54,3,450,0.00796452,31,0.039473685,1,1,0,0,0.0327898228229909
p9874,3,0.05,21.3666666666667,3,54,46,3,410,0.333333333333333,33.6666666666667,0.0526315783333333,1,0,0,0,0.048790164169432
p9876,1,0.0166666666666667,,2,8,7,2,151,0.00532432,6,0.02631579,1,0,0,0,0.0165293019512106
p9877,1,0.0166666666666667,,2,9,8,1,150,0,7,0.02631579,0.5,0,0,0,0.0165293019512106
p9878,1,0.0166666666666667,,2,11,10,1,150,0,9,0.02631579,0.5,1,1,0,0.0165293019512106
p9879,0,0,,1,0,0,0,,,,,0,1,1,1,0
p988,3,0.05,15.8416666666667,4,80,37,3,441.666666666667,0,26.3333333333333,0.0526315783333333,0.75,1,0,0,0.048790164169432
p9880,1,0.0166666666666667,,2,13,12,1,60,0,7,0.02631579,0.5,1,1,0,0.0165293019512106
p9881,2,0.0333333333333333,45.1666666666667,2,15,11,1,150,0,33,0.039473685,0.5,1,1,1,0.0327898228229909
p9882,1,0.0166666666666667,,2,15,11,1,150,0,10,0.02631579,0.5,1,1,1,0.0165293019512106
p9883,0,0,,1,0,0,1,0,0,,,1,0,0,0,0
p9884,1,0.0166666666666667,,2,9,8,1,150,0,7,0.02631579,0.5,1,1,1,0.0165293019512106
p9885,3,0.05,25.5833333333333,4,116,56,3,448.333333333333,0,37.6666666666667,0.0526315783333333,0.75,0,0,0,0.048790164169432
p9886,1,0.0166666666666667,,2,12,10,2,174,0.12029004,9,0.02631579,1,0,0,0,0.0165293019512106
p9887,2,0.0333333333333333,46.65,2,11,9,1,150,0,32,0.039473685,0.5,1,1,1,0.0327898228229909
p9888,4,0.0666666666666667,16.3,6,149,56,5,330,0,32.5,0.03947368375,0.833333333333333,1,1,1,0.0645385211375712
p9889,2,0.0333333333333333,49.7833333333333,3,67,58,2,330,0,32,0.039473685,0.666666666666667,1,1,1,0.0327898228229909
p989,0,0,,1,1,1,1,30,0.5173419,,,1,0,0,0,0
p9890,2,0.0333333333333333,41.05,2,8,7,2,375,0.5,27.5,0.039473685,1,1,1,1,0.0327898228229909
p9891,1,0.0166666666666667,,1,1,1,1,150,1,8,0.02631579,1,1,1,1,0.0165293019512106
p9892,0,0,,2,49,48,2,8260.32948996292,0.126080385,,,1,1,1,1,0
p9893,1,0.0166666666666667,,2,62,37,1,150,0,37,0.02631579,0.5,1,1,1,0.0165293019512106
p9894,3,0.05,15.8666666666667,4,134,51,3,475,0,38.3333333333333,0.0526315783333333,0.75,1,1,1,0.048790164169432
p9895,0,0,,1,1,1,1,2,0.11578939,,,1,0,0,0,0
p9896,0,0,,1,2,2,1,14,0.38164222,,,1,1,1,1,0
p9897,1,0.0166666666666667,,2,38,34,1,50,0,34,0.02631579,0.5,0,0,0,0.0165293019512106
p9898,2,0.0333333333333333,37.3166666666667,3,54,45,2,375,0,25.5,0.039473685,0.666666666666667,0,0,0,0.0327898228229909
p99,0,0,,1,1,1,1,0,0.031754598,,,1,0,0,0,0
p9900,3,0.05,23.575,3,58,50,3,475,0.333333333333333,37,0.0526315783333333,1,0,0,0,0.048790164169432
p9901,1,0.0166666666666667,,2,15,13,2,178,0.12688595,12,0.02631579,1,1,1,1,0.0165293019512106
p9902,1,0.0166666666666667,,2,13,12,1,150,0,12,0.02631579,0.5,0,0,0,0.0165293019512106
p9903,1,0.0166666666666667,,2,33,31,1,150,0,30,0.02631579,0.5,0,0,0,0.0165293019512106
p9904,1,0.0166666666666667,,2,9,8,1,150,0,7,0.02631579,0.5,0,0,0,0.0165293019512106
p9906,2,0.0333333333333333,10.1,4,73,30,3,65,0,25,0.013157895,0.75,1,1,1,0.0327898228229909
p9907,0,0,,1,1,1,1,31,0.42725798,,,1,0,0,0,0
p9908,1,0.0166666666666667,,2,12,11,2,169.5,0.13859312,10,0.02631579,1,0,0,0,0.0165293019512106
p9909,2,0.0333333333333333,49.0833333333333,3,67,57,2,375,0,31.5,0.039473685,0.666666666666667,1,1,0,0.0327898228229909
p991,1,0.0166666666666667,,2,14,13,1,150,0,12,0.02631579,0.5,0,0,0,0.0165293019512106
p9910,1,0.0166666666666667,,2,16,15,1,150,0,15,0.02631579,0.5,1,0,0,0.0165293019512106
p9911,1,0.0166666666666667,,2,10,9,1,150,0,8,0.02631579,0.5,1,1,1,0.0165293019512106
p9912,1,0.0166666666666667,,2,17,13,1,150,0,12,0.02631579,0.5,1,1,1,0.0165293019512106
p9913,2,0.0333333333333333,47.0166666666667,3,66,56,2,375,0,31.5,0.039473685,0.666666666666667,1,1,1,0.0327898228229909
p9914,2,0.0333333333333333,43.3666666666667,3,58,51,2,122.5,0,26.5,0.039473685,0.666666666666667,1,1,1,0.0327898228229909
p9915,1,0.0166666666666667,,1,1,1,1,150,1,6,0.02631579,1,1,1,1,0.0165293019512106
p9916,1,0.0166666666666667,,2,13,10,1,150,0,10,0.02631579,0.5,0,0,0,0.0165293019512106
p9919,1,0.0166666666666667,,1,1,1,1,150,1,5,0.02631579,1,0,0,0,0.0165293019512106
p992,1,0.0166666666666667,,2,10,9,1,60,0,8,0.02631579,0.5,1,0,0,0.0165293019512106
p9920,1,0.0166666666666667,,2,12,10,2,233,0.243104785,9,0.02631579,1,1,1,1,0.0165293019512106
p9921,1,0.0166666666666667,,2,9,9,2,148.5,0.16649598,8,0.02631579,1,1,1,1,0.0165293019512106
p9922,2,0.0333333333333333,39.4,2,9,7,2,375,0.5,26.5,0.039473685,1,1,1,1,0.0327898228229909
p9923,1,0.0166666666666667,,2,11,10,1,150,0,9,0.02631579,0.5,0,0,0,0.0165293019512106
p9925,0,0,,1,8,8,1,14.5,0.88886476,,,1,0,0,0,0
p9926,2,0.0333333333333333,50.6,3,66,58,2,375,0,32.5,0.039473685,0.666666666666667,0,0,0,0.0327898228229909
p9928,1,0.0166666666666667,,2,54,51,1,150,0,41.3333333333333,0.02631579,0.5,0,0,0,0.0165293019512106
p9929,2,0.0333333333333333,50.1666666666667,2,9,8,2,330,0.5,32,0.039473685,1,1,1,1,0.0327898228229909
p993,1,0.0166666666666667,,3,23,15,2,31.625,0,14,0.02631579,0.666666666666667,0,0,0,0.0165293019512106
p9930,1,0.0166666666666667,,2,10,9,2,176.5,0.13956836,8,0.02631579,1,1,1,1,0.0165293019512106
p9931,2,0.0333333333333333,46.0333333333333,3,72,58,2,375,0,34,0.039473685,0.666666666666667,1,1,0,0.0327898228229909
p9933,1,0.0166666666666667,,2,14,11,1,150,0,10,0.02631579,0.5,0,0,0,0.0165293019512106
p9934,1,0.0166666666666667,,2,17,12,1,150,0,12,0.02631579,0.5,1,1,1,0.0165293019512106
p9935,1,0.0166666666666667,,2,10,9,2,233,0.234011575,8,0.02631579,1,1,0,0,0.0165293019512106
p9936,1,0.0166666666666667,,2,13,9,1,150,0,9,0.02631579,0.5,1,1,0,0.0165293019512106
p9937,1,0.0166666666666667,,2,24,18,1,150,0,16,0.02631579,0.5,1,1,0,0.0165293019512106
p9938,2,0.0333333333333333,8.05,3,36,21,3,86.3333333333333,0.0604961466666667,16,0.013157895,1,1,1,1,0.0327898228229909
p9939,3,0.05,25.075,3,67,56,3,365,0.333333333333333,40,0.0526315783333333,1,1,1,1,0.048790164169432
p994,3,0.05,22.8083333333333,3,56,47,3,330,0.333333333333333,34.6666666666667,0.0526315783333333,1,1,1,1,0.048790164169432
p9941,1,0.0166666666666667,,2,20,15,1,150,0,15,0.02631579,0.5,0,0,0,0.0165293019512106
p9942,1,0.0166666666666667,,2,6,5,2,258.5,0.24979565,4.9225,0.02631579,1,0,0,0,0.0165293019512106
p9943,1,0.0166666666666667,,2,11,9,1,150,0,8,0.02631579,0.5,1,1,1,0.0165293019512106
p9945,1,0.0166666666666667,,2,15,13,1,150,0,13,0.02631579,0.5,1,1,1,0.0165293019512106
p9946,3,0.05,25.2666666666667,3,61,54,3,475,0.333333333333333,38,0.0526315783333333,1,1,0,0,0.048790164169432
p9947,3,0.05,22.025,4,119,54,3,475,0,37,0.0526315783333333,0.75,0,0,0,0.048790164169432
p9948,1,0.0166666666666667,,2,14,11,2,218,0.2543201,11,0.02631579,1,1,1,1,0.0165293019512106
p9949,2,0.0333333333333333,50.25,3,70,59,2,362.5,0,33.5,0.039473685,0.666666666666667,0,0,0,0.0327898228229909
p995,3,0.05,25.3583333333333,3,67,57,2,342.5,0,41.3333333333333,0.0526315783333333,0.666666666666667,1,1,1,0.048790164169432
p9950,3,0.05,22.4416666666667,4,105,51,4,513.25,0.0636807075,34.6666666666667,0.0526315783333333,1,1,1,0,0.048790164169432
p9951,1,0.0166666666666667,,2,18,13,2,208,0.095796035,13,0.02631579,1,0,0,0,0.0165293019512106
p9952,4,0.0666666666666667,12.3277777777778,4,32,14,4,675,0.25,17.75,0.06578947375,1,0,0,0,0.0645385211375712
p9953,0,0,,1,1,1,1,0,0.087075345,,,1,0,0,0,0
p9954,1,0.0166666666666667,,2,11,10,2,230,0.32402128,9,0.02631579,1,1,1,1,0.0165293019512106
p9955,2,0.0333333333333333,42.85,2,14,10,2,375,0.5,30.5,0.039473685,1,1,1,1,0.0327898228229909
p9956,1,0.0166666666666667,,2,8,8,2,164.5,0.07854993,7,0.02631579,1,0,0,0,0.0165293019512106
p9958,0,0,,2,16,15,2,7.25,0.361680625,,,1,1,1,0,0
p9959,1,0.0166666666666667,,2,17,13,1,150,0,12,0.02631579,0.5,1,1,1,0.0165293019512106
p996,1,0.0166666666666667,,1,1,1,1,150,1,6,0.02631579,1,1,1,1,0.0165293019512106
p9960,2,0.0333333333333333,3.6,4,98,43,4,480,0.06189111,41.3333333333333,0.0657894725,1,1,1,0,0.0327898228229909
p9961,2,0.0333333333333333,33.1,2,6,6,2,330,0.5,21.5,0.039473685,1,0,0,0,0.0327898228229909
p9962,0,0,,1,1,1,1,0,0.02103651,,,1,0,0,0,0
p9963,3,0.05,23.5083333333333,4,113,54,3,420,0,36.3333333333333,0.0526315783333333,0.75,1,0,0,0.048790164169432
p9964,3,0.05,22.8666666666667,3,63,52,3,475,0.333333333333333,38.6666666666667,0.0526315783333333,1,1,1,0,0.048790164169432
p9965,3,0.05,18.7833333333333,4,93,44,3,385,0,30,0.0526315783333333,0.75,1,1,1,0.048790164169432
p9966,1,0.0166666666666667,,2,6,5,2,232,0.2974411,5,0.02631579,1,1,0,0,0.0165293019512106
p9967,3,0.05,19.3333333333333,4,96,46,3,475,0,31,0.0526315783333333,0.75,0,0,0,0.048790164169432
p9968,1,0.0166666666666667,,2,14,13,1,150,0,13,0.02631579,0.5,1,1,1,0.0165293019512106
p9969,3,0.05,24.9916666666667,3,62,54,3,475,0.333333333333333,39,0.0526315783333333,1,0,0,0,0.048790164169432
p997,1,0.0166666666666667,,2,20,15,2,269,0.27950095,15,0.02631579,1,1,1,1,0.0165293019512106
p9970,1,0.0166666666666667,,2,11,10,2,113,0.1857773,9,0.02631579,1,0,0,0,0.0165293019512106
p9971,2,0.0333333333333333,48,3,64,55,2,330,0,31,0.039473685,0.666666666666667,1,1,1,0.0327898228229909
p9972,1,0.0166666666666667,,1,0,0,1,150,1,8,0.02631579,1,0,0,0,0.0165293019512106
p9973,1,0.0166666666666667,,2,9,8,2,167,0.041629188,7,0.02631579,1,0,0,0,0.0165293019512106
p9974,1,0.0166666666666667,,2,9,8,1,150,0,8,0.02631579,0.5,0,0,0,0.0165293019512106
p9975,1,0.0166666666666667,,2,12,11,1,150,0,11,0.02631579,0.5,1,1,1,0.0165293019512106
p9976,1,0.0166666666666667,,2,7,4,3,113.333333333333,0.272059341666667,4.9225,0.02631579,1.5,0,0,0,0.0165293019512106
p9977,1,0.0166666666666667,,2,11,9,2,175,0.171938375,8,0.02631579,1,0,0,0,0.0165293019512106
p9979,1,0.0166666666666667,,2,14,12,1,150,0,12,0.02631579,0.5,1,1,1,0.0165293019512106
p998,1,0.0166666666666667,,2,11,9,1,150,0,8,0.02631579,0.5,1,0,0,0.0165293019512106
p9981,2,0.0333333333333333,9,4,33,17,4,196.8125,0.170667403333333,10.5,0.02631579,1,1,1,1,0.0327898228229909
p9982,1,0.0166666666666667,,2,10,9,1,125,0,9,0.02631579,0.5,0,0,0,0.0165293019512106
p9983,1,0.0166666666666667,,2,10,9,1,150,0,8,0.02631579,0.5,1,1,1,0.0165293019512106
p9984,1,0.0166666666666667,,1,1,1,1,150,1,5,0.02631579,1,0,0,0,0.0165293019512106
p9986,1,0.0166666666666667,,1,1,1,1,150,1,8,0.02631579,1,0,0,0,0.0165293019512106
p9987,4,0.0666666666666667,13.3666666666667,5,110,46,4,405,0,27,0.04605263125,0.8,1,1,0,0.0645385211375712
p9988,1,0.0166666666666667,,2,22,15,1,150,0,14,0.02631579,0.5,1,1,1,0.0165293019512106
p9989,2,0.0333333333333333,50.85,2,9,8,2,375,0.5,33.5,0.039473685,1,0,0,0,0.0327898228229909
p999,1,0.0166666666666667,,2,12,10,1,150,0,10,0.02631579,0.5,0,0,0,0.0165293019512106
p9990,2,0.0333333333333333,39.0666666666667,2,7,6,2,375,0.5,25.5,0.039473685,1,1,1,1,0.0327898228229909
p9991,3,0.05,16.1833333333333,4,73,42,4,244.25,0.1516529625,24.3333333333333,0.02631579,1,1,0,0,0.048790164169432
p9992,1,0.0166666666666667,,2,15,13,1,150,0,13,0.02631579,0.5,0,0,0,0.0165293019512106
p9993,9,0.15,1.71666666666667,6,101,18,6,8260.32948996292,0.166666666666667,12.6666666666667,0.114035085,1,0,0,0,0.139761942375159
p9994,1,0.0166666666666667,,2,12,10,2,156,0.216293335,9,0.02631579,1,1,1,1,0.0165293019512106
p9996,1,0.0166666666666667,,2,10,8,2,182,0.32100165,7,0.02631579,1,1,0,0,0.0165293019512106
p9997,0,0,,1,2,2,1,1,0.15740682,,,1,0,0,0,0
p9998,1,0.0166666666666667,,2,12,11,1,150,0,11,0.02631579,0.5,1,1,1,0.0165293019512106
